airline,source_city,destination_city,departure_time,arrival_time,stops,class,duration,days_left,price
Air India,Hyderabad,Chennai,05:00,10:24,1,Economy,10.12,18,8356
SpiceJet,Bangalore,Kolkata,04:00,06:40,2,Business,2.41,2,26621
Indigo,Kolkata,Hyderabad,11:00,17:21,0,Economy,2.02,33,4692
Vistara,Delhi,Mumbai,04:00,08:16,1,Economy,2.25,26,6995
Indigo,Delhi,Chennai,06:00,10:02,1,Business,5.21,16,19950
Vistara,Hyderabad,Kolkata,15:00,17:39,1,Business,7.75,13,22838
Air India,Kolkata,Delhi,13:00,17:55,1,Business,7.11,27,21508
SpiceJet,Kolkata,Bangalore,05:00,11:41,1,Economy,2.26,47,5602
SpiceJet,Kolkata,Delhi,09:00,11:10,2,Economy,13.11,39,8659
AirAsia,Delhi,Kolkata,22:00,03:01,2,Economy,11.44,5,12995
Air India,Chennai,Mumbai,19:00,21:00,1,Economy,11.88,9,9661
GO FIRST,Mumbai,Chennai,13:00,15:56,0,Economy,4.65,19,7344
Vistara,Kolkata,Mumbai,04:00,07:14,1,Economy,14.24,35,9880
SpiceJet,Kolkata,Delhi,08:00,12:34,0,Economy,11.21,4,11398
SpiceJet,Mumbai,Chennai,00:00,02:24,2,Economy,11.44,49,8397
Vistara,Mumbai,Kolkata,18:00,00:13,0,Business,3.61,43,16707
Vistara,Kolkata,Delhi,17:00,19:47,0,Economy,14.07,28,8474
GO FIRST,Hyderabad,Chennai,16:00,20:58,2,Economy,7.99,25,9439
Air India,Delhi,Bangalore,10:00,13:56,1,Economy,6.93,11,9369
SpiceJet,Hyderabad,Bangalore,12:00,15:35,2,Business,13.28,47,22139
Vistara,Hyderabad,Bangalore,17:00,21:40,0,Economy,3.18,18,6943
AirAsia,Kolkata,Hyderabad,22:00,02:53,0,Economy,6.53,21,7037
Vistara,Hyderabad,Bangalore,01:00,07:57,0,Economy,7.14,3,8802
GO FIRST,Bangalore,Hyderabad,22:00,03:21,0,Economy,9.24,24,7251
Air India,Chennai,Delhi,01:00,05:13,2,Economy,8.61,27,10538
AirAsia,Delhi,Mumbai,08:00,10:36,0,Economy,11.81,11,9177
GO FIRST,Hyderabad,Chennai,20:00,22:42,1,Economy,12.26,5,11882
AirAsia,Kolkata,Hyderabad,11:00,13:25,2,Economy,9.06,44,8215
GO FIRST,Chennai,Kolkata,11:00,17:39,1,Economy,14.32,45,9127
Air India,Kolkata,Delhi,23:00,05:00,0,Economy,2.76,36,4201
Air India,Kolkata,Chennai,19:00,23:24,1,Economy,13.3,8,10989
GO FIRST,Kolkata,Bangalore,04:00,07:29,1,Economy,7.44,19,9411
Indigo,Delhi,Bangalore,14:00,18:05,1,Business,3.16,15,22022
AirAsia,Hyderabad,Delhi,07:00,11:55,1,Economy,11.8,44,8577
AirAsia,Mumbai,Chennai,14:00,16:51,2,Economy,6.66,43,8942
Indigo,Chennai,Delhi,15:00,17:50,0,Economy,9.66,19,7495
Air India,Mumbai,Hyderabad,15:00,20:35,2,Business,12.3,48,20115
SpiceJet,Delhi,Kolkata,01:00,04:24,2,Economy,9.93,34,10749
SpiceJet,Delhi,Hyderabad,01:00,05:42,0,Economy,11.28,20,7061
Vistara,Mumbai,Bangalore,04:00,10:42,1,Economy,10.77,4,9222
Indigo,Kolkata,Bangalore,18:00,22:19,2,Economy,9.38,38,9228
GO FIRST,Chennai,Bangalore,15:00,17:08,1,Business,14.01,18,22148
Indigo,Delhi,Mumbai,05:00,09:17,1,Economy,4.47,48,6296
SpiceJet,Mumbai,Hyderabad,19:00,00:36,2,Economy,11.67,4,11731
Air India,Delhi,Mumbai,04:00,10:32,2,Economy,11.49,31,11591
Indigo,Delhi,Bangalore,23:00,03:02,0,Economy,10.57,17,9936
SpiceJet,Mumbai,Kolkata,16:00,19:26,0,Economy,7.22,9,8071
AirAsia,Bangalore,Delhi,15:00,18:25,0,Economy,4.1,28,5361
Vistara,Chennai,Bangalore,18:00,22:09,2,Economy,10.11,16,13416
Air India,Chennai,Hyderabad,19:00,21:18,1,Economy,9.45,41,6872
GO FIRST,Delhi,Chennai,06:00,10:05,2,Economy,10.81,47,9523
AirAsia,Delhi,Kolkata,13:00,19:57,2,Economy,4.91,41,6332
Air India,Bangalore,Kolkata,04:00,07:43,2,Economy,13.6,4,11782
GO FIRST,Mumbai,Kolkata,03:00,06:51,1,Economy,14.53,18,9491
Indigo,Delhi,Hyderabad,00:00,02:59,2,Economy,8.82,3,13274
Indigo,Delhi,Bangalore,01:00,03:31,2,Economy,13.64,43,8638
SpiceJet,Hyderabad,Chennai,14:00,17:53,1,Economy,2.91,21,7111
Air India,Kolkata,Hyderabad,12:00,18:51,1,Economy,13.8,33,9224
GO FIRST,Delhi,Hyderabad,17:00,23:42,0,Economy,4.06,22,7341
GO FIRST,Delhi,Bangalore,12:00,18:50,0,Business,11.21,30,22379
GO FIRST,Mumbai,Hyderabad,15:00,17:00,0,Economy,8.79,16,8029
Air India,Kolkata,Hyderabad,13:00,18:23,1,Economy,10.16,44,8488
AirAsia,Kolkata,Hyderabad,09:00,15:26,0,Economy,6.29,13,8329
GO FIRST,Hyderabad,Chennai,08:00,13:57,0,Economy,4.39,35,4409
SpiceJet,Bangalore,Kolkata,04:00,10:41,1,Economy,2.08,32,5791
GO FIRST,Kolkata,Hyderabad,01:00,07:16,0,Business,7.82,14,17017
Indigo,Hyderabad,Mumbai,17:00,21:51,2,Economy,4.26,40,8247
AirAsia,Hyderabad,Kolkata,10:00,16:04,0,Economy,6.84,42,5623
SpiceJet,Hyderabad,Mumbai,20:00,02:09,1,Economy,13.93,44,9051
Vistara,Bangalore,Mumbai,22:00,04:27,1,Business,5.07,25,19001
Air India,Delhi,Bangalore,02:00,08:38,1,Economy,4.46,27,6480
Indigo,Bangalore,Chennai,22:00,02:03,2,Economy,9.31,32,11055
GO FIRST,Delhi,Chennai,20:00,22:19,1,Business,5.1,35,22180
SpiceJet,Chennai,Kolkata,14:00,18:22,1,Economy,10.52,2,11258
Vistara,Bangalore,Hyderabad,03:00,06:10,1,Economy,8.23,46,6236
AirAsia,Bangalore,Mumbai,00:00,06:27,0,Economy,9.47,24,8683
Air India,Bangalore,Hyderabad,01:00,06:19,2,Economy,10.54,28,12125
Vistara,Kolkata,Hyderabad,17:00,23:08,0,Business,11.98,31,20612
SpiceJet,Hyderabad,Chennai,12:00,17:08,1,Economy,8.95,36,9163
GO FIRST,Hyderabad,Delhi,02:00,07:46,0,Economy,12.01,3,8598
Air India,Hyderabad,Delhi,18:00,00:09,2,Economy,12.5,36,11330
Vistara,Kolkata,Hyderabad,05:00,09:30,1,Economy,10.16,48,7309
Indigo,Delhi,Bangalore,01:00,06:20,0,Economy,2.09,6,7201
Air India,Kolkata,Hyderabad,02:00,06:38,0,Economy,7.77,20,8359
AirAsia,Kolkata,Chennai,12:00,18:39,0,Economy,7.57,37,6126
GO FIRST,Hyderabad,Mumbai,01:00,05:41,1,Economy,8.06,15,9404
Vistara,Chennai,Mumbai,22:00,02:51,1,Economy,8.55,23,9465
Indigo,Mumbai,Hyderabad,00:00,06:46,1,Economy,7.69,14,9766
SpiceJet,Mumbai,Chennai,18:00,00:07,2,Business,6.77,27,20088
Indigo,Delhi,Chennai,22:00,04:16,0,Economy,4.0,12,6387
SpiceJet,Mumbai,Hyderabad,02:00,04:03,2,Economy,11.71,47,7293
Air India,Hyderabad,Delhi,12:00,15:44,0,Business,7.5,26,16173
Air India,Delhi,Mumbai,02:00,06:16,0,Business,9.06,22,17342
AirAsia,Hyderabad,Delhi,18:00,21:25,1,Economy,9.08,13,9504
Indigo,Chennai,Delhi,15:00,18:45,2,Economy,4.0,15,10049
Air India,Hyderabad,Chennai,16:00,21:06,0,Economy,12.21,32,7561
GO FIRST,Hyderabad,Delhi,18:00,20:22,0,Economy,12.43,41,6539
Vistara,Kolkata,Mumbai,00:00,04:08,0,Business,4.91,25,19074
Vistara,Kolkata,Mumbai,12:00,15:44,1,Economy,10.68,5,11714
SpiceJet,Bangalore,Mumbai,19:00,01:43,1,Economy,14.25,31,9265
GO FIRST,Kolkata,Bangalore,12:00,14:45,2,Economy,9.66,3,11017
GO FIRST,Chennai,Bangalore,22:00,03:01,1,Economy,8.13,28,9990
AirAsia,Bangalore,Kolkata,08:00,10:15,0,Economy,13.37,21,7729
AirAsia,Bangalore,Delhi,03:00,06:43,0,Economy,14.97,35,8429
SpiceJet,Hyderabad,Delhi,19:00,21:18,0,Economy,9.45,49,4082
AirAsia,Chennai,Mumbai,15:00,21:27,0,Economy,13.47,35,7420
AirAsia,Chennai,Delhi,01:00,07:04,1,Economy,11.83,36,7187
AirAsia,Mumbai,Kolkata,06:00,08:45,2,Business,11.04,6,22449
Indigo,Chennai,Mumbai,12:00,15:51,2,Economy,8.26,1,14499
SpiceJet,Delhi,Bangalore,21:00,23:48,0,Business,4.24,10,22490
Vistara,Mumbai,Kolkata,02:00,05:33,1,Economy,6.45,6,8560
Air India,Delhi,Mumbai,23:00,04:51,2,Business,5.2,12,27008
SpiceJet,Mumbai,Bangalore,18:00,22:52,0,Economy,8.86,38,5466
Air India,Delhi,Hyderabad,01:00,07:39,2,Economy,8.9,28,8751
Air India,Bangalore,Delhi,05:00,07:33,2,Economy,6.69,7,10812
Vistara,Kolkata,Delhi,01:00,03:46,1,Economy,6.55,34,7017
Air India,Bangalore,Hyderabad,20:00,23:24,1,Economy,13.32,36,9747
Indigo,Hyderabad,Kolkata,11:00,15:19,2,Economy,12.03,34,9138
Indigo,Kolkata,Delhi,02:00,08:48,1,Economy,12.05,32,9711
Air India,Delhi,Kolkata,12:00,16:58,2,Economy,11.07,34,11332
SpiceJet,Kolkata,Delhi,14:00,17:50,1,Economy,13.13,10,10325
AirAsia,Mumbai,Hyderabad,05:00,10:35,0,Business,6.94,34,18146
Indigo,Mumbai,Hyderabad,22:00,02:02,1,Economy,7.74,41,6629
AirAsia,Delhi,Bangalore,22:00,04:22,0,Economy,10.96,24,7912
SpiceJet,Chennai,Kolkata,19:00,22:51,2,Economy,11.84,18,12642
SpiceJet,Bangalore,Kolkata,16:00,18:35,0,Economy,4.64,16,8517
Air India,Bangalore,Delhi,09:00,12:37,2,Economy,5.24,46,7133
AirAsia,Hyderabad,Chennai,06:00,10:16,0,Economy,12.75,27,8607
Indigo,Chennai,Hyderabad,05:00,08:03,0,Economy,8.52,35,5656
Indigo,Mumbai,Bangalore,23:00,05:28,0,Economy,6.81,29,6469
Vistara,Bangalore,Mumbai,21:00,03:09,1,Economy,12.77,32,9246
AirAsia,Mumbai,Delhi,18:00,22:16,2,Economy,9.41,2,13936
Indigo,Hyderabad,Kolkata,06:00,09:06,1,Economy,7.78,4,11719
Indigo,Bangalore,Delhi,15:00,20:53,1,Economy,3.53,1,8626
SpiceJet,Hyderabad,Chennai,18:00,21:23,2,Economy,12.45,11,14299
AirAsia,Chennai,Bangalore,12:00,16:57,2,Economy,11.94,31,10439
Indigo,Kolkata,Bangalore,19:00,22:13,0,Business,7.07,40,19048
AirAsia,Bangalore,Kolkata,19:00,01:26,0,Economy,2.78,38,4043
SpiceJet,Bangalore,Delhi,13:00,19:16,2,Economy,6.44,30,8401
Vistara,Mumbai,Bangalore,06:00,10:46,2,Economy,10.59,13,9773
Indigo,Hyderabad,Bangalore,00:00,05:25,2,Business,2.18,22,23513
GO FIRST,Hyderabad,Bangalore,08:00,10:02,1,Economy,13.27,15,9051
Indigo,Chennai,Hyderabad,07:00,12:06,1,Economy,13.59,33,8832
Vistara,Mumbai,Chennai,23:00,05:46,0,Economy,10.31,4,10174
Vistara,Bangalore,Mumbai,18:00,21:57,2,Economy,11.24,22,12285
Air India,Bangalore,Chennai,21:00,02:09,1,Economy,2.14,30,6095
Air India,Delhi,Mumbai,04:00,06:17,1,Economy,4.91,45,5548
AirAsia,Mumbai,Kolkata,23:00,04:47,2,Economy,3.84,32,7925
Air India,Delhi,Mumbai,23:00,03:57,0,Economy,12.09,42,6790
Indigo,Mumbai,Delhi,16:00,22:14,2,Economy,9.18,24,11053
GO FIRST,Delhi,Mumbai,23:00,03:15,1,Economy,11.29,1,11748
Vistara,Mumbai,Hyderabad,06:00,09:45,1,Business,6.77,5,26067
Indigo,Hyderabad,Mumbai,00:00,06:56,2,Economy,2.11,21,9745
AirAsia,Mumbai,Kolkata,06:00,10:40,1,Economy,12.76,13,9902
Indigo,Chennai,Hyderabad,17:00,20:48,2,Economy,4.89,46,6918
GO FIRST,Bangalore,Kolkata,14:00,20:17,0,Economy,11.17,8,8845
AirAsia,Chennai,Bangalore,07:00,09:47,1,Economy,10.94,28,9845
AirAsia,Chennai,Kolkata,17:00,20:28,0,Business,11.7,49,17400
AirAsia,Mumbai,Bangalore,10:00,12:17,0,Economy,3.94,18,7172
AirAsia,Mumbai,Chennai,09:00,13:29,0,Economy,9.92,5,8830
SpiceJet,Delhi,Kolkata,02:00,08:57,1,Economy,11.67,14,10614
GO FIRST,Mumbai,Kolkata,10:00,12:51,0,Economy,3.27,16,8344
GO FIRST,Bangalore,Kolkata,21:00,23:48,2,Business,12.13,10,28021
Indigo,Delhi,Hyderabad,18:00,20:46,1,Economy,6.32,18,8055
GO FIRST,Delhi,Bangalore,17:00,21:55,2,Economy,9.01,37,8178
Air India,Hyderabad,Bangalore,20:00,01:11,1,Economy,9.04,5,8786
Indigo,Chennai,Kolkata,01:00,03:48,1,Economy,5.06,47,6100
Air India,Chennai,Delhi,01:00,07:49,0,Business,14.23,4,25641
Vistara,Mumbai,Chennai,09:00,11:00,0,Economy,7.82,3,8823
GO FIRST,Hyderabad,Delhi,01:00,05:10,2,Economy,6.24,4,13321
Air India,Bangalore,Kolkata,16:00,20:08,1,Economy,14.48,49,6998
Indigo,Hyderabad,Mumbai,11:00,13:45,2,Economy,3.54,45,6097
Vistara,Kolkata,Bangalore,00:00,04:14,0,Economy,8.81,44,6422
SpiceJet,Mumbai,Bangalore,16:00,22:36,2,Business,5.02,17,19662
AirAsia,Kolkata,Chennai,03:00,05:58,2,Economy,13.22,38,8352
SpiceJet,Mumbai,Chennai,13:00,16:19,2,Business,6.47,14,18775
AirAsia,Delhi,Kolkata,00:00,04:01,2,Business,5.78,26,21051
SpiceJet,Chennai,Kolkata,12:00,18:11,1,Economy,2.12,33,7778
Vistara,Hyderabad,Chennai,02:00,08:53,0,Economy,3.61,28,5865
Air India,Mumbai,Delhi,19:00,22:11,1,Economy,2.55,11,8895
GO FIRST,Delhi,Mumbai,19:00,21:05,1,Economy,5.65,34,7200
AirAsia,Chennai,Mumbai,12:00,15:15,1,Economy,3.04,22,7098
AirAsia,Mumbai,Chennai,20:00,22:42,1,Economy,10.9,21,9912
Air India,Hyderabad,Bangalore,12:00,18:21,0,Economy,14.99,42,5893
GO FIRST,Mumbai,Hyderabad,19:00,22:15,0,Economy,11.91,41,6467
Vistara,Bangalore,Kolkata,04:00,08:24,0,Economy,14.37,24,7585
AirAsia,Hyderabad,Kolkata,05:00,08:05,0,Economy,9.93,3,9655
SpiceJet,Kolkata,Hyderabad,18:00,23:45,0,Economy,3.51,25,5711
Indigo,Bangalore,Chennai,15:00,19:14,0,Economy,12.12,20,7991
Indigo,Mumbai,Delhi,03:00,06:07,2,Business,10.72,23,20633
Indigo,Bangalore,Mumbai,03:00,05:29,1,Economy,7.21,10,10137
Indigo,Chennai,Kolkata,10:00,16:36,0,Business,13.45,18,21152
SpiceJet,Chennai,Mumbai,19:00,01:02,0,Economy,7.05,49,3784
AirAsia,Chennai,Mumbai,08:00,13:38,1,Business,4.8,28,23108
Vistara,Chennai,Delhi,07:00,10:32,0,Business,14.99,12,23881
Vistara,Bangalore,Chennai,21:00,01:40,1,Economy,3.75,27,6642
Vistara,Hyderabad,Bangalore,14:00,19:41,0,Economy,10.09,9,8927
GO FIRST,Chennai,Hyderabad,08:00,10:01,0,Economy,6.14,16,8910
GO FIRST,Delhi,Kolkata,08:00,12:44,1,Economy,9.52,3,12715
SpiceJet,Mumbai,Chennai,13:00,17:30,2,Economy,11.83,48,7363
AirAsia,Chennai,Bangalore,21:00,23:28,0,Economy,10.49,30,8111
SpiceJet,Kolkata,Delhi,07:00,11:49,0,Business,12.37,2,22379
Vistara,Hyderabad,Kolkata,18:00,00:38,2,Economy,3.05,28,10545
GO FIRST,Delhi,Kolkata,07:00,10:22,0,Economy,7.26,11,9237
SpiceJet,Chennai,Hyderabad,13:00,18:32,2,Economy,6.52,22,10121
AirAsia,Kolkata,Hyderabad,05:00,10:52,2,Economy,10.35,23,12635
AirAsia,Mumbai,Kolkata,17:00,19:44,0,Economy,12.71,36,6601
GO FIRST,Mumbai,Bangalore,18:00,21:13,1,Economy,11.13,34,6812
Indigo,Bangalore,Kolkata,23:00,03:38,2,Economy,3.39,29,9953
GO FIRST,Bangalore,Mumbai,06:00,09:32,0,Economy,8.3,38,4888
AirAsia,Mumbai,Bangalore,13:00,19:04,0,Economy,13.21,32,6102
GO FIRST,Mumbai,Bangalore,11:00,14:37,1,Economy,2.97,22,6812
Indigo,Bangalore,Kolkata,07:00,10:14,0,Business,9.49,29,15417
Indigo,Chennai,Kolkata,10:00,15:35,0,Economy,10.82,37,7721
Indigo,Chennai,Bangalore,09:00,11:55,0,Economy,4.55,43,5521
Air India,Delhi,Hyderabad,07:00,12:08,2,Economy,8.11,49,8935
GO FIRST,Bangalore,Kolkata,12:00,18:33,1,Economy,9.1,33,6642
AirAsia,Chennai,Kolkata,08:00,11:24,1,Economy,13.99,32,7334
SpiceJet,Kolkata,Bangalore,01:00,06:15,2,Economy,13.55,12,12292
Indigo,Mumbai,Chennai,22:00,01:02,1,Economy,7.46,49,5693
AirAsia,Bangalore,Delhi,11:00,15:41,2,Economy,12.08,45,9771
Indigo,Mumbai,Delhi,16:00,18:04,0,Economy,2.26,8,7969
Indigo,Bangalore,Chennai,06:00,09:18,1,Economy,2.78,7,7738
Indigo,Bangalore,Kolkata,09:00,11:35,2,Economy,5.59,25,10155
GO FIRST,Chennai,Hyderabad,09:00,15:34,1,Economy,12.27,14,10303
AirAsia,Delhi,Bangalore,10:00,12:01,2,Economy,13.51,34,11162
AirAsia,Delhi,Bangalore,00:00,04:42,1,Economy,12.63,3,13502
Air India,Hyderabad,Delhi,04:00,08:18,1,Economy,5.5,32,6701
Indigo,Delhi,Bangalore,01:00,06:23,2,Business,4.59,40,20925
SpiceJet,Delhi,Hyderabad,18:00,20:01,1,Economy,11.93,23,10277
Indigo,Chennai,Bangalore,09:00,11:31,1,Economy,3.46,19,6915
GO FIRST,Bangalore,Chennai,03:00,06:28,1,Economy,3.73,16,8138
Vistara,Hyderabad,Delhi,08:00,12:57,0,Economy,14.08,18,7998
Air India,Delhi,Hyderabad,10:00,15:20,1,Economy,14.01,42,6785
Air India,Mumbai,Bangalore,11:00,14:36,2,Economy,10.16,29,11415
Vistara,Kolkata,Chennai,19:00,22:45,2,Economy,7.03,32,7535
Vistara,Chennai,Mumbai,13:00,18:08,1,Economy,14.35,46,7512
SpiceJet,Delhi,Mumbai,14:00,17:34,1,Economy,14.55,3,9851
Indigo,Kolkata,Hyderabad,03:00,08:56,0,Economy,3.37,7,6761
Vistara,Hyderabad,Bangalore,08:00,10:31,2,Economy,9.44,42,10137
Air India,Hyderabad,Chennai,12:00,18:50,2,Economy,2.51,14,11515
AirAsia,Chennai,Bangalore,02:00,05:08,1,Economy,5.87,36,6449
Air India,Chennai,Mumbai,07:00,11:42,0,Economy,4.4,18,7455
AirAsia,Bangalore,Mumbai,02:00,07:06,1,Business,3.62,9,22299
AirAsia,Mumbai,Delhi,05:00,07:53,0,Economy,8.89,47,5037
Vistara,Hyderabad,Kolkata,23:00,02:12,1,Business,14.76,16,18650
Air India,Hyderabad,Kolkata,18:00,21:27,2,Economy,8.28,30,9901
Indigo,Chennai,Hyderabad,02:00,05:24,0,Economy,8.55,11,9269
GO FIRST,Delhi,Hyderabad,23:00,03:21,2,Economy,2.28,35,6412
AirAsia,Hyderabad,Kolkata,12:00,15:29,1,Economy,13.13,48,6946
Vistara,Mumbai,Bangalore,09:00,11:59,1,Economy,6.49,40,5827
Vistara,Bangalore,Kolkata,21:00,03:55,0,Business,2.43,41,16285
AirAsia,Hyderabad,Mumbai,20:00,23:50,2,Economy,14.15,4,14883
Vistara,Bangalore,Mumbai,06:00,08:13,2,Economy,7.67,15,12305
Air India,Chennai,Kolkata,07:00,12:33,2,Economy,11.31,33,9461
SpiceJet,Chennai,Delhi,18:00,00:52,1,Economy,11.44,31,7910
AirAsia,Hyderabad,Bangalore,16:00,20:26,2,Economy,11.33,22,13230
GO FIRST,Bangalore,Hyderabad,13:00,17:59,0,Business,10.51,20,18834
GO FIRST,Kolkata,Delhi,12:00,14:22,0,Economy,13.65,46,5881
SpiceJet,Mumbai,Hyderabad,06:00,09:14,2,Economy,11.64,12,10296
Indigo,Bangalore,Kolkata,04:00,06:07,1,Business,13.21,36,21640
SpiceJet,Bangalore,Delhi,15:00,19:22,2,Business,13.22,45,24718
Air India,Hyderabad,Mumbai,13:00,17:39,0,Economy,6.51,5,9522
Vistara,Mumbai,Hyderabad,15:00,19:28,0,Business,11.44,43,19523
Vistara,Kolkata,Bangalore,12:00,14:09,2,Economy,7.83,27,8895
GO FIRST,Delhi,Chennai,07:00,09:35,1,Economy,10.61,30,9476
GO FIRST,Bangalore,Chennai,19:00,22:38,0,Economy,13.6,22,10080
GO FIRST,Delhi,Chennai,11:00,16:11,1,Economy,14.73,9,10805
AirAsia,Bangalore,Chennai,21:00,23:43,2,Economy,4.95,22,8959
Vistara,Delhi,Mumbai,11:00,17:21,1,Economy,2.77,41,6754
Indigo,Kolkata,Mumbai,12:00,18:23,0,Economy,9.25,8,10452
Vistara,Bangalore,Mumbai,18:00,22:27,0,Economy,9.18,31,6770
GO FIRST,Hyderabad,Kolkata,01:00,04:08,0,Economy,11.15,37,7571
GO FIRST,Mumbai,Chennai,01:00,04:08,1,Business,2.48,18,24132
Air India,Hyderabad,Bangalore,05:00,10:04,2,Economy,12.98,22,9670
AirAsia,Chennai,Delhi,21:00,02:18,2,Economy,7.42,4,10844
SpiceJet,Kolkata,Delhi,22:00,03:53,0,Economy,4.0,10,6982
GO FIRST,Chennai,Kolkata,15:00,18:16,0,Business,9.83,16,17761
Vistara,Chennai,Hyderabad,12:00,17:10,2,Economy,5.24,14,12632
GO FIRST,Kolkata,Delhi,01:00,05:17,2,Economy,10.54,20,11620
Vistara,Chennai,Bangalore,00:00,02:13,1,Business,9.64,44,16914
Air India,Chennai,Delhi,07:00,10:07,1,Business,2.0,2,23469
Indigo,Bangalore,Kolkata,19:00,23:56,1,Economy,5.38,1,8549
SpiceJet,Hyderabad,Chennai,06:00,12:03,1,Economy,11.94,18,9060
SpiceJet,Chennai,Bangalore,06:00,11:55,0,Economy,4.2,44,4079
Vistara,Kolkata,Mumbai,09:00,11:50,2,Business,2.06,36,17848
Air India,Chennai,Hyderabad,14:00,17:47,0,Economy,7.76,9,9789
Indigo,Delhi,Kolkata,07:00,10:47,0,Economy,13.38,26,8083
SpiceJet,Delhi,Kolkata,15:00,20:32,1,Business,11.2,20,22424
Air India,Chennai,Hyderabad,22:00,00:58,1,Economy,9.32,35,6991
AirAsia,Kolkata,Bangalore,10:00,14:12,0,Economy,12.02,3,8097
AirAsia,Chennai,Kolkata,12:00,15:36,2,Economy,13.81,28,11048
Indigo,Chennai,Bangalore,02:00,06:35,0,Economy,3.6,37,5850
Air India,Delhi,Hyderabad,19:00,23:29,1,Economy,3.4,29,7036
GO FIRST,Delhi,Bangalore,01:00,04:38,2,Economy,9.79,15,11862
Air India,Kolkata,Delhi,23:00,03:10,1,Economy,13.83,39,9485
Air India,Bangalore,Mumbai,10:00,16:03,2,Economy,13.5,5,11616
Vistara,Kolkata,Mumbai,00:00,03:13,2,Economy,8.74,39,10344
AirAsia,Delhi,Kolkata,05:00,11:14,2,Economy,2.75,20,11196
Vistara,Hyderabad,Chennai,01:00,03:56,0,Business,8.75,2,21674
AirAsia,Chennai,Delhi,15:00,19:41,0,Economy,14.02,32,8154
Vistara,Kolkata,Hyderabad,20:00,22:51,2,Business,2.94,49,22185
AirAsia,Delhi,Bangalore,11:00,15:44,1,Business,3.27,24,16522
SpiceJet,Bangalore,Mumbai,22:00,04:53,1,Business,5.2,17,23325
Vistara,Hyderabad,Kolkata,19:00,23:34,1,Economy,2.16,8,7673
Vistara,Mumbai,Hyderabad,16:00,18:25,1,Economy,7.53,30,8975
SpiceJet,Kolkata,Mumbai,15:00,20:22,1,Business,9.79,23,17456
Vistara,Mumbai,Bangalore,01:00,05:46,0,Economy,5.55,26,5659
AirAsia,Bangalore,Delhi,07:00,09:39,2,Business,11.9,23,25565
Indigo,Mumbai,Delhi,11:00,16:00,2,Economy,14.2,31,9314
Vistara,Chennai,Bangalore,21:00,01:25,0,Economy,7.39,8,8521
Air India,Kolkata,Delhi,20:00,22:00,0,Economy,3.9,14,6590
SpiceJet,Kolkata,Bangalore,08:00,10:13,2,Economy,4.44,40,7553
GO FIRST,Bangalore,Mumbai,14:00,16:00,1,Economy,14.68,39,9308
AirAsia,Delhi,Chennai,19:00,00:05,0,Economy,10.27,46,6387
GO FIRST,Hyderabad,Chennai,14:00,20:53,1,Economy,12.44,39,9226
Indigo,Chennai,Delhi,08:00,14:53,2,Economy,12.68,33,8432
Vistara,Kolkata,Hyderabad,12:00,17:56,1,Economy,4.39,10,10749
SpiceJet,Delhi,Mumbai,09:00,14:41,2,Business,11.39,23,21700
Vistara,Bangalore,Hyderabad,13:00,17:15,2,Economy,12.99,44,7639
AirAsia,Hyderabad,Chennai,21:00,00:57,1,Economy,6.43,20,7116
Indigo,Kolkata,Hyderabad,08:00,13:59,1,Economy,2.18,39,5833
Vistara,Bangalore,Kolkata,04:00,07:14,2,Economy,9.26,4,14344
AirAsia,Mumbai,Delhi,17:00,20:15,0,Business,6.59,18,22242
SpiceJet,Hyderabad,Mumbai,16:00,22:37,2,Economy,4.5,16,11542
AirAsia,Kolkata,Mumbai,20:00,01:11,1,Economy,11.64,31,9427
Indigo,Bangalore,Mumbai,02:00,05:32,1,Economy,14.59,17,10005
Vistara,Delhi,Hyderabad,17:00,19:33,2,Business,11.49,35,24948
GO FIRST,Kolkata,Hyderabad,05:00,11:03,2,Economy,9.21,42,9013
AirAsia,Kolkata,Mumbai,01:00,06:49,1,Business,6.55,37,18322
GO FIRST,Chennai,Delhi,00:00,05:24,1,Business,2.78,2,25615
SpiceJet,Delhi,Mumbai,04:00,08:54,1,Economy,11.79,13,11206
Air India,Kolkata,Delhi,03:00,05:05,2,Economy,11.36,20,9278
Vistara,Delhi,Kolkata,08:00,10:41,0,Economy,3.65,2,9882
Air India,Bangalore,Chennai,10:00,16:28,1,Business,9.96,1,24846
Vistara,Delhi,Mumbai,00:00,02:50,0,Economy,8.34,49,4408
Indigo,Chennai,Delhi,17:00,21:54,0,Economy,8.62,1,8752
Air India,Chennai,Hyderabad,07:00,09:43,0,Economy,13.25,6,9580
GO FIRST,Mumbai,Kolkata,06:00,11:15,0,Economy,4.73,30,7074
GO FIRST,Hyderabad,Mumbai,13:00,16:11,1,Economy,2.77,5,8540
Vistara,Mumbai,Bangalore,05:00,11:41,0,Economy,10.41,7,7854
GO FIRST,Chennai,Hyderabad,02:00,06:38,2,Economy,2.9,30,10092
AirAsia,Bangalore,Delhi,17:00,21:27,0,Economy,7.83,45,5157
SpiceJet,Delhi,Kolkata,09:00,15:09,2,Economy,7.08,10,9408
Vistara,Delhi,Chennai,08:00,14:16,2,Economy,13.11,42,7871
Indigo,Bangalore,Mumbai,22:00,04:39,2,Economy,13.82,20,11306
Air India,Mumbai,Kolkata,18:00,22:31,2,Economy,2.3,44,8029
Indigo,Mumbai,Bangalore,14:00,18:10,2,Economy,2.66,5,12468
GO FIRST,Bangalore,Hyderabad,18:00,22:19,1,Economy,9.18,33,7918
SpiceJet,Bangalore,Mumbai,04:00,08:30,1,Business,5.95,41,15456
SpiceJet,Hyderabad,Kolkata,06:00,09:47,0,Economy,6.32,47,3810
SpiceJet,Bangalore,Delhi,13:00,15:08,1,Economy,6.56,39,6288
SpiceJet,Chennai,Hyderabad,06:00,08:16,0,Economy,3.46,48,3904
AirAsia,Mumbai,Chennai,05:00,09:56,0,Business,12.13,14,18900
AirAsia,Hyderabad,Bangalore,05:00,08:43,2,Economy,7.99,6,13279
Air India,Kolkata,Bangalore,05:00,08:26,2,Business,3.02,28,20940
Indigo,Bangalore,Delhi,20:00,00:25,0,Economy,8.38,3,9405
Indigo,Bangalore,Chennai,09:00,13:12,2,Economy,4.3,40,8266
AirAsia,Chennai,Mumbai,17:00,22:55,1,Business,13.35,34,20049
Indigo,Bangalore,Delhi,12:00,16:07,2,Economy,9.75,37,7993
GO FIRST,Mumbai,Delhi,17:00,23:31,2,Economy,7.94,31,10314
GO FIRST,Mumbai,Kolkata,11:00,17:06,0,Business,11.84,10,21773
AirAsia,Bangalore,Chennai,00:00,06:03,1,Economy,3.66,15,9930
GO FIRST,Hyderabad,Delhi,04:00,10:14,0,Economy,2.63,4,9669
SpiceJet,Kolkata,Hyderabad,15:00,21:52,1,Economy,2.71,2,9287
Vistara,Bangalore,Mumbai,05:00,07:33,1,Economy,3.86,46,5066
AirAsia,Bangalore,Kolkata,23:00,03:07,2,Economy,13.99,34,11261
Vistara,Mumbai,Bangalore,18:00,22:22,2,Economy,11.24,17,10560
Air India,Delhi,Hyderabad,08:00,11:30,0,Economy,3.24,26,6255
AirAsia,Chennai,Delhi,12:00,16:01,1,Economy,13.3,5,9756
GO FIRST,Kolkata,Delhi,18:00,22:03,2,Economy,9.42,3,12876
SpiceJet,Kolkata,Bangalore,20:00,23:10,1,Economy,6.16,34,8084
SpiceJet,Bangalore,Chennai,14:00,17:59,0,Economy,4.98,8,9351
GO FIRST,Bangalore,Kolkata,02:00,08:30,0,Economy,6.99,40,5818
Air India,Bangalore,Mumbai,13:00,18:05,0,Economy,10.11,13,7282
Air India,Bangalore,Hyderabad,20:00,02:31,2,Business,11.31,14,20542
Indigo,Kolkata,Mumbai,09:00,15:19,0,Business,11.53,33,20820
SpiceJet,Delhi,Chennai,15:00,20:24,1,Economy,9.17,45,7394
SpiceJet,Bangalore,Chennai,16:00,20:12,2,Economy,7.37,10,10978
Vistara,Hyderabad,Chennai,19:00,22:37,2,Economy,3.16,32,9771
GO FIRST,Hyderabad,Mumbai,16:00,21:19,2,Economy,2.53,44,6436
Indigo,Bangalore,Mumbai,00:00,02:28,2,Economy,10.11,2,10619
SpiceJet,Chennai,Bangalore,01:00,07:24,1,Business,10.71,46,22801
Vistara,Bangalore,Chennai,09:00,11:28,2,Economy,4.07,45,6544
Air India,Chennai,Bangalore,09:00,14:27,1,Economy,6.16,28,7786
GO FIRST,Hyderabad,Bangalore,14:00,17:52,0,Business,13.97,28,19334
GO FIRST,Kolkata,Hyderabad,14:00,17:08,2,Economy,3.94,13,8548
GO FIRST,Bangalore,Kolkata,09:00,11:00,2,Business,11.72,4,25242
GO FIRST,Kolkata,Bangalore,13:00,17:55,1,Economy,12.17,46,8755
SpiceJet,Mumbai,Bangalore,17:00,21:00,0,Economy,6.87,16,6658
Vistara,Chennai,Kolkata,20:00,01:51,2,Economy,12.17,49,8323
GO FIRST,Delhi,Hyderabad,18:00,20:30,2,Business,13.33,48,24907
SpiceJet,Bangalore,Delhi,11:00,15:38,2,Business,2.61,39,18975
GO FIRST,Kolkata,Delhi,15:00,21:21,1,Economy,13.61,33,9385
SpiceJet,Delhi,Kolkata,11:00,16:54,0,Economy,2.6,28,5722
Indigo,Bangalore,Chennai,22:00,00:38,0,Business,11.86,44,15755
AirAsia,Mumbai,Hyderabad,16:00,20:14,1,Economy,11.41,22,8428
Vistara,Delhi,Kolkata,05:00,11:27,0,Economy,2.58,2,7216
AirAsia,Kolkata,Bangalore,11:00,14:48,2,Economy,10.13,37,7731
SpiceJet,Chennai,Delhi,04:00,10:10,1,Economy,3.52,4,10689
SpiceJet,Delhi,Hyderabad,05:00,10:47,2,Economy,5.82,32,7741
Vistara,Hyderabad,Delhi,00:00,04:02,0,Economy,4.34,11,7964
SpiceJet,Delhi,Hyderabad,05:00,08:44,2,Economy,6.68,37,9531
Indigo,Hyderabad,Delhi,16:00,22:46,0,Economy,4.64,15,6740
SpiceJet,Mumbai,Kolkata,19:00,22:36,0,Economy,10.59,36,6956
SpiceJet,Hyderabad,Bangalore,17:00,22:00,2,Economy,9.72,24,12282
Vistara,Hyderabad,Kolkata,16:00,22:57,0,Business,6.56,11,23967
SpiceJet,Bangalore,Mumbai,01:00,04:04,2,Business,7.63,1,19990
AirAsia,Mumbai,Kolkata,00:00,03:43,2,Business,6.07,1,28424
Indigo,Hyderabad,Mumbai,05:00,10:09,0,Business,3.8,42,15207
Air India,Chennai,Bangalore,22:00,00:40,2,Business,6.61,16,20671
Indigo,Hyderabad,Kolkata,18:00,21:36,0,Economy,11.25,36,5935
GO FIRST,Hyderabad,Kolkata,09:00,11:45,1,Economy,2.44,6,10830
Air India,Kolkata,Chennai,01:00,05:50,2,Economy,8.74,9,10261
Air India,Kolkata,Delhi,14:00,17:29,0,Economy,9.45,27,7246
Indigo,Hyderabad,Chennai,09:00,12:19,1,Business,10.96,24,20788
AirAsia,Delhi,Chennai,17:00,20:18,2,Economy,6.76,41,9213
GO FIRST,Mumbai,Chennai,04:00,08:04,1,Business,11.32,45,21332
GO FIRST,Bangalore,Hyderabad,16:00,18:59,1,Economy,11.91,29,7801
Indigo,Delhi,Chennai,22:00,00:23,0,Business,12.52,18,23881
AirAsia,Chennai,Hyderabad,12:00,18:06,0,Economy,8.9,40,5590
Vistara,Mumbai,Delhi,18:00,00:04,0,Business,4.99,6,20418
SpiceJet,Chennai,Bangalore,23:00,05:28,0,Economy,3.83,37,5473
AirAsia,Kolkata,Chennai,19:00,22:34,1,Economy,13.2,8,11513
Air India,Hyderabad,Kolkata,01:00,05:47,2,Business,3.6,7,22033
Air India,Mumbai,Hyderabad,15:00,17:29,1,Economy,5.88,24,7150
Vistara,Delhi,Chennai,01:00,04:31,1,Economy,5.85,31,6915
SpiceJet,Hyderabad,Chennai,03:00,08:14,2,Economy,6.17,31,7733
Air India,Chennai,Bangalore,08:00,12:00,1,Economy,4.38,22,8670
AirAsia,Mumbai,Bangalore,02:00,06:36,0,Economy,9.69,29,7979
Vistara,Bangalore,Delhi,16:00,19:08,2,Economy,14.01,14,11454
Vistara,Chennai,Hyderabad,22:00,04:05,1,Economy,14.02,11,11617
Indigo,Bangalore,Hyderabad,18:00,20:45,0,Economy,2.34,47,4449
Air India,Mumbai,Chennai,23:00,03:43,2,Economy,12.52,10,10303
Vistara,Mumbai,Delhi,06:00,10:50,0,Economy,7.01,32,6198
Vistara,Mumbai,Kolkata,08:00,14:25,2,Economy,4.36,32,9772
Air India,Mumbai,Delhi,06:00,10:18,2,Business,12.34,3,29515
Air India,Hyderabad,Kolkata,23:00,03:14,1,Economy,14.19,8,11795
Indigo,Bangalore,Hyderabad,09:00,12:15,2,Business,8.29,34,19233
GO FIRST,Kolkata,Delhi,13:00,18:21,1,Economy,3.3,40,6238
GO FIRST,Delhi,Hyderabad,08:00,13:26,1,Business,10.76,20,18932
Air India,Delhi,Chennai,06:00,09:24,0,Business,5.56,37,14957
AirAsia,Mumbai,Bangalore,13:00,15:29,2,Economy,11.27,19,11814
Air India,Mumbai,Bangalore,16:00,20:26,0,Economy,4.94,30,5989
AirAsia,Delhi,Chennai,18:00,20:34,2,Economy,3.19,33,7426
SpiceJet,Bangalore,Kolkata,09:00,11:33,1,Economy,12.56,37,9618
SpiceJet,Bangalore,Kolkata,21:00,23:14,1,Business,12.08,11,19660
Vistara,Chennai,Kolkata,22:00,04:18,2,Business,13.35,7,21897
Vistara,Kolkata,Hyderabad,23:00,01:34,0,Economy,3.42,11,7063
AirAsia,Kolkata,Hyderabad,08:00,12:03,2,Economy,7.89,47,9233
Vistara,Bangalore,Chennai,08:00,10:05,2,Economy,5.27,45,8536
Air India,Hyderabad,Bangalore,11:00,17:22,1,Economy,5.29,13,9269
SpiceJet,Hyderabad,Kolkata,23:00,04:40,0,Economy,3.63,12,6323
Air India,Delhi,Kolkata,22:00,00:01,2,Business,11.47,41,22638
GO FIRST,Bangalore,Mumbai,15:00,19:35,2,Economy,14.13,43,9290
Indigo,Bangalore,Chennai,12:00,18:43,2,Business,4.28,12,19752
Air India,Mumbai,Kolkata,16:00,22:45,0,Economy,8.58,39,5407
Indigo,Chennai,Delhi,23:00,03:09,0,Economy,5.45,9,8659
Air India,Delhi,Mumbai,19:00,21:49,0,Economy,14.84,43,6412
Air India,Delhi,Chennai,08:00,12:53,1,Economy,6.91,14,11294
GO FIRST,Kolkata,Chennai,06:00,10:55,2,Business,9.13,4,26618
Air India,Bangalore,Hyderabad,10:00,14:37,2,Business,8.48,25,21828
Vistara,Kolkata,Mumbai,16:00,20:55,2,Economy,9.21,29,9245
AirAsia,Chennai,Hyderabad,14:00,18:07,0,Economy,8.36,31,5729
Air India,Delhi,Chennai,16:00,19:13,2,Economy,10.18,48,9441
Air India,Delhi,Mumbai,01:00,03:00,0,Economy,13.62,36,6537
Air India,Delhi,Hyderabad,01:00,06:26,1,Economy,3.09,12,10264
Air India,Delhi,Chennai,17:00,22:18,1,Business,12.19,35,18822
GO FIRST,Chennai,Mumbai,06:00,11:51,0,Business,12.88,42,16248
SpiceJet,Hyderabad,Chennai,23:00,01:26,2,Business,14.57,34,26411
SpiceJet,Chennai,Bangalore,19:00,23:00,1,Economy,8.15,33,7981
Indigo,Mumbai,Hyderabad,15:00,21:36,0,Economy,5.82,47,4124
GO FIRST,Kolkata,Hyderabad,21:00,23:58,1,Economy,11.15,22,9535
Vistara,Mumbai,Delhi,22:00,00:43,1,Economy,3.83,1,9768
Air India,Hyderabad,Delhi,00:00,04:34,0,Economy,12.01,13,8358
Indigo,Delhi,Kolkata,23:00,02:03,2,Economy,8.62,15,10690
Indigo,Kolkata,Chennai,18:00,23:15,2,Business,13.83,48,18675
Vistara,Hyderabad,Bangalore,23:00,04:08,1,Economy,7.84,18,10156
GO FIRST,Delhi,Mumbai,10:00,12:34,1,Economy,13.31,40,8473
GO FIRST,Bangalore,Hyderabad,21:00,23:37,2,Business,7.1,33,18105
GO FIRST,Kolkata,Mumbai,15:00,18:15,2,Economy,2.6,16,11102
Vistara,Hyderabad,Mumbai,18:00,23:13,2,Economy,8.5,13,9410
Air India,Delhi,Hyderabad,01:00,06:31,2,Economy,7.87,44,6556
Vistara,Kolkata,Hyderabad,12:00,17:17,2,Economy,10.37,48,9496
Air India,Mumbai,Chennai,15:00,17:43,1,Economy,5.52,3,11680
Indigo,Bangalore,Hyderabad,09:00,15:48,1,Economy,7.15,28,8480
Indigo,Delhi,Hyderabad,01:00,03:23,0,Economy,2.93,49,3055
Indigo,Kolkata,Hyderabad,15:00,19:36,1,Economy,7.9,47,7630
Vistara,Hyderabad,Bangalore,04:00,06:58,2,Business,2.07,10,20658
Vistara,Delhi,Mumbai,13:00,15:05,2,Economy,8.87,3,12074
Indigo,Chennai,Bangalore,02:00,06:24,0,Economy,11.52,15,8727
AirAsia,Hyderabad,Mumbai,23:00,05:16,0,Economy,4.62,42,4874
Air India,Kolkata,Delhi,21:00,03:03,1,Economy,13.78,46,7374
SpiceJet,Kolkata,Delhi,12:00,14:56,0,Economy,7.39,13,7578
Air India,Bangalore,Delhi,08:00,11:22,2,Economy,5.38,9,10789
Indigo,Bangalore,Delhi,08:00,13:50,2,Business,9.74,9,27207
GO FIRST,Hyderabad,Bangalore,05:00,10:46,1,Economy,13.89,35,8956
AirAsia,Hyderabad,Bangalore,18:00,00:46,1,Business,3.99,22,20574
SpiceJet,Delhi,Chennai,08:00,12:44,1,Economy,11.59,29,9007
AirAsia,Chennai,Bangalore,17:00,20:32,1,Economy,9.56,49,6645
Indigo,Bangalore,Hyderabad,19:00,01:53,0,Economy,12.54,29,8821
AirAsia,Delhi,Kolkata,15:00,19:24,1,Economy,8.12,49,5655
Vistara,Bangalore,Mumbai,20:00,02:05,0,Economy,10.76,41,5301
AirAsia,Hyderabad,Mumbai,17:00,20:57,2,Business,5.83,39,24245
SpiceJet,Kolkata,Mumbai,06:00,09:51,2,Economy,13.54,7,13365
Air India,Bangalore,Mumbai,08:00,10:07,2,Economy,2.14,32,7463
SpiceJet,Delhi,Bangalore,04:00,10:35,2,Economy,8.12,36,10407
Vistara,Delhi,Chennai,17:00,23:42,1,Economy,12.59,22,8823
Indigo,Bangalore,Kolkata,11:00,15:11,1,Economy,9.9,22,9998
GO FIRST,Hyderabad,Mumbai,10:00,12:17,1,Business,14.14,49,20100
AirAsia,Hyderabad,Bangalore,02:00,08:24,2,Economy,11.76,12,10963
Air India,Mumbai,Bangalore,21:00,02:26,0,Economy,6.05,7,10129
Vistara,Chennai,Mumbai,02:00,07:17,2,Economy,7.33,36,7509
Indigo,Bangalore,Hyderabad,20:00,22:22,2,Business,14.44,45,22059
AirAsia,Kolkata,Hyderabad,04:00,06:42,0,Economy,12.85,17,8246
Indigo,Delhi,Bangalore,18:00,20:16,0,Economy,12.67,20,7120
AirAsia,Bangalore,Kolkata,22:00,03:22,1,Economy,2.04,40,5575
Air India,Mumbai,Bangalore,10:00,15:09,0,Economy,10.43,36,6676
Air India,Chennai,Bangalore,13:00,15:34,1,Economy,12.45,45,7306
Air India,Mumbai,Chennai,11:00,13:30,1,Economy,9.17,25,9724
Air India,Chennai,Hyderabad,15:00,19:31,1,Economy,7.76,31,7016
Vistara,Mumbai,Hyderabad,09:00,14:48,1,Economy,9.73,30,8809
GO FIRST,Hyderabad,Delhi,20:00,22:28,2,Economy,9.58,17,9935
SpiceJet,Mumbai,Delhi,04:00,09:21,2,Economy,5.48,19,10934
AirAsia,Bangalore,Mumbai,13:00,16:19,2,Economy,8.82,49,8182
Air India,Delhi,Kolkata,03:00,09:26,0,Economy,3.37,41,4760
Indigo,Hyderabad,Kolkata,04:00,09:25,1,Economy,7.71,4,11943
SpiceJet,Mumbai,Kolkata,22:00,00:58,0,Economy,5.4,34,6761
SpiceJet,Delhi,Chennai,07:00,13:53,0,Business,8.1,2,17210
Air India,Bangalore,Chennai,14:00,17:39,2,Economy,9.77,41,7837
Vistara,Chennai,Bangalore,01:00,05:17,0,Economy,13.93,6,10480
Indigo,Mumbai,Kolkata,06:00,10:12,2,Economy,11.8,25,12969
GO FIRST,Hyderabad,Delhi,07:00,10:27,0,Economy,5.5,31,5691
AirAsia,Hyderabad,Bangalore,04:00,08:11,2,Economy,14.85,25,12620
Indigo,Bangalore,Mumbai,00:00,02:57,2,Economy,7.69,35,9568
SpiceJet,Chennai,Bangalore,20:00,01:28,2,Economy,2.82,22,9952
Vistara,Hyderabad,Chennai,12:00,16:19,1,Economy,8.28,20,10216
AirAsia,Kolkata,Chennai,07:00,09:55,0,Business,10.98,40,15110
AirAsia,Bangalore,Kolkata,03:00,08:01,2,Economy,9.69,26,12180
Air India,Mumbai,Hyderabad,14:00,19:57,0,Economy,5.63,18,8449
SpiceJet,Chennai,Hyderabad,05:00,10:15,2,Economy,5.3,25,11225
Indigo,Hyderabad,Kolkata,04:00,06:30,0,Economy,13.65,32,7505
SpiceJet,Hyderabad,Chennai,12:00,15:51,0,Economy,5.97,9,7642
GO FIRST,Mumbai,Delhi,05:00,10:15,2,Economy,6.9,12,12770
Air India,Hyderabad,Chennai,01:00,06:49,1,Economy,9.99,32,9531
Indigo,Mumbai,Bangalore,21:00,00:32,1,Economy,10.4,9,8594
SpiceJet,Delhi,Chennai,08:00,12:27,2,Economy,5.61,40,7793
GO FIRST,Chennai,Kolkata,11:00,16:58,2,Economy,11.69,13,13270
SpiceJet,Delhi,Kolkata,17:00,20:21,0,Economy,11.33,40,5538
Vistara,Kolkata,Bangalore,14:00,19:37,0,Economy,12.42,8,11414
Air India,Hyderabad,Chennai,03:00,09:44,0,Economy,5.52,5,9331
Indigo,Chennai,Kolkata,10:00,14:51,1,Economy,14.91,13,12791
AirAsia,Hyderabad,Bangalore,22:00,03:05,1,Business,8.95,36,22671
Indigo,Bangalore,Mumbai,18:00,00:51,0,Economy,5.5,3,8506
Indigo,Hyderabad,Delhi,04:00,07:24,1,Economy,9.05,1,10914
AirAsia,Mumbai,Bangalore,17:00,23:08,0,Business,9.02,10,20070
Air India,Mumbai,Delhi,18:00,21:03,2,Business,6.13,12,27368
GO FIRST,Hyderabad,Bangalore,10:00,13:44,0,Economy,12.32,14,7357
Air India,Hyderabad,Bangalore,16:00,19:24,2,Economy,14.74,9,13445
SpiceJet,Hyderabad,Delhi,21:00,03:14,2,Economy,5.14,45,6568
Vistara,Bangalore,Delhi,08:00,13:09,1,Economy,12.07,37,9447
Indigo,Bangalore,Hyderabad,12:00,18:53,2,Business,2.94,2,20789
GO FIRST,Mumbai,Kolkata,07:00,11:22,0,Economy,7.4,33,6487
AirAsia,Delhi,Hyderabad,20:00,02:09,2,Business,3.29,42,20279
AirAsia,Delhi,Kolkata,02:00,07:18,0,Economy,14.51,39,7077
Indigo,Kolkata,Hyderabad,22:00,02:45,0,Economy,9.99,14,7819
Indigo,Hyderabad,Delhi,16:00,19:16,1,Economy,10.03,24,8494
Vistara,Kolkata,Chennai,03:00,06:07,1,Economy,11.09,25,7558
Air India,Hyderabad,Delhi,09:00,15:53,2,Economy,13.47,42,8129
AirAsia,Mumbai,Chennai,01:00,03:20,1,Business,12.4,3,24957
Indigo,Mumbai,Kolkata,21:00,23:24,2,Business,6.57,44,18454
GO FIRST,Chennai,Hyderabad,09:00,15:05,2,Economy,3.65,26,9444
SpiceJet,Delhi,Chennai,15:00,20:04,1,Economy,7.21,26,8104
SpiceJet,Chennai,Hyderabad,05:00,09:14,1,Business,6.27,37,21988
Vistara,Kolkata,Mumbai,09:00,12:07,0,Economy,5.71,26,5339
Air India,Chennai,Hyderabad,08:00,13:22,2,Economy,10.62,23,12699
Vistara,Bangalore,Delhi,09:00,12:30,1,Economy,11.34,3,10231
GO FIRST,Hyderabad,Mumbai,07:00,09:56,2,Economy,9.31,21,8718
Indigo,Chennai,Hyderabad,14:00,18:13,1,Economy,10.42,29,8624
Air India,Mumbai,Kolkata,03:00,07:30,1,Economy,7.22,46,7025
GO FIRST,Kolkata,Bangalore,17:00,22:10,0,Economy,4.22,49,4337
Indigo,Hyderabad,Mumbai,21:00,01:49,2,Economy,2.44,14,10199
GO FIRST,Mumbai,Hyderabad,07:00,12:10,2,Business,9.84,43,17105
Vistara,Bangalore,Delhi,03:00,05:09,2,Business,4.35,9,22124
Vistara,Mumbai,Delhi,07:00,13:33,1,Economy,12.99,48,7311
AirAsia,Mumbai,Bangalore,00:00,05:22,2,Economy,10.7,36,9280
GO FIRST,Kolkata,Mumbai,11:00,15:13,1,Economy,2.62,35,5566
Air India,Kolkata,Chennai,15:00,18:11,0,Economy,12.38,43,7391
GO FIRST,Chennai,Kolkata,20:00,00:28,1,Business,13.75,12,19838
Vistara,Kolkata,Hyderabad,12:00,15:53,1,Economy,11.27,6,11247
Indigo,Kolkata,Bangalore,11:00,16:28,2,Economy,7.41,19,12310
Air India,Delhi,Mumbai,00:00,03:57,0,Economy,8.51,17,9236
SpiceJet,Kolkata,Hyderabad,09:00,15:38,2,Economy,7.38,21,8321
Air India,Chennai,Bangalore,06:00,10:50,0,Business,13.52,36,18046
SpiceJet,Kolkata,Delhi,13:00,18:43,1,Business,2.3,6,18385
AirAsia,Chennai,Kolkata,16:00,18:25,0,Economy,14.53,3,10794
AirAsia,Delhi,Mumbai,10:00,16:23,2,Business,5.41,6,19768
Vistara,Hyderabad,Chennai,19:00,00:37,1,Economy,14.69,1,10793
AirAsia,Mumbai,Delhi,07:00,11:17,2,Economy,13.05,42,10733
Air India,Hyderabad,Chennai,15:00,20:47,1,Economy,2.55,11,7322
GO FIRST,Mumbai,Chennai,04:00,06:03,2,Economy,3.05,39,9117
Indigo,Hyderabad,Bangalore,04:00,07:18,2,Economy,14.79,20,11187
Air India,Mumbai,Bangalore,00:00,02:13,1,Economy,6.32,43,5317
GO FIRST,Bangalore,Kolkata,10:00,14:29,2,Economy,5.87,5,11135
AirAsia,Mumbai,Hyderabad,00:00,02:27,2,Economy,2.19,23,8594
GO FIRST,Mumbai,Bangalore,14:00,18:38,0,Economy,8.63,33,6545
GO FIRST,Hyderabad,Mumbai,17:00,20:39,2,Economy,8.91,30,8808
Indigo,Bangalore,Hyderabad,10:00,14:59,1,Economy,6.88,22,10259
Vistara,Kolkata,Delhi,05:00,08:03,2,Economy,10.55,13,13486
Vistara,Chennai,Delhi,19:00,23:46,0,Economy,6.08,43,4664
Indigo,Delhi,Kolkata,23:00,05:06,2,Business,4.67,26,17757
SpiceJet,Bangalore,Chennai,23:00,05:09,1,Business,10.33,12,23083
Vistara,Kolkata,Mumbai,12:00,15:28,1,Economy,2.05,24,8929
GO FIRST,Kolkata,Delhi,15:00,19:12,0,Economy,13.14,36,6790
Air India,Bangalore,Hyderabad,20:00,23:09,1,Economy,9.16,30,7945
SpiceJet,Hyderabad,Kolkata,10:00,15:31,0,Business,6.79,9,20810
SpiceJet,Chennai,Hyderabad,11:00,15:38,0,Economy,12.67,15,7605
GO FIRST,Chennai,Hyderabad,14:00,20:40,2,Economy,3.0,1,9399
GO FIRST,Hyderabad,Kolkata,01:00,06:27,1,Economy,9.4,23,7849
Indigo,Chennai,Hyderabad,11:00,15:32,0,Economy,3.36,27,7067
GO FIRST,Bangalore,Delhi,06:00,11:06,0,Economy,3.26,36,4185
Air India,Mumbai,Hyderabad,14:00,16:36,2,Economy,13.61,47,8801
Indigo,Hyderabad,Bangalore,12:00,17:43,0,Economy,10.67,27,7068
Indigo,Mumbai,Chennai,15:00,20:21,0,Business,9.09,5,17792
SpiceJet,Bangalore,Mumbai,18:00,21:11,0,Economy,9.65,41,6255
Vistara,Bangalore,Kolkata,16:00,22:50,2,Economy,7.72,26,10241
Indigo,Hyderabad,Kolkata,07:00,10:15,2,Economy,6.58,39,9541
Air India,Kolkata,Mumbai,10:00,15:29,0,Economy,10.47,31,6368
GO FIRST,Kolkata,Delhi,10:00,13:55,0,Business,6.79,11,21535
GO FIRST,Delhi,Mumbai,01:00,06:18,1,Economy,14.1,8,11953
GO FIRST,Chennai,Mumbai,08:00,13:27,1,Economy,4.66,32,5961
Indigo,Mumbai,Hyderabad,14:00,20:22,0,Economy,4.3,10,8384
SpiceJet,Bangalore,Hyderabad,11:00,17:59,0,Economy,7.18,21,8059
GO FIRST,Mumbai,Chennai,16:00,18:24,2,Business,7.3,45,21238
Vistara,Delhi,Chennai,00:00,05:32,0,Economy,2.24,7,6539
Air India,Bangalore,Delhi,22:00,01:41,2,Economy,6.26,32,9100
AirAsia,Chennai,Kolkata,23:00,01:43,2,Economy,14.55,7,10780
Air India,Kolkata,Delhi,23:00,01:26,2,Economy,14.42,27,11670
GO FIRST,Mumbai,Delhi,05:00,07:24,2,Economy,13.24,17,11556
Air India,Hyderabad,Chennai,12:00,15:00,2,Economy,9.88,49,6570
AirAsia,Kolkata,Delhi,14:00,16:01,0,Economy,3.59,1,7307
Air India,Bangalore,Chennai,10:00,16:43,2,Economy,13.73,28,10585
Vistara,Hyderabad,Mumbai,13:00,17:15,0,Economy,6.02,8,8359
Air India,Kolkata,Mumbai,03:00,07:22,2,Business,5.75,31,17841
GO FIRST,Hyderabad,Mumbai,22:00,02:01,2,Economy,3.32,8,8872
SpiceJet,Chennai,Delhi,18:00,00:49,0,Business,13.5,24,19097
Indigo,Kolkata,Mumbai,00:00,02:23,2,Business,8.07,37,20398
Indigo,Mumbai,Delhi,00:00,02:14,2,Economy,14.43,10,15326
GO FIRST,Kolkata,Chennai,18:00,00:50,1,Economy,10.22,43,6671
GO FIRST,Mumbai,Chennai,15:00,21:20,1,Economy,6.72,5,12012
Vistara,Delhi,Mumbai,10:00,12:16,0,Economy,2.03,1,9151
Air India,Kolkata,Hyderabad,15:00,20:08,1,Business,9.58,13,23528
GO FIRST,Hyderabad,Bangalore,22:00,03:35,2,Economy,7.2,13,9288
Indigo,Bangalore,Kolkata,16:00,19:51,1,Economy,2.36,13,8781
AirAsia,Kolkata,Mumbai,11:00,17:50,1,Business,14.08,5,20238
GO FIRST,Chennai,Delhi,18:00,00:27,2,Economy,2.1,39,6216
Indigo,Delhi,Mumbai,14:00,18:22,2,Economy,4.93,14,11778
Indigo,Bangalore,Delhi,23:00,05:03,1,Business,13.63,30,21262
SpiceJet,Bangalore,Kolkata,05:00,11:35,2,Business,5.22,45,19098
Air India,Chennai,Kolkata,20:00,01:43,2,Economy,9.76,49,8690
SpiceJet,Kolkata,Delhi,20:00,01:23,1,Economy,3.02,43,4745
Air India,Bangalore,Chennai,20:00,00:15,2,Economy,3.24,29,8648
AirAsia,Kolkata,Bangalore,16:00,20:00,0,Economy,5.97,12,8833
GO FIRST,Kolkata,Delhi,04:00,08:56,1,Economy,13.25,7,10781
Indigo,Delhi,Hyderabad,16:00,20:22,0,Economy,10.32,15,8731
Indigo,Delhi,Kolkata,02:00,08:36,1,Economy,12.07,5,13468
GO FIRST,Mumbai,Kolkata,18:00,23:48,2,Business,3.27,3,19037
Indigo,Mumbai,Chennai,21:00,01:35,2,Economy,13.25,15,12413
SpiceJet,Bangalore,Kolkata,09:00,11:53,1,Business,11.35,2,27930
SpiceJet,Bangalore,Delhi,02:00,08:47,2,Economy,6.43,11,12084
Vistara,Kolkata,Chennai,02:00,06:48,0,Economy,12.4,48,6354
Indigo,Kolkata,Hyderabad,19:00,23:32,0,Economy,4.35,7,8528
Indigo,Delhi,Chennai,22:00,02:54,1,Business,5.15,41,18326
SpiceJet,Kolkata,Bangalore,11:00,15:49,2,Business,5.55,36,23133
SpiceJet,Mumbai,Delhi,14:00,18:31,1,Economy,2.36,7,9629
Air India,Kolkata,Delhi,01:00,03:57,0,Business,14.16,11,24141
Air India,Kolkata,Chennai,15:00,17:29,0,Economy,2.61,12,8242
GO FIRST,Hyderabad,Kolkata,11:00,17:33,2,Economy,6.2,45,7032
AirAsia,Hyderabad,Chennai,06:00,08:06,2,Economy,12.39,2,12137
Indigo,Delhi,Chennai,09:00,12:01,0,Economy,13.68,27,7846
Air India,Chennai,Kolkata,02:00,07:55,1,Economy,11.41,7,9840
GO FIRST,Hyderabad,Mumbai,06:00,11:45,1,Economy,2.37,11,9916
SpiceJet,Delhi,Kolkata,02:00,08:35,2,Economy,12.56,28,12542
Air India,Chennai,Kolkata,06:00,10:31,1,Economy,14.94,28,9709
Indigo,Mumbai,Bangalore,14:00,19:13,2,Economy,10.72,9,14545
GO FIRST,Mumbai,Delhi,06:00,11:42,0,Economy,13.44,10,7879
Indigo,Bangalore,Mumbai,05:00,08:45,0,Economy,8.89,41,5984
SpiceJet,Mumbai,Hyderabad,02:00,07:34,1,Economy,6.91,39,6107
Indigo,Chennai,Kolkata,11:00,17:58,0,Economy,7.99,18,7814
Vistara,Bangalore,Chennai,19:00,22:27,2,Economy,7.82,49,8163
AirAsia,Chennai,Hyderabad,06:00,10:56,0,Economy,2.2,20,7231
Indigo,Bangalore,Kolkata,15:00,20:25,0,Economy,13.22,36,7625
AirAsia,Bangalore,Kolkata,02:00,08:42,2,Economy,11.27,17,13270
AirAsia,Mumbai,Kolkata,16:00,19:13,1,Business,12.28,26,21934
GO FIRST,Bangalore,Mumbai,17:00,20:37,1,Business,2.13,18,23490
Indigo,Delhi,Bangalore,18:00,21:43,1,Economy,6.76,34,6605
Vistara,Delhi,Kolkata,02:00,05:55,2,Economy,7.65,19,9620
AirAsia,Mumbai,Delhi,10:00,14:03,0,Economy,7.98,18,6392
GO FIRST,Delhi,Kolkata,22:00,04:56,0,Economy,13.91,49,5388
Air India,Kolkata,Chennai,08:00,13:13,0,Economy,4.0,34,4320
Vistara,Mumbai,Chennai,05:00,10:38,1,Economy,14.55,37,9139
Indigo,Chennai,Mumbai,12:00,16:58,0,Economy,11.05,30,6049
Indigo,Chennai,Hyderabad,09:00,11:13,1,Economy,11.82,19,11100
Indigo,Chennai,Bangalore,03:00,09:51,0,Business,2.99,4,17349
Indigo,Hyderabad,Chennai,14:00,20:15,1,Economy,2.45,23,8411
AirAsia,Mumbai,Bangalore,20:00,01:35,2,Business,7.27,49,18739
AirAsia,Mumbai,Chennai,19:00,00:19,2,Business,8.18,46,17190
Vistara,Chennai,Mumbai,16:00,22:30,2,Economy,11.6,2,15679
SpiceJet,Delhi,Bangalore,18:00,21:00,2,Economy,7.76,36,7329
Vistara,Chennai,Hyderabad,13:00,18:34,1,Economy,6.54,35,7010
Vistara,Chennai,Mumbai,00:00,06:22,2,Economy,3.05,6,11534
AirAsia,Hyderabad,Mumbai,20:00,02:21,0,Economy,13.04,22,9954
AirAsia,Bangalore,Mumbai,06:00,10:15,0,Economy,7.42,7,8807
Vistara,Kolkata,Mumbai,02:00,07:36,1,Economy,12.91,49,7587
Indigo,Mumbai,Kolkata,21:00,03:11,2,Business,2.33,39,19562
Vistara,Chennai,Kolkata,12:00,14:40,2,Business,4.67,8,18987
SpiceJet,Bangalore,Delhi,06:00,11:50,1,Economy,7.94,5,9974
Vistara,Hyderabad,Mumbai,23:00,05:31,2,Economy,5.79,24,9770
AirAsia,Hyderabad,Mumbai,09:00,15:31,2,Economy,7.48,40,9208
AirAsia,Kolkata,Delhi,17:00,23:58,0,Economy,6.58,18,7144
Indigo,Kolkata,Bangalore,14:00,18:37,1,Economy,14.62,36,7187
GO FIRST,Kolkata,Mumbai,17:00,21:55,2,Business,4.13,35,22942
Indigo,Bangalore,Hyderabad,22:00,01:33,2,Economy,10.64,11,10961
AirAsia,Kolkata,Mumbai,01:00,04:58,0,Economy,5.43,19,7727
GO FIRST,Bangalore,Hyderabad,14:00,20:40,2,Economy,6.38,44,8275
Air India,Kolkata,Chennai,17:00,22:31,2,Economy,8.64,46,9100
Vistara,Bangalore,Hyderabad,13:00,18:00,1,Economy,8.22,5,9721
GO FIRST,Chennai,Bangalore,17:00,20:41,0,Business,2.74,3,20488
GO FIRST,Hyderabad,Kolkata,12:00,14:59,1,Economy,6.22,3,9095
GO FIRST,Bangalore,Mumbai,07:00,09:58,1,Economy,4.3,22,9083
Indigo,Kolkata,Hyderabad,20:00,01:01,0,Economy,3.56,40,5149
Indigo,Hyderabad,Bangalore,03:00,09:12,1,Economy,13.62,22,9270
SpiceJet,Hyderabad,Chennai,03:00,05:21,0,Economy,7.67,29,5873
Vistara,Bangalore,Delhi,06:00,12:35,1,Business,10.17,13,26643
Vistara,Delhi,Kolkata,12:00,15:16,2,Business,12.31,16,21315
GO FIRST,Delhi,Chennai,14:00,16:25,1,Economy,8.53,15,10073
AirAsia,Mumbai,Delhi,06:00,08:27,0,Economy,9.17,24,6691
Indigo,Mumbai,Delhi,17:00,20:42,1,Economy,7.56,9,12114
SpiceJet,Delhi,Kolkata,17:00,23:44,0,Economy,10.75,41,5913
SpiceJet,Hyderabad,Bangalore,00:00,04:21,1,Economy,15.0,45,8011
Indigo,Chennai,Kolkata,20:00,22:43,1,Economy,12.61,36,8393
Indigo,Bangalore,Delhi,03:00,06:40,1,Economy,3.74,14,8017
GO FIRST,Hyderabad,Chennai,15:00,21:58,2,Economy,12.02,21,12994
Vistara,Kolkata,Delhi,01:00,04:26,2,Economy,5.97,29,10010
AirAsia,Mumbai,Bangalore,05:00,09:29,0,Economy,12.4,32,8118
AirAsia,Delhi,Mumbai,05:00,07:56,0,Economy,11.5,19,7938
AirAsia,Hyderabad,Bangalore,03:00,09:38,2,Economy,3.49,41,6425
Vistara,Chennai,Bangalore,13:00,17:39,1,Business,6.48,30,16798
Indigo,Hyderabad,Delhi,16:00,19:21,1,Economy,8.86,45,6302
GO FIRST,Hyderabad,Delhi,09:00,12:57,2,Economy,6.13,42,7519
GO FIRST,Mumbai,Hyderabad,07:00,13:55,0,Economy,8.19,40,4816
GO FIRST,Delhi,Chennai,20:00,01:45,1,Economy,5.45,35,8032
Vistara,Bangalore,Chennai,23:00,02:46,0,Economy,12.17,34,5643
AirAsia,Delhi,Bangalore,01:00,05:29,1,Business,5.79,31,15744
Air India,Hyderabad,Delhi,15:00,21:15,0,Economy,4.3,44,4035
Vistara,Kolkata,Delhi,23:00,01:08,1,Economy,5.43,27,8829
Air India,Mumbai,Delhi,23:00,02:43,1,Economy,14.8,41,8276
Air India,Chennai,Hyderabad,21:00,23:08,1,Economy,13.83,44,6702
SpiceJet,Kolkata,Delhi,08:00,11:32,1,Economy,8.59,21,9434
Indigo,Bangalore,Hyderabad,18:00,22:35,2,Economy,11.48,3,11137
GO FIRST,Kolkata,Bangalore,17:00,21:19,0,Business,7.05,23,22282
Air India,Mumbai,Chennai,12:00,18:35,2,Economy,9.95,48,8117
Indigo,Bangalore,Hyderabad,01:00,07:09,2,Economy,2.43,3,10321
GO FIRST,Kolkata,Delhi,06:00,09:35,2,Economy,14.97,12,12990
SpiceJet,Bangalore,Mumbai,03:00,06:21,2,Economy,4.14,26,7553
GO FIRST,Mumbai,Hyderabad,00:00,02:41,1,Economy,6.88,12,10888
Indigo,Bangalore,Chennai,22:00,01:41,0,Economy,4.77,29,5462
SpiceJet,Chennai,Bangalore,14:00,19:29,0,Economy,11.04,40,6720
Vistara,Delhi,Hyderabad,17:00,22:21,1,Business,9.36,24,17730
GO FIRST,Bangalore,Delhi,00:00,02:16,2,Economy,3.71,43,7289
Vistara,Hyderabad,Kolkata,22:00,00:32,0,Economy,7.28,9,7465
SpiceJet,Mumbai,Kolkata,19:00,01:47,2,Economy,10.5,49,7941
Vistara,Chennai,Bangalore,06:00,12:20,1,Economy,5.33,3,8752
Vistara,Mumbai,Kolkata,22:00,03:42,1,Economy,2.43,6,8077
AirAsia,Kolkata,Delhi,07:00,12:34,2,Economy,3.85,15,10625
AirAsia,Chennai,Hyderabad,00:00,05:56,1,Business,9.93,41,21446
GO FIRST,Chennai,Kolkata,22:00,01:07,2,Economy,11.38,19,9515
Air India,Delhi,Chennai,02:00,07:57,2,Economy,4.98,35,7131
AirAsia,Chennai,Bangalore,15:00,19:30,0,Economy,6.25,8,9715
Vistara,Bangalore,Chennai,10:00,12:18,1,Economy,7.13,44,6835
GO FIRST,Kolkata,Bangalore,04:00,07:06,0,Economy,7.63,37,4751
Vistara,Delhi,Hyderabad,22:00,03:40,1,Business,13.96,34,24139
GO FIRST,Delhi,Bangalore,02:00,06:43,2,Economy,9.04,8,11061
Vistara,Kolkata,Bangalore,01:00,05:35,0,Economy,12.44,37,5765
Vistara,Bangalore,Mumbai,23:00,03:35,2,Economy,8.7,44,7686
Vistara,Kolkata,Hyderabad,00:00,03:10,2,Economy,10.35,44,9770
GO FIRST,Hyderabad,Kolkata,01:00,07:36,1,Economy,4.34,29,6341
Air India,Bangalore,Mumbai,20:00,00:25,1,Business,14.48,27,20807
Air India,Hyderabad,Bangalore,23:00,03:18,0,Economy,7.2,29,7778
Air India,Bangalore,Mumbai,11:00,13:49,2,Economy,13.98,23,9431
Indigo,Hyderabad,Chennai,02:00,07:45,2,Economy,3.24,13,8856
AirAsia,Delhi,Chennai,17:00,21:25,1,Economy,2.03,25,6018
SpiceJet,Mumbai,Bangalore,14:00,20:12,0,Economy,9.78,5,10482
GO FIRST,Delhi,Chennai,07:00,13:47,2,Economy,12.04,17,10125
Vistara,Bangalore,Mumbai,07:00,09:18,1,Economy,2.53,9,10375
SpiceJet,Chennai,Bangalore,12:00,14:40,0,Economy,11.66,30,7414
GO FIRST,Kolkata,Chennai,01:00,05:48,2,Economy,12.04,44,8860
SpiceJet,Hyderabad,Mumbai,21:00,00:01,2,Economy,7.89,29,9699
Vistara,Delhi,Bangalore,06:00,10:18,1,Economy,3.47,12,10201
Indigo,Mumbai,Bangalore,13:00,17:13,2,Economy,11.49,12,12435
AirAsia,Hyderabad,Kolkata,05:00,11:08,0,Economy,3.59,27,5673
Air India,Bangalore,Chennai,12:00,15:11,1,Economy,4.42,16,9950
AirAsia,Kolkata,Bangalore,06:00,11:45,1,Economy,5.0,36,6290
Vistara,Kolkata,Chennai,04:00,08:00,1,Economy,6.63,3,10422
Indigo,Bangalore,Chennai,17:00,21:07,1,Economy,7.26,24,9117
AirAsia,Delhi,Hyderabad,10:00,12:52,2,Economy,9.69,37,8372
SpiceJet,Mumbai,Bangalore,23:00,04:20,2,Economy,14.86,49,10012
Air India,Chennai,Hyderabad,04:00,07:08,1,Economy,5.69,19,9367
Air India,Delhi,Hyderabad,19:00,00:16,2,Economy,14.18,10,11883
GO FIRST,Chennai,Kolkata,11:00,16:11,0,Economy,3.53,16,5687
SpiceJet,Delhi,Hyderabad,11:00,13:33,1,Economy,2.74,33,6825
SpiceJet,Chennai,Bangalore,11:00,14:36,2,Economy,9.71,44,10049
Indigo,Hyderabad,Delhi,20:00,02:36,2,Business,2.45,12,20282
GO FIRST,Chennai,Hyderabad,09:00,15:59,0,Economy,7.83,11,6914
Indigo,Delhi,Kolkata,22:00,04:46,1,Economy,3.35,10,10239
Indigo,Hyderabad,Mumbai,22:00,03:53,0,Economy,13.73,12,9016
SpiceJet,Hyderabad,Chennai,16:00,20:25,1,Business,14.72,39,16563
Vistara,Bangalore,Kolkata,14:00,20:20,1,Economy,6.57,7,8142
AirAsia,Kolkata,Chennai,08:00,12:07,1,Economy,3.22,46,4848
AirAsia,Delhi,Hyderabad,02:00,08:54,0,Economy,3.52,18,7448
SpiceJet,Bangalore,Kolkata,21:00,00:19,1,Business,6.2,32,18719
SpiceJet,Hyderabad,Bangalore,17:00,19:53,2,Economy,10.6,16,10182
Vistara,Kolkata,Chennai,16:00,20:18,2,Economy,10.18,48,7939
AirAsia,Bangalore,Chennai,03:00,07:34,2,Economy,13.58,23,10398
Vistara,Bangalore,Chennai,03:00,06:00,2,Business,12.93,20,20320
SpiceJet,Delhi,Mumbai,02:00,06:45,0,Business,4.57,4,20460
Indigo,Hyderabad,Chennai,11:00,14:23,0,Economy,14.1,5,9504
Indigo,Delhi,Chennai,10:00,15:57,1,Economy,6.98,38,8148
Air India,Mumbai,Chennai,15:00,17:57,2,Economy,11.81,4,15382
SpiceJet,Kolkata,Hyderabad,18:00,00:28,1,Economy,9.96,38,9109
Air India,Bangalore,Hyderabad,23:00,03:22,1,Economy,13.23,32,7544
Air India,Bangalore,Mumbai,07:00,13:41,2,Economy,9.38,37,8449
Vistara,Kolkata,Mumbai,18:00,00:08,1,Business,3.25,23,19327
SpiceJet,Bangalore,Mumbai,12:00,18:50,2,Economy,13.9,25,12028
Vistara,Kolkata,Chennai,16:00,18:30,2,Business,2.1,40,17389
Air India,Chennai,Hyderabad,13:00,18:23,2,Economy,2.78,36,6890
Indigo,Mumbai,Chennai,02:00,05:39,2,Economy,7.21,27,9579
SpiceJet,Hyderabad,Mumbai,05:00,11:48,0,Economy,9.15,22,7212
Vistara,Bangalore,Delhi,13:00,17:01,0,Economy,13.62,31,6243
Air India,Mumbai,Bangalore,20:00,22:40,0,Business,2.87,25,17136
Air India,Hyderabad,Delhi,02:00,08:35,1,Economy,11.15,37,8513
SpiceJet,Hyderabad,Kolkata,22:00,01:19,0,Economy,10.37,47,6404
SpiceJet,Kolkata,Hyderabad,15:00,17:40,0,Business,2.07,44,14355
GO FIRST,Bangalore,Mumbai,20:00,23:16,0,Economy,11.36,28,6343
AirAsia,Bangalore,Hyderabad,06:00,09:29,0,Business,2.91,28,20680
GO FIRST,Hyderabad,Delhi,08:00,10:20,0,Economy,7.28,21,8465
Vistara,Kolkata,Hyderabad,02:00,05:58,1,Economy,4.62,40,6232
Air India,Hyderabad,Kolkata,11:00,15:02,1,Economy,7.93,37,5953
GO FIRST,Delhi,Bangalore,00:00,03:39,1,Economy,13.47,23,11104
AirAsia,Chennai,Bangalore,05:00,08:00,2,Economy,9.94,49,7052
Air India,Bangalore,Delhi,12:00,16:06,1,Economy,11.73,38,8924
AirAsia,Kolkata,Chennai,14:00,18:39,1,Business,8.46,4,23332
SpiceJet,Chennai,Hyderabad,20:00,23:18,2,Economy,10.26,1,13005
Indigo,Chennai,Hyderabad,08:00,10:25,2,Economy,3.42,32,7561
GO FIRST,Bangalore,Mumbai,10:00,13:46,1,Economy,11.03,1,13275
GO FIRST,Bangalore,Kolkata,22:00,02:26,2,Economy,12.89,12,12975
GO FIRST,Mumbai,Bangalore,13:00,18:12,1,Economy,2.54,44,6625
Air India,Chennai,Mumbai,09:00,12:24,0,Economy,8.82,10,8886
AirAsia,Mumbai,Hyderabad,10:00,13:12,0,Economy,6.0,34,5312
Indigo,Delhi,Chennai,05:00,11:30,1,Economy,2.72,16,9222
SpiceJet,Bangalore,Kolkata,02:00,04:52,1,Economy,4.87,11,8970
SpiceJet,Mumbai,Kolkata,19:00,23:32,2,Economy,4.21,16,11606
Indigo,Mumbai,Chennai,17:00,21:40,0,Economy,4.95,14,8008
Vistara,Bangalore,Hyderabad,14:00,17:43,0,Economy,8.11,6,7302
GO FIRST,Chennai,Delhi,05:00,08:42,1,Economy,3.16,2,10753
Air India,Kolkata,Mumbai,23:00,04:44,0,Business,14.71,5,20183
Indigo,Hyderabad,Delhi,20:00,02:48,1,Economy,8.72,44,5950
GO FIRST,Bangalore,Chennai,11:00,16:07,2,Business,8.13,13,24529
Air India,Delhi,Chennai,06:00,10:53,0,Economy,8.81,29,5962
AirAsia,Chennai,Bangalore,17:00,21:16,0,Economy,8.38,34,7503
SpiceJet,Delhi,Chennai,08:00,14:41,1,Economy,11.87,11,12506
Indigo,Hyderabad,Kolkata,05:00,11:58,1,Economy,5.05,6,10801
Indigo,Kolkata,Mumbai,07:00,12:22,0,Business,2.48,12,20005
SpiceJet,Delhi,Kolkata,14:00,18:50,0,Economy,7.02,33,6936
Air India,Mumbai,Chennai,07:00,12:37,1,Economy,2.03,20,6432
SpiceJet,Hyderabad,Kolkata,06:00,09:33,1,Economy,2.17,44,5949
Indigo,Delhi,Bangalore,07:00,13:26,0,Economy,3.61,14,8332
GO FIRST,Delhi,Hyderabad,12:00,17:18,2,Economy,10.06,3,10848
GO FIRST,Bangalore,Chennai,09:00,15:22,1,Economy,9.6,17,10039
GO FIRST,Kolkata,Bangalore,21:00,23:42,2,Business,12.5,18,22963
AirAsia,Chennai,Hyderabad,01:00,06:24,2,Business,6.27,42,18687
GO FIRST,Hyderabad,Kolkata,07:00,13:20,0,Economy,5.97,23,6298
Air India,Delhi,Hyderabad,20:00,01:13,0,Economy,11.18,23,8375
Air India,Delhi,Kolkata,00:00,02:33,2,Economy,3.52,41,7871
GO FIRST,Hyderabad,Delhi,02:00,06:22,2,Economy,11.98,10,10297
GO FIRST,Chennai,Mumbai,10:00,15:43,0,Economy,12.27,12,8789
AirAsia,Chennai,Bangalore,17:00,21:40,2,Economy,14.45,25,13335
AirAsia,Delhi,Mumbai,22:00,00:38,1,Economy,2.65,43,4935
Vistara,Mumbai,Hyderabad,06:00,10:37,2,Business,6.18,36,20780
Vistara,Hyderabad,Mumbai,03:00,09:03,2,Economy,13.57,30,11071
SpiceJet,Chennai,Delhi,09:00,13:19,1,Business,3.37,47,20551
AirAsia,Hyderabad,Bangalore,06:00,11:02,1,Economy,5.23,19,9392
SpiceJet,Chennai,Hyderabad,18:00,20:01,2,Economy,14.05,27,12913
Indigo,Chennai,Delhi,20:00,02:50,0,Business,2.16,24,14757
GO FIRST,Bangalore,Chennai,02:00,07:03,0,Economy,6.35,5,9252
AirAsia,Hyderabad,Delhi,13:00,15:40,0,Economy,10.06,45,4865
Air India,Hyderabad,Delhi,20:00,23:35,1,Business,13.77,35,22362
Indigo,Delhi,Kolkata,04:00,06:13,1,Economy,4.33,1,10790
SpiceJet,Chennai,Mumbai,00:00,03:19,0,Economy,6.0,15,8579
Air India,Delhi,Bangalore,15:00,17:19,1,Business,12.12,36,17732
AirAsia,Chennai,Delhi,15:00,21:17,2,Business,3.26,11,25147
GO FIRST,Hyderabad,Kolkata,16:00,19:51,1,Economy,11.04,49,6869
Indigo,Chennai,Hyderabad,02:00,07:33,0,Economy,14.79,11,8676
Vistara,Delhi,Kolkata,12:00,17:01,0,Economy,4.88,23,7691
Air India,Bangalore,Chennai,00:00,03:15,2,Economy,6.4,29,10708
Indigo,Kolkata,Chennai,00:00,04:15,2,Economy,7.52,26,8555
AirAsia,Delhi,Kolkata,23:00,02:55,0,Economy,10.05,48,4318
GO FIRST,Delhi,Mumbai,06:00,10:35,0,Economy,9.86,35,5487
GO FIRST,Delhi,Mumbai,13:00,17:09,2,Economy,14.44,28,11468
Vistara,Bangalore,Delhi,04:00,09:04,2,Economy,9.69,27,11256
AirAsia,Delhi,Chennai,02:00,07:42,0,Economy,8.74,9,8688
GO FIRST,Hyderabad,Kolkata,03:00,09:23,2,Economy,10.44,15,13631
Air India,Delhi,Bangalore,12:00,18:01,0,Economy,5.69,5,8697
SpiceJet,Chennai,Delhi,10:00,13:28,1,Business,10.83,2,18882
GO FIRST,Bangalore,Delhi,15:00,20:41,2,Economy,8.07,36,7706
GO FIRST,Bangalore,Mumbai,09:00,12:34,2,Business,5.77,8,27365
AirAsia,Bangalore,Hyderabad,02:00,06:43,1,Economy,11.49,27,9706
Vistara,Chennai,Mumbai,20:00,00:31,1,Economy,9.95,28,8961
SpiceJet,Delhi,Mumbai,16:00,20:27,2,Economy,8.65,35,7659
GO FIRST,Chennai,Hyderabad,01:00,06:57,2,Economy,2.52,5,8963
Vistara,Mumbai,Chennai,01:00,03:28,2,Business,8.85,11,26693
Vistara,Mumbai,Kolkata,09:00,12:52,1,Business,3.92,11,18225
Vistara,Delhi,Mumbai,15:00,17:16,1,Economy,5.71,8,11632
Air India,Mumbai,Delhi,20:00,00:07,1,Economy,4.15,18,9120
SpiceJet,Chennai,Bangalore,22:00,00:52,2,Economy,2.41,22,10876
Indigo,Bangalore,Hyderabad,02:00,05:43,0,Economy,4.03,32,5594
GO FIRST,Chennai,Delhi,21:00,01:05,2,Economy,9.78,49,8890
SpiceJet,Chennai,Mumbai,15:00,21:59,1,Economy,12.21,21,11254
SpiceJet,Bangalore,Mumbai,18:00,00:57,0,Economy,5.21,19,7582
Air India,Mumbai,Chennai,21:00,00:14,0,Economy,7.09,28,6284
Indigo,Bangalore,Delhi,18:00,22:53,0,Economy,11.17,6,7730
Vistara,Chennai,Kolkata,02:00,04:02,2,Economy,5.2,21,9990
SpiceJet,Delhi,Chennai,19:00,21:59,0,Economy,2.88,25,5365
Vistara,Kolkata,Chennai,13:00,16:23,2,Economy,6.86,36,9937
Air India,Hyderabad,Delhi,17:00,22:04,2,Economy,2.86,25,10634
AirAsia,Hyderabad,Kolkata,23:00,02:20,0,Business,9.83,20,18862
Vistara,Mumbai,Hyderabad,20:00,22:41,2,Economy,2.26,21,7985
Air India,Mumbai,Kolkata,02:00,08:41,0,Economy,9.78,49,5922
Air India,Chennai,Bangalore,20:00,23:52,1,Business,7.91,10,23456
Vistara,Delhi,Hyderabad,00:00,03:21,2,Business,8.39,29,23602
AirAsia,Delhi,Kolkata,22:00,01:22,1,Business,13.93,39,20370
Air India,Hyderabad,Kolkata,22:00,00:16,0,Economy,11.93,15,10267
Vistara,Chennai,Delhi,18:00,21:06,0,Economy,8.94,36,5722
Vistara,Bangalore,Hyderabad,04:00,09:44,2,Economy,12.28,23,13269
Air India,Hyderabad,Bangalore,16:00,19:40,0,Economy,5.01,18,7717
AirAsia,Delhi,Mumbai,16:00,19:47,0,Business,4.01,15,18363
AirAsia,Delhi,Chennai,06:00,12:45,0,Economy,3.15,25,6823
SpiceJet,Chennai,Kolkata,12:00,15:35,2,Economy,6.5,48,8119
Vistara,Hyderabad,Kolkata,18:00,00:44,2,Business,7.23,16,24076
Vistara,Mumbai,Chennai,01:00,06:16,0,Business,2.89,28,18972
SpiceJet,Mumbai,Bangalore,23:00,05:48,1,Economy,14.56,30,11068
Vistara,Bangalore,Kolkata,02:00,07:38,0,Economy,4.33,14,7445
GO FIRST,Kolkata,Chennai,07:00,12:21,0,Business,4.87,47,19009
AirAsia,Delhi,Kolkata,09:00,12:46,2,Economy,11.88,40,10373
GO FIRST,Kolkata,Mumbai,20:00,02:49,2,Economy,8.84,1,10196
Indigo,Chennai,Hyderabad,09:00,12:08,1,Economy,5.88,42,5586
AirAsia,Bangalore,Mumbai,09:00,13:42,2,Economy,14.02,44,10927
Vistara,Mumbai,Hyderabad,21:00,02:52,2,Economy,4.72,35,8377
Indigo,Chennai,Mumbai,17:00,22:52,0,Economy,10.29,16,9318
AirAsia,Bangalore,Chennai,17:00,22:02,1,Business,2.87,1,17672
GO FIRST,Bangalore,Hyderabad,05:00,10:20,2,Economy,6.4,15,9759
Indigo,Bangalore,Chennai,01:00,07:15,2,Economy,7.98,16,12454
Vistara,Mumbai,Kolkata,19:00,21:28,2,Economy,14.81,17,10228
SpiceJet,Bangalore,Chennai,08:00,12:17,1,Economy,5.62,25,6525
AirAsia,Hyderabad,Chennai,23:00,03:56,0,Economy,5.5,45,5301
Vistara,Mumbai,Hyderabad,13:00,16:45,2,Economy,12.55,3,12531
GO FIRST,Chennai,Hyderabad,18:00,22:06,2,Business,9.22,43,18004
Vistara,Chennai,Kolkata,05:00,08:40,0,Economy,13.33,13,10270
SpiceJet,Kolkata,Bangalore,00:00,06:44,0,Economy,10.07,12,10474
Air India,Bangalore,Hyderabad,07:00,12:36,1,Economy,4.12,17,9534
GO FIRST,Kolkata,Mumbai,18:00,23:28,2,Economy,10.96,25,12070
GO FIRST,Bangalore,Mumbai,02:00,08:23,2,Economy,5.76,36,9322
GO FIRST,Delhi,Chennai,21:00,01:10,1,Economy,7.19,16,9571
AirAsia,Mumbai,Delhi,16:00,20:15,2,Economy,12.41,3,14506
Air India,Hyderabad,Chennai,07:00,12:19,1,Business,3.95,33,19154
Indigo,Kolkata,Bangalore,19:00,21:45,1,Economy,12.2,32,10065
Indigo,Bangalore,Hyderabad,20:00,22:38,1,Economy,12.61,38,7094
GO FIRST,Mumbai,Hyderabad,08:00,14:43,2,Economy,10.41,19,13127
Indigo,Chennai,Delhi,17:00,20:49,1,Economy,5.42,23,8266
AirAsia,Hyderabad,Mumbai,05:00,09:49,0,Economy,4.3,14,8277
Indigo,Mumbai,Hyderabad,16:00,20:20,0,Economy,12.42,1,11006
AirAsia,Delhi,Kolkata,12:00,18:54,1,Economy,3.14,28,7101
SpiceJet,Hyderabad,Kolkata,21:00,23:33,2,Economy,12.44,48,9910
SpiceJet,Kolkata,Delhi,16:00,20:35,0,Economy,4.31,10,6510
SpiceJet,Chennai,Bangalore,07:00,13:10,0,Economy,12.39,8,9467
GO FIRST,Delhi,Chennai,02:00,07:11,0,Economy,14.98,34,8099
Vistara,Kolkata,Bangalore,04:00,10:54,1,Business,10.8,32,21137
GO FIRST,Mumbai,Kolkata,06:00,11:23,0,Economy,7.95,10,9736
GO FIRST,Hyderabad,Kolkata,17:00,20:11,0,Economy,7.99,13,7504
AirAsia,Bangalore,Chennai,17:00,19:45,1,Economy,4.49,19,9722
SpiceJet,Delhi,Bangalore,04:00,10:04,1,Economy,8.96,4,10073
Vistara,Hyderabad,Chennai,06:00,11:57,0,Economy,9.87,28,7901
AirAsia,Delhi,Mumbai,16:00,19:36,0,Economy,4.9,43,3830
Vistara,Chennai,Hyderabad,14:00,19:36,1,Economy,5.91,26,9341
Air India,Chennai,Hyderabad,10:00,14:49,1,Business,3.88,35,22422
Indigo,Kolkata,Bangalore,23:00,02:36,0,Economy,7.93,39,4748
GO FIRST,Delhi,Mumbai,02:00,04:19,2,Economy,3.99,40,9150
Air India,Kolkata,Bangalore,17:00,22:54,0,Economy,14.9,22,10108
SpiceJet,Chennai,Delhi,12:00,18:12,1,Economy,13.74,18,10687
GO FIRST,Chennai,Hyderabad,20:00,00:05,2,Economy,4.37,25,10840
Air India,Mumbai,Hyderabad,12:00,15:43,1,Economy,8.59,31,7064
Indigo,Kolkata,Hyderabad,21:00,03:57,0,Economy,4.07,13,7960
SpiceJet,Hyderabad,Bangalore,08:00,10:03,0,Business,3.84,6,22005
Vistara,Bangalore,Chennai,03:00,08:28,0,Business,13.41,14,24777
Air India,Bangalore,Mumbai,17:00,20:08,0,Economy,3.03,49,3316
SpiceJet,Hyderabad,Kolkata,14:00,19:31,2,Economy,13.15,7,15227
SpiceJet,Bangalore,Chennai,18:00,00:57,2,Business,13.86,41,21963
GO FIRST,Delhi,Chennai,00:00,02:40,0,Business,6.6,47,18221
GO FIRST,Chennai,Kolkata,20:00,00:11,0,Economy,11.16,18,8175
Air India,Bangalore,Delhi,04:00,08:44,2,Economy,11.77,2,13428
AirAsia,Kolkata,Chennai,12:00,15:39,0,Economy,12.67,13,9126
Vistara,Hyderabad,Delhi,21:00,02:43,1,Economy,4.81,17,9572
GO FIRST,Chennai,Delhi,00:00,02:03,0,Business,5.87,24,16700
GO FIRST,Bangalore,Mumbai,02:00,06:51,1,Economy,14.32,10,10027
AirAsia,Hyderabad,Kolkata,18:00,23:59,0,Business,2.2,45,18158
AirAsia,Delhi,Kolkata,18:00,22:14,2,Economy,4.6,28,10880
Indigo,Chennai,Mumbai,17:00,20:24,1,Economy,14.94,23,11140
GO FIRST,Delhi,Mumbai,15:00,19:52,1,Economy,11.45,30,7083
AirAsia,Mumbai,Bangalore,03:00,09:30,0,Economy,9.85,5,8867
Vistara,Bangalore,Kolkata,12:00,14:05,2,Economy,13.6,2,14655
Vistara,Mumbai,Delhi,00:00,06:05,0,Economy,4.84,22,8107
Air India,Mumbai,Bangalore,14:00,19:19,2,Economy,9.53,16,11847
Air India,Mumbai,Delhi,05:00,07:01,2,Business,8.95,45,21309
Air India,Bangalore,Delhi,13:00,15:04,1,Economy,6.14,4,9217
SpiceJet,Delhi,Hyderabad,23:00,01:19,2,Business,5.41,16,25639
AirAsia,Chennai,Hyderabad,09:00,11:51,0,Business,4.38,48,15668
Indigo,Mumbai,Kolkata,22:00,04:07,1,Economy,14.68,44,9278
Vistara,Delhi,Kolkata,00:00,03:19,1,Economy,8.7,10,10784
GO FIRST,Hyderabad,Mumbai,07:00,10:12,0,Economy,7.51,9,7234
GO FIRST,Bangalore,Chennai,03:00,07:12,0,Economy,10.04,3,10705
Vistara,Bangalore,Chennai,11:00,17:35,1,Economy,12.15,5,9511
Indigo,Delhi,Bangalore,21:00,01:14,1,Economy,11.92,36,7989
Indigo,Bangalore,Delhi,15:00,19:40,1,Business,11.78,11,23707
Air India,Kolkata,Delhi,04:00,09:26,0,Economy,14.52,49,5030
Vistara,Bangalore,Mumbai,05:00,09:36,2,Economy,7.04,24,9909
GO FIRST,Delhi,Bangalore,20:00,00:21,0,Economy,3.88,37,4820
Vistara,Chennai,Bangalore,14:00,18:33,1,Economy,2.23,24,6463
SpiceJet,Chennai,Delhi,21:00,02:33,2,Economy,14.8,7,15059
GO FIRST,Mumbai,Chennai,01:00,05:18,1,Economy,7.45,21,9131
SpiceJet,Hyderabad,Chennai,01:00,04:55,1,Economy,10.86,24,10914
GO FIRST,Chennai,Mumbai,22:00,03:01,2,Business,12.97,9,24089
AirAsia,Hyderabad,Delhi,06:00,09:39,2,Economy,8.06,17,10466
GO FIRST,Bangalore,Hyderabad,16:00,22:09,0,Economy,8.44,10,8666
Indigo,Chennai,Hyderabad,04:00,06:41,1,Economy,10.61,45,6231
AirAsia,Bangalore,Kolkata,05:00,11:35,0,Economy,6.51,49,3983
AirAsia,Chennai,Mumbai,06:00,09:16,1,Economy,7.21,44,6915
SpiceJet,Hyderabad,Bangalore,15:00,21:14,1,Business,10.42,12,25533
Vistara,Kolkata,Chennai,18:00,00:58,2,Economy,10.82,27,9088
Air India,Chennai,Delhi,14:00,19:35,2,Business,8.32,26,18145
Indigo,Delhi,Mumbai,22:00,01:14,0,Economy,8.95,23,8275
Indigo,Hyderabad,Chennai,19:00,01:24,0,Economy,3.47,34,4521
AirAsia,Mumbai,Bangalore,10:00,15:43,0,Economy,9.57,23,7936
AirAsia,Hyderabad,Kolkata,02:00,07:59,2,Economy,3.56,24,8945
Air India,Chennai,Hyderabad,02:00,07:09,0,Economy,12.4,30,8088
GO FIRST,Bangalore,Hyderabad,08:00,11:13,0,Business,10.15,45,20447
Indigo,Bangalore,Chennai,16:00,18:24,0,Economy,11.09,17,7809
Indigo,Bangalore,Hyderabad,16:00,18:46,2,Economy,13.03,48,7678
Vistara,Mumbai,Delhi,03:00,09:59,2,Economy,9.41,43,7963
Indigo,Bangalore,Kolkata,16:00,22:24,0,Economy,6.63,11,6793
GO FIRST,Mumbai,Kolkata,20:00,22:58,1,Economy,3.58,22,8865
GO FIRST,Chennai,Mumbai,01:00,05:04,0,Economy,13.79,39,7352
AirAsia,Chennai,Delhi,08:00,14:55,2,Business,5.39,34,21617
Indigo,Delhi,Bangalore,19:00,23:51,0,Economy,8.59,17,6493
Air India,Bangalore,Mumbai,14:00,17:00,1,Business,7.5,10,25703
AirAsia,Bangalore,Hyderabad,04:00,08:07,0,Economy,11.3,17,9031
Air India,Bangalore,Chennai,12:00,16:00,0,Economy,5.59,7,7085
SpiceJet,Delhi,Chennai,06:00,11:47,2,Economy,8.99,37,10557
Vistara,Bangalore,Kolkata,10:00,16:18,1,Economy,9.22,19,11164
Vistara,Bangalore,Kolkata,11:00,15:52,0,Economy,7.01,41,5889
AirAsia,Bangalore,Hyderabad,22:00,00:14,1,Economy,4.79,13,7339
AirAsia,Mumbai,Kolkata,23:00,05:42,0,Economy,11.98,4,9530
Vistara,Hyderabad,Delhi,00:00,06:41,0,Economy,4.49,44,3969
Air India,Kolkata,Mumbai,18:00,00:25,1,Economy,14.16,35,7498
Air India,Mumbai,Delhi,02:00,05:19,0,Economy,10.15,1,9809
Vistara,Kolkata,Chennai,13:00,18:29,1,Economy,8.4,1,10977
SpiceJet,Bangalore,Hyderabad,20:00,22:58,1,Economy,11.28,11,11657
Vistara,Delhi,Hyderabad,20:00,23:08,0,Economy,2.26,10,6289
GO FIRST,Bangalore,Kolkata,17:00,22:19,0,Economy,9.7,8,7556
Vistara,Hyderabad,Delhi,15:00,21:46,2,Economy,6.99,9,12020
Indigo,Kolkata,Mumbai,04:00,07:47,2,Economy,8.84,22,9099
Air India,Hyderabad,Chennai,12:00,17:35,2,Economy,4.92,39,6478
Indigo,Mumbai,Delhi,15:00,20:57,2,Business,2.69,31,17680
Vistara,Chennai,Kolkata,08:00,14:20,0,Business,11.68,46,20166
Air India,Delhi,Kolkata,07:00,12:00,0,Economy,11.68,19,7984
Air India,Kolkata,Hyderabad,02:00,06:28,2,Business,3.29,46,21406
GO FIRST,Mumbai,Bangalore,07:00,12:38,1,Economy,10.22,13,12219
SpiceJet,Mumbai,Delhi,10:00,14:34,0,Economy,3.95,37,5933
Indigo,Kolkata,Mumbai,12:00,17:59,0,Economy,4.4,42,5113
AirAsia,Delhi,Hyderabad,08:00,11:22,1,Economy,14.51,5,14163
Air India,Kolkata,Bangalore,11:00,14:59,0,Economy,6.07,1,8130
GO FIRST,Kolkata,Chennai,06:00,12:43,0,Economy,7.31,28,6203
Indigo,Kolkata,Delhi,09:00,12:47,2,Economy,10.33,19,12343
GO FIRST,Mumbai,Kolkata,04:00,09:54,0,Economy,2.9,36,4044
Vistara,Mumbai,Delhi,06:00,11:05,1,Economy,10.88,1,12164
Indigo,Bangalore,Mumbai,14:00,16:09,2,Economy,7.1,24,9837
Air India,Bangalore,Chennai,13:00,18:09,1,Economy,7.18,35,8866
Indigo,Chennai,Bangalore,12:00,14:35,1,Economy,8.25,40,6895
Vistara,Bangalore,Mumbai,18:00,23:38,1,Economy,9.17,39,7401
Indigo,Hyderabad,Chennai,16:00,22:59,2,Economy,5.86,29,8262
Air India,Delhi,Chennai,14:00,18:40,1,Economy,4.74,45,6107
Indigo,Chennai,Bangalore,10:00,14:03,1,Economy,11.79,26,7913
Vistara,Bangalore,Delhi,01:00,03:28,2,Economy,7.43,39,9787
AirAsia,Bangalore,Chennai,21:00,00:55,2,Economy,13.7,38,10109
Indigo,Mumbai,Bangalore,22:00,03:18,1,Economy,4.82,33,7630
Air India,Hyderabad,Kolkata,12:00,16:28,1,Business,13.31,12,21155
Air India,Delhi,Chennai,09:00,13:24,0,Economy,6.95,13,9231
SpiceJet,Kolkata,Chennai,20:00,02:29,1,Economy,11.9,23,9051
GO FIRST,Delhi,Bangalore,15:00,18:44,0,Economy,13.98,2,11972
AirAsia,Hyderabad,Bangalore,11:00,16:53,1,Economy,5.93,27,9474
GO FIRST,Hyderabad,Chennai,18:00,23:01,1,Business,6.59,27,22871
Indigo,Mumbai,Bangalore,12:00,14:13,1,Economy,13.94,49,6045
Indigo,Hyderabad,Chennai,09:00,14:13,1,Business,13.69,13,24459
SpiceJet,Hyderabad,Bangalore,00:00,06:17,0,Economy,2.35,12,6020
Indigo,Delhi,Chennai,21:00,01:45,1,Economy,3.49,32,7109
Air India,Hyderabad,Delhi,03:00,06:33,1,Business,5.35,18,16996
AirAsia,Chennai,Hyderabad,08:00,13:41,2,Economy,9.02,35,9815
Air India,Chennai,Bangalore,13:00,15:34,2,Economy,12.01,6,12140
Air India,Delhi,Hyderabad,13:00,17:15,1,Economy,11.03,30,8763
AirAsia,Hyderabad,Delhi,22:00,03:28,1,Economy,14.15,45,6814
Indigo,Delhi,Kolkata,19:00,23:44,1,Business,12.48,27,24471
SpiceJet,Kolkata,Mumbai,10:00,15:13,2,Business,13.88,8,20163
SpiceJet,Kolkata,Bangalore,22:00,02:24,2,Economy,9.07,40,10218
SpiceJet,Bangalore,Hyderabad,22:00,00:48,2,Economy,13.24,27,9019
Air India,Bangalore,Hyderabad,19:00,01:38,0,Economy,9.84,30,7103
SpiceJet,Mumbai,Bangalore,23:00,05:57,1,Business,13.32,41,20023
Air India,Delhi,Hyderabad,00:00,05:55,0,Economy,5.84,10,6929
Vistara,Bangalore,Kolkata,02:00,07:01,1,Economy,3.09,5,11399
Vistara,Mumbai,Chennai,13:00,15:29,1,Economy,5.84,15,9482
AirAsia,Hyderabad,Bangalore,21:00,00:12,0,Economy,8.84,44,5909
GO FIRST,Mumbai,Bangalore,06:00,11:49,2,Economy,2.95,33,8101
Vistara,Kolkata,Mumbai,02:00,08:06,2,Business,7.26,6,21060
AirAsia,Hyderabad,Bangalore,09:00,11:37,2,Economy,8.25,28,9134
Vistara,Delhi,Hyderabad,06:00,10:38,0,Economy,14.15,46,6000
SpiceJet,Chennai,Kolkata,07:00,12:07,1,Business,6.18,15,21762
Vistara,Chennai,Delhi,05:00,08:38,2,Economy,14.73,9,13065
GO FIRST,Kolkata,Chennai,09:00,12:23,1,Economy,7.79,45,5289
Air India,Mumbai,Delhi,20:00,02:57,2,Economy,3.39,9,10868
SpiceJet,Kolkata,Mumbai,21:00,01:03,1,Economy,4.83,39,5971
Vistara,Kolkata,Delhi,21:00,00:31,1,Business,7.01,41,15612
Indigo,Mumbai,Bangalore,05:00,10:27,0,Economy,9.84,32,6798
SpiceJet,Kolkata,Chennai,02:00,07:45,1,Economy,6.76,31,6391
GO FIRST,Hyderabad,Delhi,22:00,00:39,0,Business,10.85,27,19934
AirAsia,Delhi,Chennai,06:00,12:39,2,Economy,7.98,40,9841
Vistara,Chennai,Hyderabad,02:00,08:10,2,Economy,14.98,47,8968
Air India,Mumbai,Delhi,10:00,15:06,1,Business,10.5,8,21419
Air India,Chennai,Kolkata,17:00,19:45,0,Economy,8.51,1,8728
Vistara,Delhi,Kolkata,04:00,07:01,2,Economy,14.47,15,13964
GO FIRST,Bangalore,Delhi,08:00,13:58,1,Business,14.38,25,22024
GO FIRST,Chennai,Mumbai,22:00,00:26,1,Economy,13.88,33,9168
Indigo,Bangalore,Hyderabad,12:00,18:42,1,Business,13.49,18,23162
Indigo,Chennai,Kolkata,12:00,14:43,0,Economy,11.73,9,8801
Air India,Bangalore,Mumbai,20:00,22:55,0,Economy,11.17,19,9382
GO FIRST,Chennai,Kolkata,23:00,05:37,2,Economy,4.74,15,9265
SpiceJet,Chennai,Bangalore,22:00,04:05,1,Economy,6.26,32,6297
Air India,Delhi,Chennai,02:00,07:52,2,Economy,3.84,20,8130
Indigo,Kolkata,Hyderabad,18:00,22:01,2,Economy,10.77,33,11505
GO FIRST,Chennai,Delhi,05:00,09:49,0,Business,10.39,4,23090
Air India,Chennai,Hyderabad,21:00,03:13,1,Business,13.91,9,27450
Indigo,Bangalore,Kolkata,06:00,12:21,0,Economy,12.53,34,6846
AirAsia,Mumbai,Bangalore,16:00,21:38,2,Economy,12.77,4,11931
Indigo,Kolkata,Bangalore,18:00,21:56,2,Economy,2.43,28,7427
GO FIRST,Hyderabad,Bangalore,21:00,01:19,1,Economy,10.68,46,7561
Vistara,Kolkata,Bangalore,03:00,09:41,1,Economy,13.0,46,6092
Indigo,Bangalore,Delhi,08:00,13:44,1,Economy,14.83,20,9984
Vistara,Mumbai,Delhi,16:00,22:04,0,Business,9.66,26,17527
Air India,Chennai,Mumbai,22:00,01:51,1,Economy,13.62,41,8573
Vistara,Mumbai,Hyderabad,06:00,10:25,2,Economy,5.09,7,12600
SpiceJet,Bangalore,Hyderabad,18:00,00:39,1,Economy,11.08,45,6860
Vistara,Bangalore,Mumbai,17:00,22:26,0,Economy,8.11,44,5451
AirAsia,Kolkata,Mumbai,02:00,04:54,1,Economy,4.55,14,7401
GO FIRST,Delhi,Bangalore,14:00,20:24,2,Economy,6.13,32,9272
SpiceJet,Kolkata,Delhi,19:00,01:10,2,Economy,6.05,47,7858
SpiceJet,Delhi,Bangalore,06:00,12:14,2,Economy,6.66,42,6775
SpiceJet,Hyderabad,Delhi,17:00,20:31,1,Economy,2.46,1,10049
AirAsia,Hyderabad,Mumbai,14:00,19:14,2,Economy,12.67,9,13656
Indigo,Mumbai,Chennai,06:00,12:24,2,Business,2.55,46,15402
AirAsia,Hyderabad,Chennai,12:00,16:42,0,Economy,10.84,13,8175
Indigo,Chennai,Hyderabad,18:00,23:43,2,Economy,11.53,2,14852
Indigo,Bangalore,Delhi,15:00,21:53,0,Business,10.45,7,21222
Air India,Kolkata,Delhi,07:00,09:36,1,Economy,3.09,32,5541
Indigo,Kolkata,Hyderabad,04:00,09:39,1,Economy,11.22,45,8472
GO FIRST,Kolkata,Hyderabad,06:00,08:53,1,Economy,4.63,26,8487
SpiceJet,Delhi,Chennai,22:00,04:26,2,Economy,3.25,20,10284
Indigo,Kolkata,Delhi,11:00,14:25,1,Business,8.81,17,19421
SpiceJet,Delhi,Mumbai,00:00,05:12,1,Economy,5.18,26,6698
AirAsia,Chennai,Hyderabad,08:00,14:18,2,Economy,2.67,43,7661
SpiceJet,Mumbai,Hyderabad,07:00,11:42,2,Economy,9.6,37,9281
GO FIRST,Hyderabad,Mumbai,01:00,06:27,1,Economy,10.46,2,13159
Air India,Kolkata,Bangalore,00:00,04:53,1,Business,4.73,5,23152
Vistara,Delhi,Hyderabad,08:00,10:49,0,Economy,2.26,34,5048
AirAsia,Kolkata,Mumbai,07:00,12:24,1,Economy,10.14,13,9449
AirAsia,Hyderabad,Kolkata,15:00,19:28,1,Economy,13.26,10,9092
Indigo,Bangalore,Hyderabad,07:00,09:37,0,Economy,14.13,35,6785
Indigo,Mumbai,Bangalore,05:00,10:26,1,Economy,11.02,27,9150
Vistara,Mumbai,Kolkata,16:00,18:54,0,Economy,2.1,34,4840
GO FIRST,Bangalore,Kolkata,13:00,15:50,2,Economy,14.31,36,9571
AirAsia,Mumbai,Bangalore,09:00,15:55,1,Economy,4.1,11,8001
Vistara,Kolkata,Delhi,13:00,19:09,2,Economy,11.05,39,10015
Vistara,Delhi,Mumbai,11:00,17:42,0,Economy,12.61,17,9811
Air India,Chennai,Kolkata,18:00,23:04,1,Economy,4.72,7,8876
GO FIRST,Mumbai,Bangalore,12:00,17:09,2,Economy,6.64,35,7430
GO FIRST,Chennai,Bangalore,12:00,16:15,0,Economy,13.49,33,7844
SpiceJet,Delhi,Kolkata,20:00,02:15,1,Business,9.64,27,23252
AirAsia,Chennai,Mumbai,20:00,00:35,1,Economy,13.41,25,10589
GO FIRST,Bangalore,Kolkata,11:00,17:25,0,Business,11.06,21,20762
GO FIRST,Delhi,Kolkata,15:00,21:02,2,Economy,6.2,27,8626
Vistara,Mumbai,Delhi,17:00,20:37,1,Business,2.16,46,19285
Indigo,Hyderabad,Chennai,07:00,12:01,0,Business,9.49,17,16273
SpiceJet,Bangalore,Chennai,08:00,11:34,1,Business,9.88,5,19760
SpiceJet,Mumbai,Hyderabad,15:00,20:39,0,Economy,12.19,6,9733
SpiceJet,Kolkata,Chennai,16:00,18:26,2,Business,2.46,5,24322
GO FIRST,Mumbai,Delhi,08:00,14:39,0,Economy,9.46,44,5337
Indigo,Kolkata,Delhi,03:00,07:39,2,Business,11.85,31,19630
Air India,Kolkata,Delhi,09:00,13:18,2,Economy,4.12,30,9582
SpiceJet,Kolkata,Hyderabad,13:00,16:31,1,Economy,14.94,18,11600
Indigo,Chennai,Bangalore,15:00,20:07,0,Economy,4.14,34,5042
SpiceJet,Delhi,Chennai,20:00,02:06,2,Economy,13.0,33,11417
Air India,Kolkata,Chennai,10:00,13:58,0,Economy,13.5,41,6071
SpiceJet,Delhi,Hyderabad,13:00,15:05,0,Business,9.08,7,18299
SpiceJet,Hyderabad,Kolkata,09:00,12:17,2,Economy,12.43,6,15196
SpiceJet,Delhi,Bangalore,19:00,00:20,1,Economy,4.21,49,4498
Indigo,Mumbai,Chennai,02:00,06:03,2,Economy,12.48,44,7370
SpiceJet,Kolkata,Bangalore,20:00,23:39,1,Economy,13.82,22,11187
SpiceJet,Bangalore,Chennai,07:00,11:42,1,Business,13.57,30,23141
AirAsia,Mumbai,Delhi,12:00,16:15,0,Economy,4.11,24,7002
Air India,Chennai,Kolkata,12:00,14:13,1,Economy,2.63,47,5478
Air India,Bangalore,Delhi,08:00,14:02,0,Economy,2.92,32,6303
Vistara,Chennai,Hyderabad,21:00,00:28,0,Business,6.82,33,15920
Vistara,Kolkata,Hyderabad,13:00,19:11,0,Economy,9.42,42,6243
Indigo,Bangalore,Mumbai,10:00,13:58,1,Economy,7.68,44,6295
Vistara,Bangalore,Chennai,00:00,02:24,2,Business,3.78,49,16133
SpiceJet,Mumbai,Chennai,08:00,12:23,1,Business,13.75,5,20493
Indigo,Hyderabad,Bangalore,10:00,12:52,0,Economy,6.7,38,6066
Indigo,Kolkata,Chennai,14:00,19:07,0,Economy,8.99,48,4917
Air India,Hyderabad,Chennai,16:00,21:31,0,Business,6.3,49,16664
AirAsia,Kolkata,Mumbai,08:00,10:59,0,Economy,11.31,42,5814
SpiceJet,Kolkata,Delhi,12:00,17:30,2,Economy,7.79,35,9808
AirAsia,Chennai,Bangalore,07:00,09:11,2,Economy,5.34,15,11175
AirAsia,Bangalore,Mumbai,15:00,20:12,0,Economy,11.92,6,8392
GO FIRST,Hyderabad,Bangalore,09:00,13:13,2,Economy,8.92,49,7499
Vistara,Bangalore,Mumbai,18:00,23:50,0,Economy,10.68,7,10115
GO FIRST,Delhi,Bangalore,17:00,22:08,2,Economy,10.92,44,7716
SpiceJet,Kolkata,Delhi,18:00,22:09,2,Economy,11.1,44,8812
Indigo,Mumbai,Hyderabad,05:00,08:15,1,Economy,7.1,25,7245
Air India,Kolkata,Mumbai,00:00,03:41,0,Economy,6.78,27,7087
GO FIRST,Bangalore,Kolkata,08:00,11:15,0,Economy,2.77,20,6176
Air India,Chennai,Mumbai,02:00,08:36,0,Economy,11.89,35,8137
SpiceJet,Chennai,Kolkata,03:00,05:27,0,Business,10.41,18,19787
Air India,Hyderabad,Chennai,04:00,06:25,0,Business,3.05,15,19866
AirAsia,Bangalore,Hyderabad,03:00,09:09,1,Economy,5.12,33,7737
GO FIRST,Chennai,Hyderabad,03:00,05:21,2,Economy,3.06,25,7836
Vistara,Bangalore,Kolkata,09:00,11:54,2,Business,13.42,1,27052
Air India,Kolkata,Delhi,01:00,07:48,2,Economy,9.8,25,11806
SpiceJet,Mumbai,Bangalore,10:00,12:05,0,Business,10.98,15,22765
Indigo,Bangalore,Hyderabad,15:00,19:20,2,Economy,12.58,32,11313
SpiceJet,Hyderabad,Bangalore,22:00,00:44,0,Economy,6.65,47,4188
SpiceJet,Chennai,Bangalore,09:00,13:30,2,Economy,4.9,41,8538
Indigo,Kolkata,Bangalore,06:00,12:38,2,Economy,8.76,12,13676
AirAsia,Hyderabad,Mumbai,09:00,12:14,1,Economy,7.54,5,11912
Vistara,Delhi,Hyderabad,05:00,08:20,0,Economy,7.54,1,9758
Indigo,Mumbai,Kolkata,03:00,06:15,0,Economy,10.15,29,6497
Air India,Hyderabad,Bangalore,07:00,12:16,1,Economy,8.86,7,10885
Indigo,Kolkata,Mumbai,06:00,11:15,2,Economy,13.96,37,9001
AirAsia,Bangalore,Hyderabad,10:00,16:17,0,Economy,6.37,22,8374
GO FIRST,Bangalore,Hyderabad,19:00,01:02,2,Economy,10.35,16,9427
AirAsia,Mumbai,Chennai,22:00,03:51,0,Economy,8.06,11,9026
Air India,Kolkata,Mumbai,06:00,10:01,1,Economy,7.68,8,9795
Vistara,Bangalore,Chennai,11:00,14:21,1,Economy,11.35,31,8884
SpiceJet,Bangalore,Hyderabad,09:00,15:23,2,Business,9.04,40,21840
GO FIRST,Kolkata,Mumbai,11:00,13:42,1,Economy,9.56,6,10069
Indigo,Kolkata,Bangalore,01:00,05:50,1,Economy,8.41,12,9575
GO FIRST,Delhi,Kolkata,17:00,21:34,2,Economy,12.54,12,10358
AirAsia,Mumbai,Hyderabad,09:00,13:12,1,Business,3.89,32,17122
SpiceJet,Bangalore,Hyderabad,20:00,00:06,2,Economy,11.08,41,7300
Air India,Hyderabad,Bangalore,04:00,10:50,0,Economy,3.81,13,8066
Air India,Chennai,Delhi,23:00,01:41,1,Economy,7.26,6,10063
SpiceJet,Mumbai,Chennai,00:00,04:18,2,Economy,7.78,11,9590
Air India,Chennai,Bangalore,05:00,10:03,1,Economy,2.22,33,6604
SpiceJet,Bangalore,Hyderabad,13:00,17:33,2,Economy,10.3,2,10533
Indigo,Chennai,Delhi,06:00,09:54,1,Business,4.5,14,25053
Air India,Bangalore,Chennai,05:00,08:12,2,Business,14.91,44,19702
Air India,Hyderabad,Kolkata,18:00,23:31,1,Economy,6.24,25,7332
AirAsia,Hyderabad,Chennai,17:00,21:34,2,Economy,9.53,32,9176
Indigo,Delhi,Kolkata,08:00,11:33,1,Economy,11.45,37,8800
Air India,Hyderabad,Bangalore,21:00,01:29,2,Economy,13.53,14,10646
AirAsia,Kolkata,Hyderabad,02:00,07:54,0,Economy,14.3,25,7668
SpiceJet,Hyderabad,Chennai,07:00,11:45,2,Business,7.27,25,22789
Vistara,Hyderabad,Chennai,21:00,23:32,0,Economy,5.71,28,6605
Indigo,Mumbai,Kolkata,04:00,07:51,0,Economy,6.14,10,9525
Air India,Delhi,Bangalore,21:00,02:45,2,Business,8.81,38,24848
Air India,Bangalore,Chennai,14:00,16:55,1,Economy,2.83,33,7760
Vistara,Hyderabad,Chennai,03:00,08:24,1,Economy,4.56,46,5663
SpiceJet,Kolkata,Bangalore,03:00,05:39,0,Economy,4.57,21,7920
Air India,Kolkata,Chennai,13:00,18:45,2,Economy,14.48,4,11392
GO FIRST,Bangalore,Delhi,11:00,14:04,1,Business,13.72,30,22085
Indigo,Mumbai,Kolkata,11:00,14:57,0,Economy,8.66,1,8971
Indigo,Hyderabad,Kolkata,03:00,07:44,1,Business,8.7,33,22259
SpiceJet,Hyderabad,Delhi,02:00,05:02,1,Business,13.14,45,18833
Air India,Mumbai,Hyderabad,15:00,21:29,1,Business,4.16,39,14965
GO FIRST,Bangalore,Kolkata,16:00,20:44,2,Economy,5.51,2,11243
AirAsia,Kolkata,Bangalore,06:00,11:23,1,Economy,3.33,49,5991
Indigo,Hyderabad,Kolkata,00:00,02:28,0,Business,4.76,30,17064
AirAsia,Delhi,Bangalore,17:00,23:45,2,Economy,3.85,8,12829
Vistara,Bangalore,Kolkata,12:00,17:27,2,Economy,12.5,37,10782
SpiceJet,Mumbai,Chennai,15:00,18:21,0,Business,2.48,29,16048
AirAsia,Delhi,Hyderabad,06:00,10:53,0,Economy,13.76,15,10340
Air India,Mumbai,Kolkata,12:00,17:05,0,Economy,5.14,36,5818
Vistara,Mumbai,Delhi,06:00,10:23,2,Economy,5.5,2,13309
Indigo,Hyderabad,Bangalore,03:00,07:41,0,Economy,12.69,26,8804
GO FIRST,Delhi,Mumbai,11:00,14:24,0,Economy,12.38,44,5213
GO FIRST,Hyderabad,Kolkata,23:00,04:18,2,Economy,5.59,33,8308
Vistara,Hyderabad,Chennai,14:00,20:15,2,Economy,11.78,41,8935
Air India,Mumbai,Chennai,07:00,11:02,1,Business,7.66,43,18827
SpiceJet,Mumbai,Delhi,04:00,09:21,2,Business,12.47,41,19891
AirAsia,Kolkata,Bangalore,10:00,13:15,1,Business,3.14,1,19791
SpiceJet,Mumbai,Chennai,18:00,22:18,2,Economy,10.48,20,13216
Vistara,Hyderabad,Kolkata,06:00,09:53,2,Economy,4.95,2,13923
Indigo,Chennai,Mumbai,11:00,13:42,0,Economy,10.61,49,4440
Vistara,Bangalore,Kolkata,05:00,11:26,1,Business,10.03,29,21841
GO FIRST,Chennai,Bangalore,18:00,20:12,2,Business,3.45,2,19161
SpiceJet,Kolkata,Mumbai,09:00,11:06,1,Business,9.68,15,25576
Air India,Kolkata,Delhi,13:00,17:58,2,Economy,11.68,8,13061
Vistara,Mumbai,Hyderabad,07:00,12:40,1,Economy,11.03,35,9307
SpiceJet,Bangalore,Mumbai,00:00,06:54,1,Business,2.35,27,22587
AirAsia,Mumbai,Chennai,01:00,04:55,0,Economy,7.32,39,5426
AirAsia,Delhi,Hyderabad,00:00,02:05,0,Economy,9.75,45,5425
Indigo,Mumbai,Delhi,06:00,09:59,1,Business,5.88,31,22889
AirAsia,Hyderabad,Mumbai,21:00,23:36,1,Business,6.78,2,22605
Air India,Bangalore,Kolkata,21:00,01:33,0,Economy,4.92,4,7006
Indigo,Bangalore,Kolkata,02:00,05:08,0,Economy,2.35,12,7793
Air India,Delhi,Chennai,00:00,03:02,1,Economy,10.03,39,6966
Indigo,Delhi,Chennai,03:00,07:28,1,Business,13.73,33,24041
Vistara,Delhi,Bangalore,16:00,18:41,0,Business,11.45,20,22255
AirAsia,Delhi,Kolkata,11:00,17:48,1,Economy,7.26,3,11014
Indigo,Bangalore,Delhi,07:00,12:11,1,Economy,3.78,39,7218
Indigo,Mumbai,Hyderabad,16:00,18:32,2,Economy,6.45,8,10845
Air India,Chennai,Kolkata,07:00,12:14,1,Economy,5.45,3,10549
Vistara,Chennai,Kolkata,23:00,01:16,1,Economy,6.44,35,7602
GO FIRST,Chennai,Hyderabad,21:00,00:09,1,Economy,3.06,11,8611
Vistara,Delhi,Bangalore,22:00,01:36,0,Economy,13.72,3,8874
AirAsia,Delhi,Mumbai,15:00,17:25,0,Economy,6.82,45,5157
Air India,Chennai,Kolkata,06:00,09:00,0,Economy,2.18,44,3744
Vistara,Kolkata,Chennai,21:00,03:50,1,Business,10.37,35,17836
Indigo,Chennai,Kolkata,18:00,23:38,1,Business,8.26,43,20534
Air India,Delhi,Mumbai,19:00,00:16,0,Economy,9.6,19,7411
Air India,Bangalore,Hyderabad,08:00,13:55,2,Economy,9.33,10,12124
Vistara,Chennai,Hyderabad,13:00,19:22,1,Economy,5.94,12,9247
Air India,Mumbai,Kolkata,11:00,13:17,1,Economy,3.76,42,7011
AirAsia,Kolkata,Hyderabad,22:00,00:04,2,Economy,9.61,13,9940
GO FIRST,Hyderabad,Chennai,16:00,22:33,2,Economy,7.01,25,9635
Indigo,Bangalore,Chennai,01:00,07:29,1,Business,7.49,30,19053
Vistara,Bangalore,Mumbai,07:00,10:56,0,Economy,9.42,12,8810
SpiceJet,Bangalore,Kolkata,21:00,01:39,1,Economy,2.94,31,6359
GO FIRST,Mumbai,Chennai,09:00,15:51,0,Economy,7.42,43,4506
GO FIRST,Mumbai,Bangalore,09:00,11:51,2,Economy,3.88,6,10482
Indigo,Kolkata,Bangalore,21:00,23:44,0,Economy,10.96,5,10317
Indigo,Chennai,Bangalore,02:00,08:22,1,Economy,5.51,3,8412
GO FIRST,Mumbai,Bangalore,19:00,23:31,0,Economy,14.73,21,8290
GO FIRST,Chennai,Kolkata,15:00,19:14,0,Economy,6.27,26,6670
Vistara,Hyderabad,Mumbai,09:00,12:54,0,Economy,11.22,43,6462
GO FIRST,Mumbai,Hyderabad,00:00,05:45,1,Business,13.63,34,23347
Air India,Hyderabad,Delhi,07:00,12:11,2,Economy,12.04,9,11107
Air India,Kolkata,Chennai,16:00,22:53,0,Business,3.52,1,23696
SpiceJet,Kolkata,Bangalore,11:00,16:11,2,Economy,11.72,10,12605
Air India,Kolkata,Chennai,17:00,23:24,0,Economy,13.09,23,8857
GO FIRST,Delhi,Hyderabad,17:00,22:08,2,Economy,7.37,17,12329
Indigo,Bangalore,Kolkata,18:00,00:50,2,Economy,7.11,12,11188
Indigo,Delhi,Chennai,20:00,22:56,1,Economy,6.13,32,8821
GO FIRST,Delhi,Chennai,12:00,15:59,0,Economy,11.22,31,8310
SpiceJet,Bangalore,Delhi,06:00,08:26,1,Economy,9.41,4,11255
AirAsia,Mumbai,Delhi,06:00,11:16,1,Economy,4.0,5,11724
GO FIRST,Mumbai,Chennai,20:00,23:11,2,Economy,3.58,28,9273
AirAsia,Delhi,Kolkata,08:00,11:29,1,Business,14.84,25,26012
GO FIRST,Delhi,Chennai,10:00,15:58,2,Economy,8.94,49,7518
GO FIRST,Delhi,Mumbai,10:00,14:45,0,Economy,2.91,15,7506
SpiceJet,Chennai,Kolkata,11:00,17:54,0,Economy,9.57,30,6915
AirAsia,Kolkata,Mumbai,10:00,13:23,2,Economy,3.27,37,9089
AirAsia,Mumbai,Delhi,23:00,04:07,2,Economy,6.45,31,8246
Indigo,Kolkata,Hyderabad,02:00,06:48,2,Economy,9.44,25,10309
SpiceJet,Bangalore,Hyderabad,18:00,21:59,0,Economy,14.25,2,11629
Indigo,Hyderabad,Mumbai,03:00,05:10,0,Economy,3.5,24,6257
Air India,Mumbai,Hyderabad,01:00,05:08,0,Economy,7.17,44,4525
AirAsia,Hyderabad,Mumbai,05:00,07:55,1,Economy,5.1,37,6170
Indigo,Delhi,Hyderabad,15:00,21:42,2,Economy,10.05,2,14613
Indigo,Chennai,Delhi,22:00,00:28,1,Economy,9.24,13,11987
SpiceJet,Chennai,Bangalore,18:00,20:00,0,Economy,6.77,23,6037
Vistara,Mumbai,Chennai,10:00,15:39,1,Business,11.79,1,26032
GO FIRST,Delhi,Chennai,13:00,19:15,2,Economy,6.1,28,8851
Indigo,Delhi,Hyderabad,09:00,13:04,2,Business,13.66,7,21726
Indigo,Kolkata,Bangalore,02:00,05:09,2,Business,14.45,3,27078
SpiceJet,Mumbai,Kolkata,02:00,06:15,1,Economy,14.37,22,11094
Vistara,Chennai,Bangalore,18:00,22:46,2,Business,5.21,20,19426
Vistara,Bangalore,Delhi,18:00,23:03,2,Business,5.92,14,25959
GO FIRST,Mumbai,Kolkata,07:00,10:46,2,Economy,12.0,16,13274
Vistara,Hyderabad,Chennai,20:00,22:55,2,Economy,3.83,41,6745
Indigo,Bangalore,Hyderabad,06:00,11:49,0,Economy,14.83,28,6677
Vistara,Hyderabad,Mumbai,14:00,20:37,2,Economy,8.72,17,11936
Air India,Mumbai,Delhi,05:00,07:18,0,Economy,13.46,3,12307
AirAsia,Bangalore,Mumbai,19:00,21:05,2,Business,2.59,29,23410
GO FIRST,Mumbai,Chennai,04:00,10:03,2,Economy,13.58,32,8636
AirAsia,Hyderabad,Chennai,15:00,19:57,2,Economy,7.56,23,9482
Vistara,Hyderabad,Kolkata,21:00,00:24,2,Economy,5.0,14,8538
Air India,Mumbai,Hyderabad,06:00,11:20,1,Economy,6.72,6,12161
Vistara,Kolkata,Delhi,04:00,10:48,2,Economy,4.7,35,9610
SpiceJet,Chennai,Mumbai,14:00,16:00,2,Business,7.59,8,28193
GO FIRST,Kolkata,Delhi,07:00,09:43,0,Economy,11.89,4,9887
Indigo,Delhi,Kolkata,21:00,02:33,1,Economy,2.88,32,7939
Vistara,Kolkata,Hyderabad,22:00,02:40,0,Economy,14.17,19,8501
SpiceJet,Hyderabad,Chennai,01:00,04:12,2,Economy,5.02,6,11822
Vistara,Chennai,Delhi,23:00,05:20,0,Economy,6.02,3,7634
Vistara,Mumbai,Chennai,11:00,16:28,2,Economy,4.27,13,11418
Indigo,Mumbai,Hyderabad,20:00,22:40,2,Economy,12.35,28,10896
Vistara,Delhi,Hyderabad,23:00,03:27,1,Economy,7.58,33,8050
Indigo,Hyderabad,Mumbai,22:00,03:10,2,Economy,11.33,3,10968
SpiceJet,Hyderabad,Chennai,21:00,01:49,2,Business,2.89,48,19906
SpiceJet,Delhi,Chennai,12:00,18:45,1,Business,2.39,46,20448
Indigo,Chennai,Hyderabad,03:00,08:08,2,Business,14.39,4,23359
Indigo,Delhi,Kolkata,23:00,05:44,2,Economy,12.99,26,11823
Vistara,Mumbai,Kolkata,17:00,20:19,1,Business,2.28,39,18525
SpiceJet,Kolkata,Mumbai,00:00,02:24,1,Economy,12.89,21,10831
Indigo,Mumbai,Chennai,06:00,11:37,1,Economy,3.79,6,9983
Air India,Delhi,Hyderabad,07:00,11:19,0,Economy,4.11,46,4879
Vistara,Hyderabad,Chennai,09:00,15:21,1,Economy,9.37,46,6057
Indigo,Chennai,Bangalore,23:00,05:51,0,Economy,11.17,33,6331
AirAsia,Mumbai,Delhi,00:00,03:41,2,Business,8.49,29,22315
Vistara,Hyderabad,Bangalore,01:00,05:27,2,Business,5.02,11,22597
Vistara,Kolkata,Hyderabad,16:00,22:04,2,Economy,9.49,43,9902
GO FIRST,Kolkata,Bangalore,11:00,16:21,0,Economy,6.96,15,8028
Vistara,Hyderabad,Kolkata,11:00,17:30,1,Economy,6.89,25,7154
AirAsia,Mumbai,Hyderabad,01:00,03:27,2,Economy,12.97,9,15127
SpiceJet,Mumbai,Hyderabad,08:00,13:58,1,Business,2.53,35,22014
Indigo,Mumbai,Chennai,11:00,16:52,0,Economy,10.28,40,6447
AirAsia,Mumbai,Bangalore,16:00,19:23,1,Economy,10.67,25,10372
Air India,Delhi,Mumbai,23:00,03:15,0,Economy,4.18,35,5933
SpiceJet,Kolkata,Bangalore,13:00,19:25,1,Economy,10.1,2,13540
Indigo,Chennai,Hyderabad,08:00,13:37,1,Economy,2.85,26,7666
GO FIRST,Hyderabad,Delhi,01:00,05:11,1,Economy,6.37,40,5982
AirAsia,Delhi,Bangalore,10:00,15:16,2,Business,12.3,37,24162
GO FIRST,Bangalore,Mumbai,10:00,14:17,0,Economy,14.19,45,5789
Vistara,Hyderabad,Mumbai,04:00,08:30,1,Business,11.47,21,24922
Indigo,Hyderabad,Kolkata,02:00,07:01,0,Economy,5.31,47,5163
Indigo,Chennai,Kolkata,13:00,16:18,0,Business,5.07,5,23135
Indigo,Bangalore,Hyderabad,23:00,05:10,2,Economy,4.93,22,10832
AirAsia,Delhi,Kolkata,22:00,03:21,1,Economy,2.03,28,7561
GO FIRST,Bangalore,Mumbai,01:00,07:39,0,Economy,6.0,2,9193
SpiceJet,Bangalore,Hyderabad,14:00,17:40,1,Economy,5.33,23,9455
Indigo,Mumbai,Bangalore,21:00,01:49,2,Economy,11.37,39,7662
Vistara,Mumbai,Kolkata,06:00,12:09,1,Economy,11.61,36,8878
AirAsia,Delhi,Chennai,23:00,02:26,1,Economy,5.23,40,7047
Air India,Mumbai,Kolkata,15:00,19:31,1,Economy,12.67,36,8950
Air India,Mumbai,Delhi,05:00,10:48,2,Economy,13.23,19,10528
GO FIRST,Chennai,Kolkata,14:00,19:24,0,Economy,12.57,31,8199
AirAsia,Hyderabad,Kolkata,16:00,21:32,0,Economy,12.72,30,7362
Indigo,Chennai,Kolkata,06:00,08:41,0,Economy,10.31,40,5436
Indigo,Chennai,Kolkata,17:00,19:50,1,Economy,6.65,5,8520
SpiceJet,Mumbai,Hyderabad,09:00,14:26,1,Economy,7.69,31,7818
Indigo,Chennai,Mumbai,20:00,22:31,1,Economy,12.14,29,10508
Vistara,Delhi,Hyderabad,03:00,07:07,0,Economy,5.19,40,5383
AirAsia,Delhi,Hyderabad,05:00,07:15,2,Economy,6.38,20,10834
Vistara,Delhi,Mumbai,14:00,16:21,2,Economy,10.23,47,9492
AirAsia,Hyderabad,Kolkata,19:00,22:42,0,Economy,5.52,32,6238
Indigo,Delhi,Chennai,12:00,17:49,2,Economy,9.71,37,9898
SpiceJet,Chennai,Bangalore,14:00,16:43,1,Economy,2.04,18,8686
Air India,Kolkata,Bangalore,03:00,08:24,0,Business,4.13,42,19787
GO FIRST,Hyderabad,Delhi,12:00,18:09,0,Economy,8.82,2,10429
Air India,Delhi,Mumbai,02:00,04:48,2,Economy,11.46,15,13381
Air India,Kolkata,Mumbai,03:00,05:03,0,Economy,5.84,19,8439
Vistara,Kolkata,Chennai,11:00,15:09,1,Economy,11.4,24,11118
Vistara,Kolkata,Chennai,11:00,16:16,1,Economy,14.63,35,8714
GO FIRST,Hyderabad,Delhi,23:00,05:41,0,Economy,13.62,36,6979
AirAsia,Delhi,Hyderabad,04:00,06:12,1,Economy,4.72,17,7908
AirAsia,Kolkata,Chennai,01:00,07:32,2,Economy,3.7,15,11644
Vistara,Delhi,Kolkata,10:00,14:28,0,Economy,10.17,38,6824
AirAsia,Mumbai,Delhi,04:00,10:34,1,Economy,7.27,32,7402
Indigo,Mumbai,Kolkata,15:00,20:00,0,Economy,4.57,2,10067
Air India,Hyderabad,Bangalore,21:00,00:08,1,Economy,11.75,45,8083
GO FIRST,Delhi,Chennai,20:00,01:39,0,Economy,8.45,32,5826
AirAsia,Bangalore,Hyderabad,13:00,19:28,0,Economy,12.6,45,4846
Air India,Kolkata,Bangalore,04:00,07:31,2,Economy,5.49,27,9635
Air India,Delhi,Kolkata,05:00,11:41,2,Economy,13.46,30,12424
AirAsia,Kolkata,Mumbai,22:00,00:49,0,Economy,14.94,9,10568
Indigo,Chennai,Mumbai,04:00,10:54,1,Economy,12.38,7,11003
Vistara,Bangalore,Hyderabad,07:00,09:49,2,Economy,14.87,31,9144
Air India,Chennai,Bangalore,06:00,10:24,0,Economy,14.71,10,9915
AirAsia,Mumbai,Delhi,03:00,06:06,1,Economy,11.94,8,12476
GO FIRST,Bangalore,Chennai,02:00,07:20,0,Economy,5.48,8,6952
Vistara,Kolkata,Hyderabad,00:00,04:25,2,Economy,2.04,11,10408
GO FIRST,Delhi,Hyderabad,23:00,04:52,2,Economy,9.34,15,11990
Air India,Mumbai,Chennai,04:00,06:43,0,Economy,6.16,35,6304
Air India,Delhi,Mumbai,05:00,09:35,0,Business,8.14,37,21073
Indigo,Hyderabad,Bangalore,23:00,05:42,2,Business,11.38,33,21921
SpiceJet,Kolkata,Hyderabad,09:00,11:44,2,Economy,11.62,29,9361
Air India,Kolkata,Bangalore,13:00,15:56,2,Economy,9.08,47,6934
AirAsia,Chennai,Hyderabad,04:00,06:11,2,Economy,5.32,15,12128
Indigo,Mumbai,Chennai,21:00,03:06,2,Economy,8.82,5,11255
Vistara,Kolkata,Bangalore,08:00,11:27,1,Economy,10.29,30,8618
AirAsia,Chennai,Hyderabad,20:00,01:49,2,Economy,10.83,37,9988
Indigo,Bangalore,Mumbai,15:00,18:07,2,Business,6.79,11,25594
Vistara,Bangalore,Hyderabad,13:00,18:56,0,Economy,5.69,43,4878
Indigo,Mumbai,Chennai,08:00,12:22,0,Economy,8.54,2,8920
AirAsia,Chennai,Kolkata,02:00,06:08,2,Business,5.85,17,21979
Vistara,Mumbai,Delhi,13:00,17:15,2,Economy,13.94,48,9631
Air India,Kolkata,Delhi,11:00,14:39,1,Economy,4.81,11,8850
SpiceJet,Delhi,Chennai,16:00,22:36,0,Economy,2.12,9,8334
Indigo,Mumbai,Hyderabad,17:00,19:49,1,Economy,12.08,19,9228
AirAsia,Bangalore,Mumbai,00:00,04:47,1,Economy,10.93,33,9770
Indigo,Hyderabad,Kolkata,21:00,00:39,1,Business,7.35,1,22199
GO FIRST,Bangalore,Kolkata,12:00,15:41,1,Economy,10.57,23,9065
Vistara,Mumbai,Chennai,02:00,05:57,2,Economy,7.22,42,6697
AirAsia,Kolkata,Delhi,08:00,14:29,1,Economy,4.54,36,6665
AirAsia,Chennai,Bangalore,09:00,14:39,1,Economy,12.15,45,6898
SpiceJet,Mumbai,Bangalore,15:00,19:22,0,Economy,6.81,26,7646
Indigo,Kolkata,Hyderabad,04:00,08:55,0,Business,6.02,9,19983
SpiceJet,Chennai,Bangalore,03:00,09:01,1,Business,12.8,20,18588
GO FIRST,Chennai,Kolkata,07:00,12:05,0,Economy,7.4,45,4320
GO FIRST,Chennai,Bangalore,06:00,09:08,0,Economy,14.15,48,5182
Vistara,Chennai,Bangalore,02:00,05:59,1,Business,9.58,34,17654
AirAsia,Bangalore,Hyderabad,02:00,06:58,2,Economy,2.2,48,6492
Air India,Mumbai,Kolkata,20:00,01:56,0,Economy,10.16,12,9806
GO FIRST,Bangalore,Hyderabad,06:00,08:42,1,Business,9.69,43,22507
Indigo,Bangalore,Kolkata,07:00,12:59,0,Business,9.07,23,20606
Vistara,Mumbai,Bangalore,10:00,15:10,0,Economy,6.04,37,4935
Vistara,Delhi,Mumbai,12:00,14:27,2,Economy,6.65,13,11618
SpiceJet,Delhi,Chennai,06:00,08:50,1,Economy,9.07,11,10554
AirAsia,Chennai,Bangalore,13:00,18:42,0,Business,7.39,13,23177
GO FIRST,Hyderabad,Chennai,14:00,16:06,2,Economy,10.81,25,10051
GO FIRST,Bangalore,Delhi,08:00,14:33,1,Economy,11.02,27,9752
Indigo,Delhi,Kolkata,15:00,19:38,0,Economy,8.8,2,8488
AirAsia,Chennai,Kolkata,07:00,13:20,2,Business,11.78,39,24944
AirAsia,Mumbai,Delhi,16:00,20:37,2,Economy,14.12,33,10555
GO FIRST,Chennai,Kolkata,01:00,06:41,1,Economy,9.4,38,6290
Air India,Chennai,Bangalore,05:00,11:31,0,Economy,6.14,44,4430
AirAsia,Mumbai,Chennai,08:00,10:06,2,Economy,14.98,37,8892
SpiceJet,Chennai,Delhi,08:00,13:16,1,Economy,7.18,31,8011
SpiceJet,Hyderabad,Mumbai,19:00,22:18,1,Economy,12.16,46,6552
Air India,Delhi,Bangalore,23:00,05:45,0,Economy,9.93,5,9565
SpiceJet,Delhi,Kolkata,12:00,17:23,2,Economy,8.6,10,11914
GO FIRST,Hyderabad,Chennai,06:00,12:03,2,Economy,14.6,38,9382
AirAsia,Chennai,Hyderabad,21:00,23:30,2,Economy,5.54,14,10938
Vistara,Delhi,Chennai,05:00,09:29,1,Economy,8.02,19,10713
Vistara,Bangalore,Kolkata,03:00,08:30,0,Economy,3.98,15,8128
AirAsia,Delhi,Hyderabad,13:00,19:01,0,Economy,2.78,10,8474
Vistara,Mumbai,Bangalore,11:00,17:35,0,Economy,4.27,27,6725
Air India,Bangalore,Chennai,03:00,09:25,1,Economy,12.13,49,6147
GO FIRST,Kolkata,Delhi,04:00,09:19,1,Economy,6.46,41,6792
Vistara,Hyderabad,Bangalore,15:00,19:14,2,Economy,10.26,44,9104
Air India,Mumbai,Bangalore,09:00,14:10,1,Economy,8.45,48,5286
Indigo,Mumbai,Chennai,07:00,10:50,2,Economy,11.71,34,9076
Indigo,Chennai,Kolkata,16:00,19:34,2,Economy,6.06,48,8283
Vistara,Kolkata,Hyderabad,11:00,17:21,2,Economy,14.01,6,13799
SpiceJet,Kolkata,Hyderabad,15:00,19:55,1,Economy,2.26,6,10778
AirAsia,Mumbai,Bangalore,12:00,18:59,2,Economy,11.03,30,8547
Vistara,Hyderabad,Bangalore,21:00,01:33,1,Economy,7.39,6,11375
Vistara,Delhi,Mumbai,15:00,18:31,0,Economy,14.93,40,7132
AirAsia,Kolkata,Bangalore,15:00,21:41,1,Economy,4.43,23,6769
Indigo,Bangalore,Mumbai,20:00,02:11,1,Business,13.98,9,18854
GO FIRST,Mumbai,Delhi,14:00,18:31,2,Business,4.26,12,26619
SpiceJet,Chennai,Mumbai,11:00,15:11,1,Economy,13.98,48,6584
Vistara,Kolkata,Hyderabad,12:00,14:56,2,Economy,3.72,38,8597
AirAsia,Chennai,Kolkata,02:00,06:00,0,Economy,13.77,28,7407
Vistara,Delhi,Bangalore,22:00,01:23,0,Economy,13.4,2,9698
SpiceJet,Mumbai,Hyderabad,14:00,18:18,1,Economy,11.47,48,5646
SpiceJet,Mumbai,Hyderabad,10:00,12:17,0,Economy,6.19,30,6204
Air India,Delhi,Hyderabad,13:00,15:05,1,Business,4.68,35,19265
Vistara,Bangalore,Chennai,18:00,22:16,2,Economy,3.5,39,7781
SpiceJet,Hyderabad,Delhi,10:00,14:45,0,Economy,5.32,17,7113
AirAsia,Bangalore,Kolkata,07:00,10:02,2,Economy,10.77,7,12333
SpiceJet,Bangalore,Kolkata,17:00,19:10,2,Economy,3.93,24,9127
Air India,Bangalore,Mumbai,03:00,05:52,0,Economy,6.0,20,7754
AirAsia,Delhi,Hyderabad,09:00,13:34,1,Economy,9.62,45,7533
AirAsia,Kolkata,Chennai,13:00,15:30,2,Economy,13.42,49,9213
AirAsia,Mumbai,Delhi,20:00,23:50,1,Business,8.86,46,16457
Indigo,Mumbai,Chennai,00:00,05:04,0,Economy,13.61,26,7385
GO FIRST,Mumbai,Kolkata,01:00,03:21,2,Economy,13.56,44,10607
AirAsia,Chennai,Delhi,01:00,07:35,2,Economy,3.6,17,9710
Indigo,Delhi,Bangalore,03:00,09:48,2,Economy,3.6,8,10536
Air India,Kolkata,Mumbai,16:00,19:33,2,Economy,12.33,12,10055
SpiceJet,Kolkata,Chennai,05:00,10:18,0,Business,3.26,46,16708
SpiceJet,Mumbai,Bangalore,15:00,17:56,2,Economy,6.27,33,8176
Indigo,Chennai,Hyderabad,05:00,11:10,2,Business,2.32,17,20318
SpiceJet,Chennai,Kolkata,19:00,00:46,2,Economy,7.96,29,10244
Vistara,Hyderabad,Bangalore,20:00,01:22,0,Business,12.81,44,14702
SpiceJet,Hyderabad,Kolkata,01:00,04:14,1,Business,3.82,17,23083
GO FIRST,Chennai,Hyderabad,06:00,12:52,0,Economy,5.57,3,9886
Air India,Chennai,Bangalore,14:00,18:38,1,Economy,5.12,43,6476
SpiceJet,Mumbai,Hyderabad,18:00,21:06,0,Economy,10.47,3,8470
Indigo,Kolkata,Mumbai,06:00,10:59,1,Economy,10.81,7,9055
GO FIRST,Bangalore,Delhi,16:00,19:02,0,Economy,3.95,49,4380
Vistara,Mumbai,Delhi,04:00,06:48,2,Economy,10.53,45,8218
SpiceJet,Chennai,Bangalore,05:00,07:21,2,Business,7.61,45,18552
Air India,Delhi,Hyderabad,17:00,22:29,1,Business,9.18,30,20828
AirAsia,Hyderabad,Kolkata,04:00,08:56,2,Economy,10.49,4,10960
Air India,Mumbai,Delhi,10:00,14:30,1,Economy,12.67,24,9440
GO FIRST,Chennai,Delhi,16:00,20:54,0,Economy,2.54,6,8655
GO FIRST,Kolkata,Mumbai,15:00,21:04,0,Business,14.3,27,21638
Vistara,Bangalore,Chennai,12:00,16:39,1,Economy,7.59,35,6210
Indigo,Bangalore,Chennai,07:00,10:45,1,Economy,13.81,20,11858
SpiceJet,Mumbai,Delhi,10:00,15:22,2,Economy,11.72,6,15020
AirAsia,Chennai,Mumbai,18:00,22:56,2,Business,3.07,41,23378
Vistara,Delhi,Kolkata,19:00,01:18,0,Economy,14.96,39,6351
GO FIRST,Chennai,Mumbai,19:00,01:51,0,Economy,8.69,48,5585
Indigo,Kolkata,Delhi,09:00,12:04,1,Business,10.95,1,27883
GO FIRST,Kolkata,Bangalore,03:00,06:16,1,Economy,12.34,41,8816
GO FIRST,Bangalore,Mumbai,21:00,00:05,2,Economy,10.72,23,11133
AirAsia,Kolkata,Chennai,14:00,17:18,0,Economy,6.82,18,8642
Air India,Bangalore,Chennai,06:00,10:51,2,Business,7.97,45,24053
Indigo,Kolkata,Bangalore,02:00,07:50,0,Economy,9.46,16,9646
GO FIRST,Mumbai,Hyderabad,01:00,04:27,2,Economy,7.95,17,8975
Indigo,Kolkata,Bangalore,05:00,11:40,2,Business,6.72,31,23873
Indigo,Delhi,Bangalore,07:00,13:46,2,Economy,14.59,35,9115
Indigo,Hyderabad,Kolkata,18:00,21:35,0,Business,2.2,45,16077
Indigo,Hyderabad,Kolkata,13:00,18:32,0,Business,5.67,3,18754
AirAsia,Bangalore,Mumbai,01:00,04:07,1,Economy,9.5,2,10764
Indigo,Delhi,Mumbai,19:00,01:30,0,Economy,6.07,4,7759
GO FIRST,Bangalore,Mumbai,15:00,21:04,2,Business,12.2,41,17320
Vistara,Hyderabad,Delhi,23:00,05:36,1,Economy,13.45,12,11190
Vistara,Mumbai,Hyderabad,15:00,18:33,0,Economy,10.37,30,5871
GO FIRST,Chennai,Kolkata,01:00,04:53,0,Business,4.73,16,21800
Air India,Mumbai,Hyderabad,09:00,14:06,2,Economy,5.65,34,10407
Indigo,Mumbai,Chennai,14:00,17:41,1,Business,14.64,13,26805
Indigo,Hyderabad,Bangalore,15:00,20:43,0,Economy,6.35,24,6454
GO FIRST,Kolkata,Mumbai,01:00,04:36,1,Business,10.63,17,17969
Indigo,Kolkata,Hyderabad,00:00,05:57,1,Business,10.42,12,26481
Indigo,Mumbai,Delhi,05:00,10:41,0,Economy,5.44,7,8347
Air India,Kolkata,Mumbai,11:00,15:31,2,Economy,10.03,42,10255
SpiceJet,Chennai,Mumbai,14:00,19:29,1,Economy,10.76,28,9947
SpiceJet,Hyderabad,Bangalore,21:00,03:04,1,Economy,5.85,28,7031
SpiceJet,Mumbai,Bangalore,21:00,00:12,1,Business,7.74,5,21090
AirAsia,Bangalore,Kolkata,06:00,11:03,0,Economy,10.12,39,5252
GO FIRST,Bangalore,Mumbai,16:00,19:17,0,Economy,8.28,42,5060
Vistara,Kolkata,Mumbai,01:00,03:41,1,Economy,7.4,18,10956
Air India,Bangalore,Chennai,10:00,12:39,2,Business,7.5,28,25841
SpiceJet,Delhi,Mumbai,01:00,04:15,1,Economy,13.67,10,10103
Air India,Delhi,Kolkata,17:00,19:16,2,Economy,8.96,20,9179
Air India,Hyderabad,Chennai,22:00,02:17,2,Economy,6.51,43,6529
SpiceJet,Kolkata,Mumbai,20:00,01:47,2,Economy,7.35,16,8725
GO FIRST,Delhi,Hyderabad,06:00,09:48,2,Business,10.49,31,22422
Air India,Bangalore,Chennai,11:00,17:57,2,Economy,14.73,4,14762
AirAsia,Hyderabad,Delhi,20:00,00:46,2,Economy,4.64,38,6919
AirAsia,Delhi,Chennai,12:00,16:51,1,Economy,10.8,21,9718
Air India,Bangalore,Kolkata,23:00,03:21,2,Economy,7.68,11,10368
Air India,Mumbai,Bangalore,15:00,20:37,2,Economy,4.33,24,7949
SpiceJet,Delhi,Mumbai,11:00,16:15,0,Economy,14.56,40,7361
GO FIRST,Bangalore,Hyderabad,15:00,19:09,2,Economy,5.79,23,9953
GO FIRST,Kolkata,Mumbai,14:00,18:11,1,Economy,8.67,34,8574
GO FIRST,Chennai,Delhi,15:00,17:38,0,Economy,13.53,34,8109
AirAsia,Hyderabad,Kolkata,12:00,16:56,2,Economy,2.02,36,8135
GO FIRST,Bangalore,Mumbai,09:00,14:50,1,Business,8.57,15,19133
SpiceJet,Hyderabad,Mumbai,06:00,12:35,1,Business,9.73,41,22523
AirAsia,Mumbai,Bangalore,23:00,03:57,2,Business,13.4,22,26475
AirAsia,Bangalore,Hyderabad,04:00,07:48,0,Economy,9.21,41,5719
Air India,Chennai,Delhi,06:00,12:04,2,Economy,3.83,21,10135
Air India,Bangalore,Kolkata,09:00,11:56,1,Business,7.45,10,18517
Indigo,Bangalore,Delhi,18:00,20:00,0,Economy,10.26,25,6685
Indigo,Hyderabad,Chennai,04:00,08:10,0,Business,9.44,39,15280
Indigo,Chennai,Delhi,12:00,16:00,2,Economy,10.26,8,12538
GO FIRST,Hyderabad,Mumbai,04:00,06:39,0,Economy,10.57,13,8396
Air India,Chennai,Hyderabad,11:00,17:10,2,Economy,4.77,2,9565
Vistara,Mumbai,Kolkata,00:00,03:49,0,Economy,6.2,26,7445
GO FIRST,Bangalore,Mumbai,17:00,19:00,2,Economy,11.21,38,8687
SpiceJet,Chennai,Mumbai,08:00,13:40,1,Economy,9.35,33,9096
Indigo,Bangalore,Delhi,03:00,08:58,2,Business,9.94,41,24815
GO FIRST,Bangalore,Hyderabad,22:00,04:14,2,Economy,14.34,19,11705
Indigo,Bangalore,Chennai,22:00,04:02,2,Economy,13.73,39,8132
SpiceJet,Bangalore,Chennai,04:00,08:51,0,Economy,11.07,16,9925
Indigo,Mumbai,Hyderabad,02:00,06:18,0,Economy,14.42,22,10147
Vistara,Hyderabad,Kolkata,09:00,11:16,1,Business,13.18,44,21579
Air India,Bangalore,Delhi,17:00,20:29,2,Economy,12.88,17,11340
SpiceJet,Delhi,Chennai,04:00,06:48,0,Economy,10.78,8,7705
GO FIRST,Chennai,Delhi,19:00,23:52,2,Economy,5.23,41,6415
Indigo,Delhi,Bangalore,05:00,10:37,1,Economy,9.2,19,10167
Indigo,Chennai,Hyderabad,09:00,11:49,1,Economy,7.59,14,10245
GO FIRST,Bangalore,Mumbai,10:00,13:43,0,Economy,6.94,11,7780
Indigo,Mumbai,Bangalore,03:00,09:56,1,Business,10.36,49,17216
GO FIRST,Hyderabad,Kolkata,03:00,05:45,1,Economy,6.48,37,5849
Air India,Bangalore,Mumbai,05:00,09:51,1,Economy,10.86,21,8988
SpiceJet,Chennai,Mumbai,07:00,11:14,1,Economy,8.25,28,8097
Indigo,Mumbai,Kolkata,07:00,10:12,0,Economy,8.23,41,5611
Air India,Bangalore,Delhi,00:00,04:09,1,Economy,10.47,36,9542
Air India,Chennai,Kolkata,20:00,22:53,0,Economy,3.12,34,5692
AirAsia,Hyderabad,Kolkata,06:00,08:00,2,Economy,12.79,44,8870
SpiceJet,Mumbai,Bangalore,18:00,22:13,0,Economy,6.87,44,4888
Vistara,Hyderabad,Chennai,23:00,03:45,1,Economy,11.69,40,8660
Vistara,Delhi,Hyderabad,01:00,04:54,2,Economy,3.74,30,9695
AirAsia,Hyderabad,Mumbai,05:00,09:30,1,Economy,5.64,37,8125
GO FIRST,Delhi,Chennai,18:00,00:38,2,Business,15.0,39,21107
Vistara,Chennai,Mumbai,02:00,05:49,1,Business,14.54,19,23470
SpiceJet,Mumbai,Kolkata,15:00,20:25,0,Business,14.68,19,19531
SpiceJet,Delhi,Hyderabad,14:00,18:04,1,Business,7.9,48,21764
SpiceJet,Chennai,Delhi,21:00,01:15,1,Economy,6.14,9,8357
Vistara,Bangalore,Hyderabad,19:00,22:24,2,Economy,13.71,16,12208
Air India,Hyderabad,Kolkata,03:00,07:48,2,Economy,9.45,31,11725
Vistara,Hyderabad,Chennai,12:00,18:46,0,Economy,4.26,40,5116
Vistara,Kolkata,Bangalore,20:00,22:26,0,Business,2.21,24,18727
Air India,Kolkata,Bangalore,14:00,17:50,2,Economy,12.75,3,14707
Vistara,Chennai,Hyderabad,06:00,11:21,1,Economy,9.58,11,12330
Vistara,Delhi,Chennai,18:00,22:22,1,Business,11.66,24,21887
Vistara,Hyderabad,Kolkata,14:00,17:47,0,Economy,11.99,13,8195
Air India,Chennai,Bangalore,23:00,01:47,1,Economy,5.54,19,9072
Indigo,Delhi,Kolkata,08:00,10:20,2,Economy,8.43,15,9476
GO FIRST,Chennai,Bangalore,03:00,09:25,2,Economy,2.28,44,8101
Indigo,Delhi,Chennai,10:00,16:12,0,Economy,7.24,47,4321
Indigo,Bangalore,Delhi,16:00,22:26,0,Economy,4.9,41,4693
SpiceJet,Bangalore,Hyderabad,22:00,01:21,1,Economy,8.87,34,7157
Air India,Kolkata,Hyderabad,14:00,19:13,1,Economy,10.41,23,8202
Indigo,Delhi,Chennai,14:00,16:03,1,Economy,8.23,17,8210
Indigo,Hyderabad,Delhi,02:00,05:37,2,Economy,12.95,35,9380
GO FIRST,Kolkata,Chennai,22:00,01:35,0,Business,7.25,16,18627
Vistara,Chennai,Delhi,10:00,15:06,2,Economy,7.58,31,8842
SpiceJet,Chennai,Delhi,11:00,17:55,0,Economy,8.67,17,8644
Indigo,Delhi,Chennai,09:00,11:30,1,Economy,11.65,48,7595
SpiceJet,Kolkata,Mumbai,09:00,15:11,1,Economy,9.75,41,7636
Indigo,Bangalore,Chennai,06:00,11:33,1,Economy,9.81,46,8215
Indigo,Hyderabad,Kolkata,23:00,01:06,1,Economy,11.16,24,9018
AirAsia,Kolkata,Delhi,19:00,01:09,0,Economy,12.43,13,10543
Indigo,Chennai,Delhi,04:00,10:16,2,Economy,9.19,40,8763
SpiceJet,Chennai,Bangalore,01:00,05:10,1,Economy,11.49,28,7772
SpiceJet,Kolkata,Delhi,15:00,17:57,1,Economy,10.81,33,6892
Air India,Hyderabad,Chennai,00:00,06:46,0,Economy,3.29,2,9795
Vistara,Bangalore,Mumbai,13:00,16:00,0,Economy,10.36,19,7486
AirAsia,Hyderabad,Bangalore,17:00,22:33,2,Economy,13.71,31,11881
Vistara,Delhi,Bangalore,08:00,13:22,0,Economy,2.62,7,8355
Air India,Chennai,Mumbai,15:00,18:03,1,Economy,2.92,12,8626
Indigo,Kolkata,Bangalore,11:00,13:28,0,Economy,14.95,48,5183
Air India,Delhi,Mumbai,05:00,10:26,0,Economy,8.94,6,10815
Indigo,Hyderabad,Chennai,09:00,14:59,1,Business,3.86,14,21190
Indigo,Delhi,Hyderabad,19:00,01:22,0,Economy,5.21,21,6404
Indigo,Kolkata,Hyderabad,05:00,09:21,2,Economy,2.38,24,10116
Air India,Hyderabad,Chennai,22:00,03:04,2,Economy,3.42,30,10018
AirAsia,Bangalore,Chennai,02:00,05:49,2,Economy,2.98,32,8237
SpiceJet,Bangalore,Delhi,00:00,02:07,0,Economy,7.43,8,10154
GO FIRST,Chennai,Delhi,22:00,02:04,1,Economy,9.1,27,8575
SpiceJet,Delhi,Chennai,23:00,03:54,2,Economy,7.08,29,8511
Indigo,Chennai,Hyderabad,04:00,10:24,0,Economy,2.4,38,5252
Air India,Delhi,Mumbai,23:00,02:00,0,Economy,13.94,42,7225
SpiceJet,Kolkata,Mumbai,21:00,01:32,0,Economy,10.51,5,8848
GO FIRST,Delhi,Mumbai,00:00,03:29,0,Economy,11.22,46,6080
Air India,Kolkata,Mumbai,14:00,16:02,0,Economy,6.76,44,5423
GO FIRST,Chennai,Mumbai,18:00,22:42,0,Business,8.08,24,16522
Air India,Chennai,Kolkata,06:00,12:26,0,Business,6.4,36,20120
Vistara,Delhi,Kolkata,14:00,20:37,0,Economy,4.71,17,7152
GO FIRST,Kolkata,Bangalore,07:00,10:02,0,Business,2.76,45,15831
GO FIRST,Mumbai,Hyderabad,04:00,10:41,1,Business,4.12,33,15294
Air India,Mumbai,Chennai,21:00,02:39,2,Economy,11.92,49,9451
GO FIRST,Bangalore,Kolkata,03:00,06:33,1,Economy,13.31,2,11741
Air India,Mumbai,Hyderabad,11:00,13:24,1,Business,12.11,38,21974
Indigo,Chennai,Delhi,17:00,19:06,1,Economy,6.71,12,11252
Vistara,Bangalore,Hyderabad,19:00,00:55,0,Economy,2.33,24,7096
SpiceJet,Hyderabad,Kolkata,06:00,11:30,0,Economy,5.15,31,7002
SpiceJet,Delhi,Mumbai,18:00,23:58,0,Business,4.49,20,17273
Air India,Chennai,Delhi,00:00,05:53,2,Economy,5.31,46,6934
GO FIRST,Kolkata,Delhi,18:00,00:26,2,Economy,2.91,35,7847
Vistara,Delhi,Mumbai,19:00,00:54,0,Economy,13.11,35,7595
SpiceJet,Bangalore,Hyderabad,01:00,07:58,0,Economy,10.29,6,10622
Vistara,Delhi,Mumbai,14:00,19:34,1,Economy,6.76,15,8143
AirAsia,Kolkata,Chennai,04:00,07:13,1,Economy,12.53,38,7053
Vistara,Bangalore,Delhi,12:00,17:18,1,Economy,7.8,25,8207
SpiceJet,Bangalore,Hyderabad,01:00,04:37,1,Economy,11.96,11,11421
Vistara,Bangalore,Chennai,07:00,11:27,2,Economy,3.63,28,10460
AirAsia,Delhi,Kolkata,14:00,16:31,2,Economy,3.1,19,11089
Air India,Hyderabad,Delhi,22:00,01:46,0,Economy,6.18,20,5878
SpiceJet,Chennai,Delhi,02:00,05:33,1,Economy,6.06,45,5185
Vistara,Hyderabad,Chennai,10:00,15:49,1,Economy,12.27,26,9316
Vistara,Kolkata,Delhi,23:00,01:15,2,Business,2.02,2,26281
Indigo,Hyderabad,Chennai,06:00,11:03,2,Economy,10.25,13,12878
Indigo,Mumbai,Chennai,13:00,18:22,2,Business,4.21,38,23362
Vistara,Mumbai,Delhi,12:00,16:09,2,Economy,5.39,10,12193
Indigo,Chennai,Kolkata,23:00,03:30,2,Economy,11.65,4,12093
GO FIRST,Delhi,Hyderabad,05:00,09:43,2,Economy,6.86,21,12038
Air India,Hyderabad,Mumbai,18:00,00:00,1,Economy,9.28,15,10262
Air India,Chennai,Hyderabad,14:00,17:43,2,Economy,11.69,15,9996
Indigo,Mumbai,Hyderabad,13:00,18:01,1,Economy,12.82,5,11517
Indigo,Mumbai,Hyderabad,20:00,01:33,1,Economy,2.27,15,9025
Air India,Mumbai,Kolkata,10:00,15:11,1,Business,8.23,28,20510
AirAsia,Kolkata,Hyderabad,01:00,06:52,0,Business,4.02,22,20273
Vistara,Hyderabad,Delhi,13:00,18:37,1,Economy,7.18,30,8342
AirAsia,Delhi,Mumbai,16:00,18:38,0,Economy,3.44,40,5030
Air India,Mumbai,Delhi,11:00,13:52,2,Economy,11.67,45,10173
GO FIRST,Bangalore,Chennai,22:00,03:00,0,Business,7.06,11,18072
Air India,Bangalore,Chennai,04:00,06:43,0,Economy,12.07,27,7242
Vistara,Mumbai,Chennai,10:00,16:56,1,Economy,13.67,38,9214
GO FIRST,Mumbai,Hyderabad,05:00,11:57,0,Economy,2.36,10,7354
GO FIRST,Bangalore,Hyderabad,16:00,22:58,1,Economy,10.86,7,12868
Air India,Chennai,Hyderabad,20:00,22:15,2,Business,3.58,21,21710
SpiceJet,Hyderabad,Chennai,21:00,00:08,0,Economy,8.79,38,5009
Indigo,Chennai,Delhi,16:00,20:02,0,Business,8.84,39,14931
Vistara,Delhi,Chennai,05:00,09:31,0,Economy,6.13,23,6200
Indigo,Mumbai,Chennai,23:00,04:32,0,Economy,4.79,15,7767
SpiceJet,Hyderabad,Mumbai,17:00,21:11,2,Economy,10.2,38,10431
Vistara,Bangalore,Hyderabad,03:00,08:36,0,Economy,6.87,47,4816
GO FIRST,Kolkata,Hyderabad,04:00,06:46,1,Economy,2.34,46,6435
AirAsia,Hyderabad,Bangalore,14:00,18:29,1,Economy,9.58,14,9247
SpiceJet,Delhi,Bangalore,13:00,16:11,1,Business,10.25,46,22452
SpiceJet,Kolkata,Bangalore,08:00,11:09,2,Economy,5.46,18,10908
Air India,Hyderabad,Bangalore,15:00,19:46,2,Economy,5.08,43,6844
GO FIRST,Chennai,Mumbai,13:00,19:45,1,Economy,3.57,47,5896
Indigo,Bangalore,Kolkata,10:00,15:00,0,Business,9.66,31,16734
SpiceJet,Mumbai,Delhi,14:00,19:23,1,Business,2.92,18,19122
Indigo,Delhi,Mumbai,05:00,07:56,2,Economy,7.68,13,11477
Air India,Mumbai,Kolkata,12:00,14:54,0,Economy,8.06,1,10888
AirAsia,Mumbai,Delhi,00:00,06:55,0,Economy,14.55,40,7761
Indigo,Delhi,Mumbai,02:00,05:25,1,Business,3.98,14,17888
GO FIRST,Mumbai,Hyderabad,12:00,17:45,2,Economy,4.15,34,8040
Vistara,Chennai,Delhi,08:00,12:40,0,Economy,13.17,29,9215
Air India,Kolkata,Delhi,06:00,11:06,0,Economy,3.12,46,4096
Air India,Kolkata,Mumbai,12:00,15:29,2,Economy,2.94,24,8399
Air India,Bangalore,Hyderabad,00:00,03:27,0,Economy,10.29,24,7353
Vistara,Mumbai,Chennai,22:00,01:49,2,Business,8.75,14,27705
Air India,Kolkata,Mumbai,10:00,12:18,2,Economy,7.08,14,11115
Vistara,Mumbai,Chennai,02:00,06:42,2,Business,7.4,37,19027
AirAsia,Bangalore,Kolkata,08:00,11:30,0,Economy,6.45,25,7203
AirAsia,Chennai,Hyderabad,07:00,10:19,2,Business,11.92,41,17199
Vistara,Hyderabad,Delhi,10:00,12:46,0,Business,14.51,34,17396
AirAsia,Kolkata,Delhi,20:00,00:19,1,Economy,14.07,6,9927
Indigo,Delhi,Kolkata,04:00,09:11,2,Economy,8.23,4,13504
AirAsia,Kolkata,Delhi,20:00,23:13,0,Economy,4.11,40,4681
AirAsia,Delhi,Hyderabad,00:00,02:49,2,Economy,2.86,2,9569
SpiceJet,Bangalore,Kolkata,03:00,08:40,2,Business,9.89,32,24211
Indigo,Mumbai,Chennai,05:00,10:43,2,Economy,5.93,37,9111
SpiceJet,Kolkata,Mumbai,07:00,11:17,1,Economy,14.24,14,12653
GO FIRST,Chennai,Delhi,08:00,11:04,1,Economy,6.61,2,8674
GO FIRST,Mumbai,Delhi,10:00,15:38,2,Economy,2.46,20,10197
Vistara,Delhi,Hyderabad,01:00,04:33,2,Economy,2.38,42,6788
Air India,Hyderabad,Mumbai,22:00,01:25,0,Economy,9.51,18,9082
SpiceJet,Mumbai,Kolkata,12:00,16:36,2,Economy,6.0,20,9163
Air India,Mumbai,Delhi,11:00,13:08,0,Economy,2.15,40,4277
AirAsia,Chennai,Hyderabad,10:00,13:01,0,Economy,10.12,1,10545
AirAsia,Kolkata,Bangalore,14:00,20:30,1,Economy,6.25,28,7610
GO FIRST,Bangalore,Kolkata,15:00,18:46,0,Economy,11.66,6,9880
Indigo,Hyderabad,Kolkata,03:00,09:18,1,Business,4.14,40,16472
Air India,Chennai,Hyderabad,04:00,10:42,2,Economy,13.46,11,10925
Indigo,Mumbai,Kolkata,05:00,09:07,1,Business,9.62,23,18297
Vistara,Delhi,Mumbai,08:00,11:24,1,Economy,3.8,3,8721
Vistara,Mumbai,Delhi,18:00,21:31,1,Business,13.96,33,23021
SpiceJet,Kolkata,Delhi,19:00,21:01,0,Business,13.89,35,17976
Air India,Delhi,Hyderabad,21:00,00:48,1,Business,6.43,38,20336
SpiceJet,Kolkata,Chennai,07:00,12:31,2,Economy,7.54,34,7875
AirAsia,Hyderabad,Bangalore,09:00,11:30,1,Economy,11.47,45,6078
AirAsia,Bangalore,Hyderabad,13:00,19:35,0,Economy,13.07,34,6466
AirAsia,Mumbai,Hyderabad,18:00,22:57,2,Economy,11.57,41,8592
GO FIRST,Delhi,Mumbai,21:00,03:56,1,Economy,2.36,47,5886
GO FIRST,Delhi,Bangalore,15:00,17:59,1,Business,11.38,11,18346
SpiceJet,Mumbai,Delhi,02:00,04:15,2,Economy,3.2,33,7033
Indigo,Hyderabad,Mumbai,19:00,01:31,0,Economy,9.76,26,7679
Air India,Hyderabad,Bangalore,07:00,09:22,1,Economy,4.94,8,9925
Vistara,Chennai,Hyderabad,01:00,05:56,2,Economy,8.82,27,11583
GO FIRST,Bangalore,Mumbai,22:00,01:36,1,Business,7.88,11,23144
Indigo,Bangalore,Mumbai,10:00,12:52,2,Economy,5.15,26,10740
AirAsia,Delhi,Kolkata,01:00,07:04,1,Economy,5.91,23,7472
Indigo,Chennai,Hyderabad,09:00,12:26,2,Economy,10.85,16,11946
SpiceJet,Mumbai,Delhi,04:00,09:28,2,Economy,5.12,1,10292
SpiceJet,Mumbai,Chennai,21:00,23:50,1,Economy,2.51,39,5443
Air India,Bangalore,Delhi,19:00,01:34,1,Economy,6.62,36,7428
Vistara,Delhi,Chennai,15:00,21:13,0,Economy,2.45,28,5921
Vistara,Mumbai,Bangalore,12:00,15:45,1,Economy,7.67,4,9893
Vistara,Delhi,Hyderabad,14:00,19:47,0,Economy,2.45,5,7022
GO FIRST,Delhi,Mumbai,04:00,07:40,2,Economy,9.23,45,6896
AirAsia,Kolkata,Hyderabad,23:00,05:38,0,Economy,9.52,5,8992
GO FIRST,Mumbai,Delhi,04:00,10:57,0,Economy,2.53,23,6242
Air India,Bangalore,Mumbai,12:00,17:25,2,Economy,9.33,13,13777
AirAsia,Delhi,Hyderabad,02:00,05:04,2,Economy,11.35,28,9411
Vistara,Mumbai,Delhi,00:00,06:19,2,Economy,7.0,27,7863
Air India,Mumbai,Hyderabad,17:00,19:52,1,Economy,7.34,8,11892
Air India,Hyderabad,Mumbai,22:00,01:46,2,Economy,2.14,39,7537
Indigo,Mumbai,Delhi,02:00,06:42,1,Business,14.27,16,23831
AirAsia,Delhi,Mumbai,02:00,05:48,2,Economy,2.07,17,8825
Indigo,Kolkata,Chennai,01:00,05:21,1,Economy,8.05,40,7411
Vistara,Kolkata,Chennai,11:00,15:39,2,Economy,9.59,35,8633
AirAsia,Kolkata,Bangalore,13:00,15:11,0,Economy,9.81,26,7242
Indigo,Bangalore,Kolkata,22:00,03:39,2,Economy,12.88,9,15070
SpiceJet,Hyderabad,Kolkata,02:00,04:34,2,Economy,4.41,46,6748
AirAsia,Mumbai,Hyderabad,20:00,01:49,1,Economy,13.37,14,9467
Vistara,Delhi,Bangalore,11:00,17:14,1,Business,2.22,22,17646
SpiceJet,Hyderabad,Bangalore,11:00,16:59,1,Economy,12.69,46,8627
AirAsia,Hyderabad,Bangalore,17:00,19:50,2,Business,4.11,33,19453
SpiceJet,Mumbai,Kolkata,01:00,06:12,1,Economy,14.56,12,13306
GO FIRST,Mumbai,Chennai,10:00,16:11,2,Business,13.58,7,25139
AirAsia,Kolkata,Bangalore,18:00,22:21,0,Business,6.09,44,15124
Indigo,Chennai,Hyderabad,12:00,15:23,1,Economy,3.93,36,6926
SpiceJet,Hyderabad,Bangalore,02:00,04:55,0,Economy,11.09,29,6462
AirAsia,Delhi,Bangalore,12:00,17:56,2,Economy,14.92,39,9441
Vistara,Hyderabad,Mumbai,07:00,12:32,2,Economy,7.08,7,10522
AirAsia,Delhi,Mumbai,05:00,07:57,0,Business,6.25,18,21643
GO FIRST,Kolkata,Hyderabad,00:00,04:34,1,Business,9.57,7,24470
Air India,Delhi,Bangalore,03:00,05:07,1,Economy,8.76,6,9460
AirAsia,Kolkata,Chennai,12:00,17:27,2,Economy,8.22,21,9183
AirAsia,Delhi,Hyderabad,22:00,02:38,1,Economy,3.22,45,6694
Air India,Bangalore,Kolkata,04:00,06:49,1,Business,12.95,13,23239
Vistara,Hyderabad,Bangalore,12:00,14:06,1,Economy,11.1,48,6991
Vistara,Mumbai,Delhi,17:00,19:11,2,Economy,2.89,36,8935
Vistara,Delhi,Chennai,09:00,14:12,2,Economy,4.11,45,7455
SpiceJet,Hyderabad,Delhi,23:00,04:14,2,Economy,3.66,46,8446
SpiceJet,Kolkata,Delhi,18:00,23:56,0,Economy,9.85,37,7119
AirAsia,Hyderabad,Mumbai,04:00,09:26,2,Economy,14.49,47,8175
AirAsia,Kolkata,Mumbai,11:00,16:40,0,Economy,13.13,47,5412
AirAsia,Mumbai,Delhi,10:00,12:28,1,Economy,4.05,35,6192
Vistara,Mumbai,Chennai,11:00,15:34,0,Business,3.33,31,19755
GO FIRST,Kolkata,Mumbai,06:00,08:47,1,Economy,8.66,9,11227
Indigo,Hyderabad,Bangalore,06:00,10:50,1,Economy,11.44,42,9044
SpiceJet,Kolkata,Bangalore,21:00,00:34,2,Economy,3.3,49,5870
SpiceJet,Chennai,Mumbai,12:00,14:07,0,Economy,9.76,5,11323
GO FIRST,Delhi,Hyderabad,10:00,12:04,2,Economy,3.88,10,10832
Vistara,Kolkata,Bangalore,21:00,01:04,1,Business,11.05,33,16916
SpiceJet,Delhi,Bangalore,22:00,02:01,2,Economy,9.44,13,12488
SpiceJet,Bangalore,Delhi,03:00,07:39,1,Economy,4.37,36,7922
AirAsia,Hyderabad,Mumbai,20:00,02:27,0,Economy,10.96,30,5999
Vistara,Delhi,Mumbai,21:00,00:45,0,Economy,14.31,33,8369
Vistara,Chennai,Mumbai,08:00,11:50,2,Economy,7.88,8,9928
Indigo,Kolkata,Delhi,18:00,23:26,2,Economy,14.93,42,8622
Vistara,Delhi,Hyderabad,08:00,12:49,0,Economy,4.68,5,9303
AirAsia,Mumbai,Delhi,11:00,13:59,1,Business,10.86,43,19366
Air India,Chennai,Hyderabad,19:00,01:10,1,Economy,4.21,32,7712
AirAsia,Delhi,Bangalore,14:00,20:30,1,Business,5.38,2,26204
GO FIRST,Hyderabad,Chennai,10:00,15:14,1,Economy,4.3,25,9415
Indigo,Bangalore,Mumbai,21:00,03:39,0,Business,2.46,46,16767
Air India,Mumbai,Kolkata,02:00,06:16,1,Economy,2.67,48,5086
Vistara,Delhi,Bangalore,16:00,22:12,1,Economy,10.93,10,10841
SpiceJet,Delhi,Bangalore,07:00,10:28,1,Business,12.72,13,22589
Vistara,Bangalore,Delhi,13:00,15:27,0,Economy,8.12,43,4361
AirAsia,Chennai,Mumbai,13:00,17:53,0,Economy,6.66,42,4977
Air India,Bangalore,Mumbai,08:00,13:15,1,Economy,13.42,26,9594
SpiceJet,Bangalore,Delhi,19:00,23:32,0,Economy,14.45,10,9238
Vistara,Hyderabad,Chennai,00:00,05:36,2,Economy,4.32,49,8105
Air India,Chennai,Bangalore,23:00,03:58,2,Economy,7.66,3,11665
Vistara,Kolkata,Delhi,12:00,14:47,2,Economy,13.04,16,12774
AirAsia,Delhi,Chennai,20:00,22:03,1,Economy,3.65,49,5238
GO FIRST,Bangalore,Chennai,08:00,14:02,0,Business,8.52,33,17462
Air India,Kolkata,Bangalore,15:00,21:55,0,Economy,8.34,7,9007
SpiceJet,Kolkata,Hyderabad,13:00,16:41,0,Business,5.61,9,21166
Vistara,Kolkata,Mumbai,00:00,04:36,0,Economy,9.19,7,8284
AirAsia,Bangalore,Chennai,08:00,10:20,0,Economy,10.92,26,6523
GO FIRST,Kolkata,Delhi,05:00,10:53,0,Business,5.46,29,16448
Indigo,Mumbai,Kolkata,03:00,05:24,1,Economy,2.87,17,9387
AirAsia,Hyderabad,Bangalore,00:00,03:57,0,Economy,11.11,48,5622
Air India,Bangalore,Chennai,20:00,01:37,0,Economy,11.56,46,5110
GO FIRST,Hyderabad,Kolkata,15:00,21:03,1,Economy,7.6,17,8286
Air India,Delhi,Chennai,17:00,20:04,0,Economy,12.04,6,9403
GO FIRST,Chennai,Bangalore,11:00,16:13,1,Economy,13.81,46,6863
Indigo,Delhi,Chennai,22:00,04:27,0,Economy,5.97,15,8856
Air India,Hyderabad,Delhi,23:00,01:32,0,Business,7.27,29,16408
Indigo,Kolkata,Delhi,02:00,05:37,0,Economy,10.25,8,10508
SpiceJet,Hyderabad,Delhi,04:00,06:02,0,Economy,7.59,19,9004
Vistara,Bangalore,Hyderabad,21:00,03:10,2,Economy,10.16,7,13565
Vistara,Mumbai,Chennai,21:00,02:35,1,Economy,11.49,49,6306
AirAsia,Delhi,Bangalore,19:00,22:00,2,Economy,4.06,12,11281
Vistara,Chennai,Bangalore,12:00,15:37,0,Economy,4.26,20,7304
Vistara,Hyderabad,Bangalore,18:00,23:50,2,Business,14.5,38,24771
Air India,Chennai,Mumbai,17:00,21:57,2,Economy,13.09,32,9645
Vistara,Kolkata,Chennai,15:00,20:24,1,Economy,5.18,16,7953
Vistara,Delhi,Chennai,23:00,02:28,1,Economy,6.77,45,5911
SpiceJet,Kolkata,Bangalore,15:00,19:02,0,Economy,10.42,25,6136
Vistara,Hyderabad,Chennai,09:00,14:22,2,Economy,12.44,26,10337
Indigo,Mumbai,Chennai,01:00,03:29,1,Economy,4.81,29,8843
GO FIRST,Chennai,Hyderabad,12:00,16:20,1,Economy,9.43,4,12090
Vistara,Delhi,Bangalore,17:00,21:26,2,Economy,7.22,47,6985
Air India,Delhi,Bangalore,21:00,00:21,0,Economy,2.35,47,3129
Indigo,Kolkata,Bangalore,03:00,05:04,0,Economy,12.25,28,8494
Air India,Chennai,Mumbai,22:00,03:52,1,Economy,14.51,10,12890
SpiceJet,Bangalore,Hyderabad,14:00,17:07,2,Economy,13.57,2,13818
Vistara,Chennai,Bangalore,06:00,08:18,2,Economy,6.4,25,9377
GO FIRST,Delhi,Hyderabad,00:00,05:17,0,Economy,3.48,16,5691
GO FIRST,Delhi,Hyderabad,14:00,17:43,1,Economy,12.87,20,11089
SpiceJet,Kolkata,Delhi,07:00,09:29,1,Economy,4.67,45,5716
SpiceJet,Chennai,Bangalore,08:00,10:18,1,Economy,7.69,33,7732
GO FIRST,Chennai,Bangalore,05:00,07:23,2,Economy,14.88,28,10959
Air India,Chennai,Hyderabad,23:00,03:13,1,Economy,11.58,10,9467
GO FIRST,Bangalore,Chennai,08:00,11:10,2,Economy,12.8,12,11975
Air India,Hyderabad,Chennai,00:00,04:30,0,Economy,8.66,47,5631
Indigo,Hyderabad,Delhi,01:00,03:12,0,Economy,10.71,40,6356
SpiceJet,Delhi,Kolkata,15:00,19:07,0,Economy,3.99,43,4653
Vistara,Bangalore,Chennai,02:00,07:19,1,Economy,10.8,4,12308
SpiceJet,Mumbai,Hyderabad,00:00,06:13,2,Economy,11.84,33,9986
Vistara,Chennai,Delhi,14:00,19:03,0,Economy,13.1,22,8535
AirAsia,Mumbai,Delhi,23:00,02:17,0,Economy,5.14,41,4177
Air India,Delhi,Hyderabad,15:00,21:58,2,Economy,13.15,29,10992
Air India,Kolkata,Chennai,17:00,21:58,0,Business,4.23,2,21638
GO FIRST,Kolkata,Hyderabad,01:00,03:17,2,Economy,7.11,23,11697
GO FIRST,Bangalore,Hyderabad,16:00,21:41,0,Economy,14.25,24,6896
SpiceJet,Delhi,Chennai,07:00,13:20,0,Economy,7.05,14,7248
GO FIRST,Kolkata,Chennai,09:00,13:25,1,Economy,2.53,3,11314
Air India,Kolkata,Mumbai,13:00,16:43,1,Economy,14.48,47,7175
Air India,Hyderabad,Bangalore,14:00,17:41,0,Business,9.96,44,19430
Air India,Kolkata,Mumbai,16:00,22:05,1,Economy,7.24,10,9686
AirAsia,Bangalore,Chennai,11:00,17:14,2,Economy,14.2,24,9909
GO FIRST,Kolkata,Delhi,21:00,01:06,1,Economy,5.08,3,11978
Air India,Delhi,Chennai,17:00,21:45,1,Economy,2.23,24,7311
AirAsia,Hyderabad,Mumbai,09:00,15:51,1,Economy,6.5,1,11601
AirAsia,Chennai,Kolkata,23:00,01:52,2,Economy,2.46,15,11624
Air India,Hyderabad,Chennai,06:00,09:56,1,Economy,8.22,20,7511
Indigo,Hyderabad,Chennai,20:00,01:16,1,Economy,5.79,48,4686
Vistara,Bangalore,Mumbai,12:00,15:54,0,Economy,12.92,30,7082
GO FIRST,Mumbai,Chennai,05:00,08:37,1,Economy,9.51,19,10903
GO FIRST,Bangalore,Kolkata,09:00,13:48,0,Economy,9.71,6,11190
Air India,Hyderabad,Bangalore,18:00,23:46,0,Business,5.92,27,19398
Indigo,Kolkata,Mumbai,12:00,16:48,1,Economy,10.75,20,10835
GO FIRST,Bangalore,Mumbai,03:00,06:01,2,Economy,5.13,24,7816
Vistara,Mumbai,Chennai,15:00,17:17,0,Economy,6.97,47,4371
Vistara,Mumbai,Chennai,11:00,17:13,0,Economy,13.73,39,5919
AirAsia,Mumbai,Bangalore,08:00,12:56,2,Economy,12.23,45,9260
Vistara,Hyderabad,Bangalore,23:00,04:46,1,Economy,10.0,37,7601
GO FIRST,Delhi,Kolkata,18:00,20:56,1,Economy,12.91,29,8627
SpiceJet,Mumbai,Bangalore,00:00,03:49,2,Business,4.97,35,23348
GO FIRST,Mumbai,Bangalore,09:00,12:35,1,Economy,9.56,22,10123
Vistara,Mumbai,Hyderabad,23:00,03:09,0,Economy,12.93,48,4911
Indigo,Kolkata,Chennai,01:00,05:59,2,Business,13.09,29,23037
SpiceJet,Bangalore,Mumbai,22:00,00:56,0,Economy,2.07,26,5141
SpiceJet,Chennai,Mumbai,05:00,10:48,1,Economy,8.03,16,10003
GO FIRST,Bangalore,Hyderabad,22:00,03:30,1,Economy,11.54,23,10688
SpiceJet,Bangalore,Chennai,03:00,06:36,0,Economy,4.22,1,9704
Vistara,Hyderabad,Chennai,02:00,07:30,1,Business,4.44,4,19705
AirAsia,Bangalore,Kolkata,16:00,20:20,1,Economy,2.55,10,10089
Air India,Chennai,Mumbai,03:00,06:51,1,Economy,2.19,17,8958
Indigo,Hyderabad,Bangalore,06:00,08:20,0,Economy,5.54,41,4028
SpiceJet,Bangalore,Mumbai,11:00,15:54,0,Business,6.93,25,17397
Vistara,Delhi,Chennai,11:00,13:11,1,Economy,14.31,37,8924
Indigo,Hyderabad,Chennai,20:00,23:14,1,Economy,13.65,22,8779
AirAsia,Hyderabad,Chennai,20:00,02:44,1,Economy,7.49,27,8608
Indigo,Chennai,Mumbai,09:00,12:47,0,Economy,3.38,42,4945
Indigo,Delhi,Mumbai,21:00,00:35,2,Economy,9.67,5,12573
GO FIRST,Bangalore,Mumbai,01:00,03:15,0,Economy,11.27,45,5542
GO FIRST,Delhi,Chennai,02:00,04:54,0,Economy,2.53,15,6342
AirAsia,Kolkata,Bangalore,18:00,00:13,2,Economy,3.84,33,7381
Air India,Chennai,Hyderabad,20:00,00:06,1,Business,9.15,27,20185
AirAsia,Hyderabad,Chennai,08:00,14:04,2,Economy,8.93,27,9294
GO FIRST,Kolkata,Hyderabad,15:00,19:23,2,Economy,3.33,19,9828
Indigo,Bangalore,Kolkata,11:00,16:19,0,Economy,14.77,40,7593
GO FIRST,Delhi,Chennai,20:00,00:32,1,Economy,11.79,38,9081
Indigo,Kolkata,Bangalore,19:00,01:19,0,Economy,12.97,33,5925
Indigo,Kolkata,Bangalore,21:00,03:59,1,Economy,2.97,11,7282
Indigo,Bangalore,Chennai,02:00,05:05,0,Economy,12.0,14,7955
Indigo,Chennai,Hyderabad,21:00,02:26,0,Economy,12.62,15,7279
SpiceJet,Kolkata,Delhi,06:00,09:07,1,Economy,10.62,28,9638
Indigo,Hyderabad,Delhi,07:00,12:48,0,Economy,6.05,29,5901
GO FIRST,Chennai,Kolkata,04:00,07:54,0,Economy,7.67,42,5166
GO FIRST,Bangalore,Mumbai,05:00,07:57,0,Business,7.13,23,22370
AirAsia,Hyderabad,Kolkata,16:00,22:34,2,Economy,9.05,45,7345
AirAsia,Delhi,Kolkata,22:00,03:50,2,Economy,5.92,17,11413
SpiceJet,Mumbai,Hyderabad,08:00,11:06,2,Economy,13.69,28,9683
Vistara,Bangalore,Chennai,03:00,07:54,2,Economy,4.27,32,7205
Vistara,Hyderabad,Delhi,14:00,16:12,2,Economy,2.52,22,8984
Indigo,Hyderabad,Kolkata,16:00,20:45,0,Economy,3.2,13,7050
Indigo,Chennai,Bangalore,10:00,15:38,2,Economy,8.41,47,6745
Vistara,Kolkata,Bangalore,08:00,11:29,1,Economy,5.0,45,5490
Air India,Mumbai,Bangalore,19:00,01:56,0,Economy,4.14,48,4261
GO FIRST,Bangalore,Delhi,14:00,17:42,2,Economy,7.16,22,8886
SpiceJet,Hyderabad,Delhi,23:00,02:53,0,Economy,7.37,1,10817
SpiceJet,Hyderabad,Mumbai,04:00,09:39,1,Economy,12.23,13,8671
Vistara,Hyderabad,Kolkata,07:00,10:17,1,Economy,9.71,48,5587
SpiceJet,Bangalore,Chennai,15:00,20:15,2,Economy,9.8,8,10220
Air India,Hyderabad,Bangalore,18:00,00:43,0,Economy,3.08,48,3582
AirAsia,Chennai,Mumbai,12:00,17:14,0,Economy,7.01,30,7491
SpiceJet,Kolkata,Mumbai,17:00,20:33,0,Economy,9.56,15,7010
GO FIRST,Delhi,Kolkata,01:00,07:52,2,Economy,12.39,40,7941
SpiceJet,Chennai,Delhi,18:00,23:17,0,Economy,6.16,5,7453
GO FIRST,Delhi,Mumbai,07:00,09:20,1,Economy,14.39,46,7196
Indigo,Delhi,Bangalore,18:00,00:48,0,Economy,10.35,46,4572
Air India,Mumbai,Delhi,08:00,10:10,2,Economy,11.02,28,8927
Air India,Chennai,Mumbai,22:00,00:22,0,Economy,14.26,15,9035
SpiceJet,Bangalore,Delhi,04:00,10:20,1,Economy,13.15,27,9663
Indigo,Bangalore,Chennai,17:00,19:16,2,Economy,4.69,13,10070
GO FIRST,Mumbai,Hyderabad,12:00,15:19,2,Economy,2.45,48,5358
Vistara,Delhi,Mumbai,00:00,02:05,1,Economy,7.0,27,8471
Indigo,Hyderabad,Kolkata,02:00,06:43,0,Business,10.05,11,25075
Vistara,Bangalore,Kolkata,15:00,21:00,1,Economy,13.56,34,8897
Vistara,Bangalore,Kolkata,07:00,10:20,1,Business,11.13,39,21682
SpiceJet,Chennai,Mumbai,20:00,02:48,1,Economy,8.79,30,7511
Air India,Mumbai,Hyderabad,08:00,12:12,2,Economy,3.13,8,12614
SpiceJet,Bangalore,Mumbai,17:00,21:23,1,Economy,7.3,17,9347
Air India,Kolkata,Chennai,03:00,07:07,0,Business,3.63,32,14796
Indigo,Kolkata,Hyderabad,11:00,16:02,1,Economy,7.97,22,10132
SpiceJet,Kolkata,Delhi,03:00,05:16,0,Economy,3.23,46,3374
Vistara,Hyderabad,Mumbai,10:00,16:37,1,Economy,14.1,9,9535
GO FIRST,Delhi,Chennai,05:00,07:21,1,Economy,13.52,20,11899
Vistara,Bangalore,Chennai,02:00,07:00,2,Economy,2.83,17,8687
Vistara,Chennai,Delhi,04:00,07:20,0,Economy,8.52,19,7908
GO FIRST,Bangalore,Mumbai,15:00,19:13,0,Economy,10.78,38,6108
Vistara,Chennai,Kolkata,14:00,20:57,2,Economy,6.58,30,7847
AirAsia,Kolkata,Hyderabad,05:00,10:22,0,Economy,11.89,12,10208
Indigo,Hyderabad,Bangalore,01:00,06:12,1,Business,5.03,34,20993
Vistara,Bangalore,Hyderabad,08:00,14:26,0,Economy,5.51,48,3782
SpiceJet,Bangalore,Delhi,21:00,03:10,0,Business,13.37,5,23257
Vistara,Chennai,Delhi,19:00,23:51,2,Economy,4.72,9,11035
Indigo,Bangalore,Kolkata,06:00,11:58,2,Business,4.91,41,20447
AirAsia,Chennai,Bangalore,08:00,12:54,1,Business,3.38,11,24573
Vistara,Chennai,Kolkata,19:00,00:35,1,Economy,9.61,26,8684
Air India,Mumbai,Bangalore,22:00,04:02,0,Economy,4.37,48,3727
SpiceJet,Mumbai,Bangalore,12:00,17:53,1,Economy,6.68,30,8863
GO FIRST,Delhi,Bangalore,12:00,17:33,0,Economy,12.57,29,8109
Vistara,Kolkata,Mumbai,05:00,11:29,2,Business,7.12,3,20145
Vistara,Kolkata,Delhi,08:00,13:37,2,Economy,14.58,16,13199
SpiceJet,Chennai,Kolkata,18:00,22:09,2,Economy,14.94,46,7868
AirAsia,Delhi,Mumbai,00:00,02:32,0,Economy,7.53,10,7096
Indigo,Delhi,Bangalore,03:00,06:04,1,Economy,13.64,18,8527
Indigo,Chennai,Delhi,00:00,06:27,1,Economy,5.17,4,10126
Indigo,Mumbai,Delhi,01:00,05:56,2,Business,13.48,9,21678
Vistara,Delhi,Mumbai,23:00,03:41,0,Economy,6.5,22,7858
Vistara,Delhi,Hyderabad,13:00,18:36,2,Economy,3.81,20,8162
GO FIRST,Kolkata,Mumbai,22:00,04:32,0,Economy,8.42,26,6219
Vistara,Kolkata,Hyderabad,12:00,17:01,1,Economy,4.95,10,10770
Vistara,Kolkata,Mumbai,17:00,19:43,2,Economy,4.51,5,12118
GO FIRST,Hyderabad,Kolkata,21:00,03:38,0,Economy,4.83,46,4460
Vistara,Hyderabad,Kolkata,04:00,09:14,2,Economy,7.62,3,11034
Air India,Bangalore,Hyderabad,19:00,01:56,2,Economy,7.81,27,10373
GO FIRST,Kolkata,Mumbai,00:00,05:39,0,Economy,12.62,5,10139
Indigo,Mumbai,Hyderabad,17:00,22:42,0,Economy,6.67,1,7787
Air India,Bangalore,Kolkata,17:00,19:18,0,Economy,5.82,4,10392
Air India,Kolkata,Mumbai,03:00,06:55,2,Economy,7.12,40,7295
GO FIRST,Mumbai,Bangalore,06:00,12:44,0,Economy,13.44,32,7158
GO FIRST,Delhi,Hyderabad,17:00,20:57,1,Economy,8.65,37,6537
GO FIRST,Chennai,Bangalore,15:00,20:00,1,Economy,4.32,4,11522
Indigo,Bangalore,Mumbai,08:00,11:23,1,Economy,8.68,1,13118
SpiceJet,Kolkata,Hyderabad,18:00,21:37,1,Business,13.45,6,25949
AirAsia,Bangalore,Kolkata,12:00,14:12,1,Economy,13.06,18,9810
SpiceJet,Delhi,Bangalore,01:00,06:08,0,Economy,6.2,15,8681
Air India,Kolkata,Mumbai,12:00,16:26,2,Economy,9.67,34,11060
GO FIRST,Kolkata,Hyderabad,02:00,05:00,0,Economy,4.94,23,6367
Air India,Mumbai,Chennai,16:00,21:46,1,Economy,4.57,12,10166
Air India,Chennai,Delhi,03:00,06:31,2,Economy,10.37,11,12197
AirAsia,Delhi,Bangalore,10:00,13:07,0,Business,6.52,16,16939
GO FIRST,Mumbai,Bangalore,08:00,12:51,2,Business,11.58,2,27087
SpiceJet,Bangalore,Mumbai,22:00,01:32,1,Business,2.44,45,17883
SpiceJet,Kolkata,Bangalore,01:00,03:39,0,Economy,5.66,6,7644
SpiceJet,Kolkata,Mumbai,17:00,19:00,0,Economy,3.36,7,7921
Vistara,Kolkata,Chennai,07:00,10:31,0,Economy,14.77,2,12726
AirAsia,Kolkata,Mumbai,20:00,22:56,0,Economy,2.2,29,6514
Air India,Delhi,Bangalore,14:00,19:33,2,Business,4.93,5,20145
AirAsia,Bangalore,Chennai,23:00,01:12,1,Business,8.4,13,21888
SpiceJet,Hyderabad,Kolkata,18:00,23:15,0,Economy,3.91,9,7621
AirAsia,Bangalore,Chennai,09:00,11:21,2,Economy,3.53,18,10036
Vistara,Kolkata,Mumbai,03:00,05:24,1,Economy,10.17,12,8389
Vistara,Delhi,Kolkata,06:00,12:26,0,Economy,4.33,20,7212
AirAsia,Kolkata,Chennai,20:00,02:50,2,Economy,3.42,27,7371
SpiceJet,Chennai,Delhi,19:00,23:32,1,Business,6.65,19,24936
AirAsia,Hyderabad,Delhi,22:00,01:52,1,Economy,9.2,22,10324
Vistara,Bangalore,Delhi,05:00,07:58,2,Economy,2.29,37,7325
Vistara,Mumbai,Hyderabad,22:00,03:54,1,Economy,8.37,9,12226
Indigo,Kolkata,Hyderabad,17:00,19:18,0,Economy,4.78,7,8732
SpiceJet,Bangalore,Chennai,12:00,16:13,2,Economy,4.98,30,9765
SpiceJet,Kolkata,Bangalore,10:00,15:44,2,Business,14.56,26,20077
GO FIRST,Kolkata,Chennai,06:00,10:07,2,Economy,10.14,42,9706
GO FIRST,Mumbai,Kolkata,19:00,21:51,1,Economy,5.0,48,6389
Indigo,Delhi,Mumbai,02:00,07:33,2,Economy,5.27,36,8631
SpiceJet,Hyderabad,Chennai,22:00,02:55,2,Economy,4.42,20,8239
Indigo,Delhi,Hyderabad,14:00,16:09,2,Business,11.81,47,24102
Vistara,Chennai,Bangalore,07:00,10:37,2,Economy,7.34,2,10436
Vistara,Bangalore,Mumbai,12:00,16:23,1,Economy,6.92,49,5796
AirAsia,Kolkata,Bangalore,04:00,08:29,0,Economy,7.1,37,6005
Air India,Bangalore,Chennai,01:00,05:37,1,Economy,4.74,46,6036
Indigo,Mumbai,Delhi,15:00,19:51,2,Economy,8.83,16,13025
Air India,Mumbai,Bangalore,22:00,04:22,0,Economy,11.08,2,9152
Indigo,Hyderabad,Bangalore,15:00,19:57,2,Economy,12.29,9,14580
AirAsia,Hyderabad,Delhi,14:00,20:04,2,Economy,11.39,28,9711
AirAsia,Bangalore,Delhi,01:00,05:28,1,Economy,14.89,22,10615
GO FIRST,Delhi,Chennai,16:00,19:42,0,Business,6.81,34,15248
AirAsia,Mumbai,Bangalore,21:00,02:47,0,Economy,13.18,16,9353
GO FIRST,Kolkata,Delhi,21:00,03:18,2,Economy,11.97,3,11338
Air India,Delhi,Mumbai,20:00,00:40,0,Economy,11.08,47,5078
Indigo,Chennai,Delhi,11:00,17:40,2,Economy,2.88,27,8548
Vistara,Bangalore,Kolkata,06:00,12:11,1,Business,9.99,24,23754
GO FIRST,Mumbai,Hyderabad,17:00,20:58,2,Economy,5.96,1,10186
AirAsia,Delhi,Bangalore,05:00,11:10,2,Economy,6.3,43,9346
SpiceJet,Chennai,Kolkata,03:00,05:56,0,Business,5.95,39,14821
AirAsia,Mumbai,Delhi,04:00,07:54,1,Business,14.23,17,21060
AirAsia,Mumbai,Kolkata,14:00,18:08,0,Economy,11.11,47,4608
AirAsia,Mumbai,Bangalore,14:00,17:05,0,Economy,13.35,46,5074
SpiceJet,Bangalore,Delhi,17:00,19:57,1,Business,5.23,47,14625
GO FIRST,Bangalore,Delhi,04:00,06:34,2,Economy,3.38,3,11511
Air India,Delhi,Chennai,11:00,16:22,2,Economy,13.82,20,10304
Indigo,Delhi,Mumbai,02:00,08:59,0,Economy,13.19,32,6364
GO FIRST,Mumbai,Delhi,02:00,05:57,0,Economy,9.01,22,7966
Vistara,Delhi,Kolkata,15:00,18:09,2,Economy,5.93,41,8543
SpiceJet,Kolkata,Chennai,19:00,22:58,1,Economy,13.05,36,8946
Air India,Hyderabad,Chennai,23:00,03:40,2,Economy,2.43,44,5793
Indigo,Chennai,Delhi,18:00,23:00,0,Business,8.71,45,13915
SpiceJet,Kolkata,Mumbai,02:00,06:57,0,Economy,7.97,40,4639
Vistara,Chennai,Mumbai,21:00,02:27,0,Economy,10.99,20,9088
Air India,Delhi,Kolkata,20:00,22:42,1,Economy,11.8,8,10867
AirAsia,Delhi,Hyderabad,00:00,05:58,1,Business,5.23,12,17745
Indigo,Hyderabad,Chennai,08:00,14:59,0,Economy,5.34,29,7259
Air India,Chennai,Mumbai,00:00,02:57,2,Economy,11.84,30,11092
Vistara,Bangalore,Chennai,02:00,05:05,0,Economy,6.03,34,5848
Air India,Hyderabad,Mumbai,09:00,13:21,2,Business,4.47,26,18610
SpiceJet,Chennai,Kolkata,08:00,14:08,2,Business,4.06,21,23978
GO FIRST,Kolkata,Hyderabad,13:00,18:16,2,Economy,12.96,17,11344
Vistara,Kolkata,Chennai,13:00,18:56,0,Economy,14.81,36,6972
Vistara,Bangalore,Mumbai,20:00,01:17,2,Economy,13.92,13,11738
SpiceJet,Kolkata,Chennai,05:00,09:05,0,Economy,4.91,9,7654
AirAsia,Delhi,Hyderabad,17:00,19:13,0,Economy,4.81,44,4508
Vistara,Hyderabad,Mumbai,05:00,10:10,1,Economy,12.51,31,7201
Indigo,Kolkata,Bangalore,13:00,19:52,2,Economy,8.8,4,11480
Vistara,Bangalore,Kolkata,23:00,04:55,0,Economy,4.07,10,7942
GO FIRST,Delhi,Chennai,16:00,21:49,2,Economy,2.13,7,9424
Air India,Kolkata,Bangalore,02:00,07:40,2,Economy,3.69,26,7967
AirAsia,Bangalore,Hyderabad,13:00,15:56,2,Economy,7.51,44,8216
Vistara,Hyderabad,Bangalore,20:00,00:39,0,Business,13.05,31,15913
Indigo,Hyderabad,Delhi,17:00,19:30,0,Economy,4.95,46,3764
Indigo,Delhi,Bangalore,12:00,15:45,1,Economy,13.41,14,10545
Air India,Mumbai,Hyderabad,16:00,18:53,1,Economy,7.71,13,9066
SpiceJet,Kolkata,Bangalore,16:00,19:29,1,Economy,7.24,17,9407
Indigo,Bangalore,Chennai,00:00,06:01,2,Economy,14.16,13,12567
Vistara,Kolkata,Hyderabad,11:00,17:46,1,Economy,3.12,21,6748
Vistara,Kolkata,Delhi,06:00,08:50,2,Economy,3.38,1,10520
SpiceJet,Delhi,Chennai,20:00,23:50,2,Business,12.41,7,26674
AirAsia,Kolkata,Chennai,20:00,00:57,2,Economy,12.35,16,13089
Vistara,Chennai,Delhi,18:00,22:37,2,Economy,5.59,22,10876
SpiceJet,Mumbai,Kolkata,13:00,17:01,0,Economy,11.4,7,9456
Vistara,Hyderabad,Bangalore,22:00,02:14,2,Business,13.54,5,26732
Indigo,Hyderabad,Delhi,17:00,22:51,2,Economy,7.89,43,9697
Vistara,Delhi,Chennai,22:00,01:34,0,Economy,6.22,15,9179
GO FIRST,Hyderabad,Bangalore,17:00,19:33,1,Economy,5.83,43,5944
GO FIRST,Delhi,Chennai,06:00,10:04,1,Economy,8.68,17,11076
SpiceJet,Kolkata,Chennai,09:00,12:58,0,Economy,13.44,29,8872
SpiceJet,Mumbai,Kolkata,22:00,01:26,2,Economy,13.57,3,11523
GO FIRST,Chennai,Kolkata,16:00,19:23,0,Economy,6.83,29,7475
AirAsia,Hyderabad,Kolkata,14:00,18:04,1,Economy,12.66,33,8736
GO FIRST,Chennai,Bangalore,21:00,23:18,1,Economy,2.61,40,5740
Vistara,Hyderabad,Delhi,14:00,18:22,1,Business,8.42,27,18563
SpiceJet,Mumbai,Bangalore,10:00,12:05,0,Economy,6.41,21,7037
Air India,Kolkata,Delhi,03:00,05:25,2,Economy,9.41,5,13096
SpiceJet,Hyderabad,Bangalore,04:00,08:21,2,Economy,11.01,35,10596
Indigo,Bangalore,Mumbai,02:00,06:55,0,Economy,10.86,10,8550
Air India,Chennai,Delhi,11:00,15:07,2,Economy,11.11,27,11320
GO FIRST,Bangalore,Chennai,13:00,18:31,2,Economy,13.58,12,10527
Indigo,Mumbai,Chennai,16:00,18:17,0,Economy,7.21,30,5799
SpiceJet,Mumbai,Kolkata,22:00,00:56,2,Economy,12.43,7,12585
Vistara,Bangalore,Hyderabad,06:00,08:34,0,Business,10.03,40,16442
Air India,Delhi,Kolkata,20:00,01:29,0,Economy,10.01,49,5692
Vistara,Hyderabad,Chennai,23:00,02:03,2,Business,14.65,6,27926
Vistara,Hyderabad,Mumbai,14:00,17:46,0,Business,13.11,43,21559
SpiceJet,Delhi,Mumbai,09:00,13:51,2,Economy,10.0,43,8227
Air India,Kolkata,Hyderabad,05:00,09:45,2,Economy,5.85,14,10584
GO FIRST,Mumbai,Delhi,05:00,11:20,0,Business,5.85,5,20208
Vistara,Mumbai,Delhi,13:00,19:53,0,Economy,2.49,33,4882
Indigo,Mumbai,Chennai,17:00,20:48,1,Economy,2.73,11,10649
Indigo,Delhi,Mumbai,18:00,20:17,0,Economy,6.81,3,10789
AirAsia,Kolkata,Chennai,10:00,13:13,1,Economy,7.63,14,10796
SpiceJet,Bangalore,Chennai,00:00,05:26,0,Business,4.67,29,17169
Air India,Mumbai,Bangalore,21:00,23:18,0,Economy,14.62,16,10803
Indigo,Hyderabad,Bangalore,21:00,00:05,1,Economy,10.78,13,8456
Indigo,Kolkata,Delhi,13:00,16:35,1,Economy,2.26,45,5133
Indigo,Hyderabad,Delhi,15:00,17:09,2,Economy,7.51,40,7046
Air India,Bangalore,Hyderabad,11:00,14:48,0,Economy,3.53,37,4572
SpiceJet,Chennai,Mumbai,20:00,22:47,2,Economy,2.52,36,8278
GO FIRST,Kolkata,Delhi,06:00,09:40,0,Business,12.38,14,18820
GO FIRST,Kolkata,Delhi,18:00,20:39,1,Economy,14.66,8,11815
GO FIRST,Hyderabad,Mumbai,02:00,06:58,1,Economy,12.8,9,10465
Vistara,Hyderabad,Delhi,21:00,00:16,2,Economy,14.88,22,9588
Vistara,Chennai,Delhi,18:00,00:24,2,Business,5.61,32,24564
AirAsia,Bangalore,Hyderabad,14:00,17:34,2,Business,8.96,19,23850
GO FIRST,Mumbai,Chennai,18:00,21:15,0,Business,10.32,35,18672
GO FIRST,Kolkata,Mumbai,14:00,18:31,2,Economy,8.87,32,8973
Air India,Kolkata,Mumbai,14:00,18:34,1,Economy,7.16,23,7252
SpiceJet,Hyderabad,Bangalore,08:00,10:32,2,Economy,7.88,7,12650
Indigo,Chennai,Bangalore,11:00,14:05,1,Business,11.96,7,20327
SpiceJet,Hyderabad,Mumbai,17:00,22:18,0,Economy,12.02,25,6328
Vistara,Delhi,Kolkata,01:00,04:14,0,Business,10.88,22,21770
GO FIRST,Delhi,Bangalore,11:00,17:50,2,Economy,14.68,9,12788
Air India,Delhi,Hyderabad,13:00,18:55,0,Economy,12.45,2,10104
AirAsia,Bangalore,Hyderabad,23:00,04:09,2,Economy,8.22,18,9581
Vistara,Bangalore,Kolkata,02:00,06:34,1,Economy,14.15,9,11936
SpiceJet,Kolkata,Hyderabad,06:00,11:03,0,Economy,11.04,19,7920
Air India,Hyderabad,Mumbai,18:00,23:41,1,Economy,6.48,9,9664
Indigo,Kolkata,Delhi,22:00,04:31,1,Economy,7.31,8,9892
Air India,Delhi,Hyderabad,05:00,10:09,0,Business,6.71,25,20648
SpiceJet,Delhi,Kolkata,10:00,16:49,0,Economy,13.72,23,8598
Indigo,Mumbai,Delhi,23:00,04:11,0,Economy,5.43,18,7657
SpiceJet,Mumbai,Delhi,07:00,11:57,1,Business,4.04,9,18513
Indigo,Chennai,Delhi,04:00,10:04,0,Business,7.3,23,16037
AirAsia,Mumbai,Delhi,04:00,10:14,2,Economy,12.7,34,8533
SpiceJet,Chennai,Delhi,19:00,21:13,2,Economy,7.34,39,7242
AirAsia,Mumbai,Kolkata,13:00,16:28,0,Economy,11.57,7,8269
Air India,Bangalore,Kolkata,19:00,00:44,0,Economy,5.99,28,7190
SpiceJet,Chennai,Hyderabad,15:00,18:31,1,Business,8.45,17,17314
AirAsia,Bangalore,Delhi,23:00,04:41,1,Economy,9.8,14,11673
Indigo,Chennai,Delhi,18:00,00:19,1,Economy,6.31,8,10635
Air India,Delhi,Mumbai,07:00,09:20,0,Economy,14.59,27,7355
GO FIRST,Bangalore,Mumbai,07:00,10:58,1,Economy,10.54,45,6518
SpiceJet,Chennai,Kolkata,11:00,16:34,0,Economy,9.6,14,8981
AirAsia,Delhi,Chennai,11:00,16:02,1,Economy,7.05,26,9236
AirAsia,Bangalore,Chennai,13:00,18:46,0,Economy,13.82,26,6625
GO FIRST,Hyderabad,Kolkata,05:00,08:28,0,Economy,10.63,18,7505
Air India,Chennai,Kolkata,06:00,09:54,0,Economy,13.28,17,10437
GO FIRST,Kolkata,Chennai,08:00,11:01,0,Economy,9.06,49,4951
Indigo,Kolkata,Hyderabad,19:00,00:24,1,Economy,14.06,41,9663
Indigo,Kolkata,Hyderabad,14:00,18:00,1,Business,3.46,18,23717
AirAsia,Chennai,Hyderabad,19:00,22:55,0,Economy,13.06,27,7469
GO FIRST,Hyderabad,Mumbai,18:00,20:07,0,Economy,12.1,8,11140
Indigo,Delhi,Bangalore,20:00,22:39,2,Economy,8.41,27,11107
SpiceJet,Hyderabad,Chennai,17:00,21:13,0,Economy,5.79,6,8156
AirAsia,Kolkata,Delhi,07:00,13:19,2,Economy,11.07,42,8959
Vistara,Mumbai,Chennai,21:00,00:50,1,Business,8.73,5,23122
SpiceJet,Mumbai,Kolkata,22:00,01:38,1,Economy,4.86,29,7569
SpiceJet,Bangalore,Hyderabad,22:00,03:20,1,Economy,13.49,16,12335
Vistara,Chennai,Delhi,16:00,21:38,2,Business,3.16,28,17215
GO FIRST,Bangalore,Kolkata,05:00,08:00,2,Business,14.97,23,22456
Air India,Hyderabad,Mumbai,05:00,10:31,1,Economy,13.08,3,12845
Vistara,Bangalore,Chennai,10:00,16:09,1,Economy,13.05,23,10930
Air India,Kolkata,Bangalore,13:00,16:47,0,Economy,13.26,19,10229
GO FIRST,Mumbai,Bangalore,04:00,08:56,2,Business,2.04,14,18081
AirAsia,Chennai,Delhi,12:00,14:49,2,Business,7.24,48,20535
Indigo,Mumbai,Delhi,04:00,07:09,0,Economy,13.88,32,7159
Vistara,Chennai,Bangalore,04:00,10:02,2,Business,6.06,28,25508
Vistara,Kolkata,Mumbai,01:00,04:11,2,Economy,8.82,2,12858
GO FIRST,Chennai,Hyderabad,06:00,11:47,2,Economy,9.48,12,10265
Air India,Chennai,Mumbai,09:00,12:16,1,Business,2.78,38,15462
GO FIRST,Bangalore,Kolkata,04:00,10:20,2,Economy,11.36,49,7984
AirAsia,Hyderabad,Mumbai,18:00,21:46,2,Economy,6.8,23,9844
Air India,Delhi,Mumbai,00:00,03:15,2,Economy,13.02,16,12386
AirAsia,Delhi,Chennai,01:00,05:37,1,Economy,13.08,36,9033
Vistara,Kolkata,Delhi,20:00,02:51,0,Economy,13.6,5,8439
Indigo,Delhi,Kolkata,05:00,11:00,2,Economy,10.83,15,12118
AirAsia,Hyderabad,Kolkata,22:00,01:02,2,Economy,14.34,14,11952
Air India,Mumbai,Bangalore,00:00,03:51,1,Business,8.6,26,19596
SpiceJet,Bangalore,Chennai,00:00,02:04,0,Economy,5.96,39,6316
Air India,Mumbai,Hyderabad,01:00,04:15,1,Economy,5.93,24,7449
GO FIRST,Kolkata,Delhi,14:00,16:52,2,Business,12.26,22,25073
SpiceJet,Chennai,Mumbai,05:00,11:42,1,Economy,13.89,34,8977
AirAsia,Hyderabad,Delhi,20:00,23:24,2,Economy,14.99,29,13068
SpiceJet,Kolkata,Bangalore,02:00,04:22,0,Economy,8.98,38,6757
GO FIRST,Kolkata,Delhi,14:00,20:24,2,Economy,11.7,38,9260
AirAsia,Chennai,Bangalore,11:00,13:46,1,Economy,5.18,40,5623
AirAsia,Kolkata,Mumbai,23:00,02:47,1,Economy,4.35,5,11482
Indigo,Mumbai,Delhi,06:00,09:18,1,Economy,14.01,27,7753
GO FIRST,Chennai,Delhi,08:00,11:57,1,Business,11.81,47,22449
Air India,Chennai,Hyderabad,04:00,09:18,0,Economy,10.4,16,7847
Indigo,Hyderabad,Chennai,08:00,11:16,0,Economy,4.69,16,7173
GO FIRST,Mumbai,Delhi,01:00,03:07,1,Economy,14.55,10,13365
GO FIRST,Kolkata,Chennai,15:00,20:10,1,Economy,10.88,13,11064
Air India,Delhi,Hyderabad,03:00,05:51,0,Business,3.62,30,18917
Indigo,Kolkata,Hyderabad,14:00,17:00,2,Economy,14.95,24,10734
GO FIRST,Chennai,Kolkata,13:00,16:55,0,Economy,9.41,43,4640
AirAsia,Bangalore,Kolkata,15:00,20:56,2,Economy,8.96,29,10253
Air India,Delhi,Bangalore,19:00,21:28,0,Economy,13.17,29,7733
Air India,Bangalore,Mumbai,01:00,07:51,1,Business,2.52,19,21026
AirAsia,Chennai,Kolkata,05:00,11:19,2,Economy,13.38,16,11948
Indigo,Bangalore,Delhi,05:00,11:00,2,Economy,8.19,20,8713
Vistara,Bangalore,Chennai,21:00,01:44,0,Economy,3.5,18,7010
AirAsia,Chennai,Delhi,20:00,02:24,2,Business,12.93,25,20182
AirAsia,Kolkata,Delhi,17:00,21:42,1,Economy,7.57,6,11471
Vistara,Kolkata,Mumbai,07:00,13:52,1,Economy,3.63,37,5243
SpiceJet,Delhi,Chennai,05:00,11:01,1,Economy,7.09,25,8333
Air India,Hyderabad,Bangalore,22:00,02:26,0,Business,6.13,47,16122
AirAsia,Delhi,Kolkata,10:00,12:05,1,Economy,10.38,35,7340
SpiceJet,Mumbai,Bangalore,09:00,14:20,2,Economy,10.07,18,12884
SpiceJet,Mumbai,Kolkata,16:00,18:37,1,Economy,14.6,4,11710
AirAsia,Hyderabad,Delhi,01:00,06:51,0,Economy,2.41,40,5188
SpiceJet,Mumbai,Kolkata,05:00,11:39,2,Economy,11.12,7,12885
AirAsia,Chennai,Bangalore,15:00,18:48,2,Business,7.31,40,20048
Air India,Mumbai,Chennai,20:00,00:18,1,Economy,3.15,42,5662
Indigo,Bangalore,Hyderabad,16:00,18:00,0,Economy,7.48,3,8450
Indigo,Hyderabad,Chennai,10:00,16:40,0,Business,14.48,39,17221
GO FIRST,Bangalore,Kolkata,23:00,04:33,0,Economy,10.3,10,8303
Indigo,Bangalore,Kolkata,06:00,12:19,2,Business,13.11,11,28770
Vistara,Mumbai,Hyderabad,14:00,16:07,1,Economy,13.46,20,10727
Air India,Delhi,Kolkata,01:00,04:32,2,Economy,11.68,8,10133
Indigo,Kolkata,Hyderabad,09:00,12:32,0,Economy,4.61,30,5088
Indigo,Delhi,Hyderabad,22:00,01:30,1,Economy,4.32,47,5928
AirAsia,Chennai,Bangalore,03:00,09:55,2,Economy,14.76,44,11278
AirAsia,Chennai,Delhi,07:00,13:36,1,Business,10.75,24,20502
AirAsia,Bangalore,Hyderabad,00:00,03:39,1,Economy,9.15,6,8658
Vistara,Chennai,Mumbai,21:00,02:00,1,Economy,11.3,26,10527
SpiceJet,Hyderabad,Delhi,20:00,22:50,2,Economy,10.68,48,7941
Air India,Chennai,Bangalore,04:00,07:03,0,Economy,14.88,29,6939
Air India,Delhi,Kolkata,19:00,22:46,0,Economy,7.32,23,7961
AirAsia,Mumbai,Delhi,17:00,21:36,0,Economy,10.48,49,5350
AirAsia,Bangalore,Mumbai,16:00,19:36,2,Economy,14.89,33,10265
Vistara,Delhi,Mumbai,00:00,03:15,0,Economy,7.29,35,6743
SpiceJet,Chennai,Bangalore,04:00,06:29,0,Economy,7.41,16,6823
GO FIRST,Hyderabad,Mumbai,00:00,04:02,1,Business,3.48,32,19414
GO FIRST,Bangalore,Kolkata,10:00,12:06,1,Economy,13.96,15,11196
Air India,Kolkata,Bangalore,03:00,08:15,2,Economy,13.75,28,11243
SpiceJet,Chennai,Kolkata,12:00,14:55,1,Economy,12.94,37,7824
Indigo,Kolkata,Bangalore,20:00,01:31,2,Economy,11.76,35,11661
GO FIRST,Delhi,Mumbai,02:00,07:52,2,Economy,4.24,42,7226
AirAsia,Delhi,Mumbai,05:00,07:04,2,Economy,14.56,2,13541
Vistara,Mumbai,Hyderabad,07:00,12:20,2,Economy,13.31,36,10353
Indigo,Hyderabad,Mumbai,11:00,15:28,0,Economy,10.8,38,6175
Air India,Bangalore,Hyderabad,01:00,03:36,0,Economy,12.01,2,8320
SpiceJet,Mumbai,Hyderabad,12:00,18:41,0,Business,6.98,20,21183
AirAsia,Hyderabad,Mumbai,10:00,14:00,0,Economy,2.58,3,8756
AirAsia,Delhi,Kolkata,18:00,21:57,0,Economy,8.07,24,8062
Indigo,Hyderabad,Chennai,05:00,10:35,1,Economy,2.67,45,6031
SpiceJet,Delhi,Mumbai,06:00,08:41,0,Economy,6.69,47,5161
Vistara,Mumbai,Hyderabad,18:00,20:27,0,Business,10.03,26,17869
SpiceJet,Hyderabad,Bangalore,11:00,15:33,1,Economy,6.43,42,5976
Air India,Bangalore,Chennai,09:00,13:23,0,Economy,13.99,4,9010
AirAsia,Bangalore,Mumbai,09:00,13:24,1,Economy,10.21,38,8448
Vistara,Mumbai,Delhi,14:00,16:58,1,Economy,5.63,11,11406
Vistara,Hyderabad,Kolkata,05:00,07:24,2,Business,8.01,35,24120
SpiceJet,Chennai,Hyderabad,18:00,21:52,2,Economy,8.66,46,9353
SpiceJet,Mumbai,Kolkata,12:00,14:45,2,Economy,12.41,4,11026
Indigo,Delhi,Kolkata,00:00,03:44,2,Economy,10.22,21,11101
GO FIRST,Chennai,Bangalore,00:00,04:09,0,Business,2.53,17,16184
GO FIRST,Mumbai,Bangalore,16:00,18:45,1,Economy,11.33,20,9756
AirAsia,Delhi,Bangalore,01:00,05:02,2,Economy,6.24,17,9413
Vistara,Delhi,Hyderabad,08:00,14:29,2,Economy,6.25,14,9637
Air India,Delhi,Hyderabad,09:00,15:06,0,Economy,9.94,33,7620
Air India,Mumbai,Bangalore,23:00,05:17,1,Economy,14.06,37,8961
AirAsia,Mumbai,Bangalore,19:00,23:11,0,Business,4.19,34,19738
AirAsia,Mumbai,Kolkata,04:00,09:56,1,Economy,11.87,46,8228
Vistara,Delhi,Hyderabad,11:00,15:03,1,Business,7.43,32,20404
GO FIRST,Hyderabad,Delhi,22:00,03:01,0,Economy,2.65,14,8021
SpiceJet,Kolkata,Delhi,08:00,10:02,1,Business,11.75,18,18821
Indigo,Mumbai,Kolkata,14:00,20:14,1,Economy,6.57,15,11014
Air India,Delhi,Hyderabad,06:00,09:06,0,Economy,9.88,19,8219
SpiceJet,Bangalore,Hyderabad,19:00,01:25,0,Business,12.17,14,22525
AirAsia,Mumbai,Delhi,10:00,16:50,1,Economy,6.98,40,8078
GO FIRST,Chennai,Kolkata,22:00,01:58,0,Business,10.15,37,20436
AirAsia,Mumbai,Chennai,00:00,05:10,2,Business,5.12,44,19938
Air India,Delhi,Mumbai,02:00,06:20,2,Business,10.87,43,18308
GO FIRST,Kolkata,Chennai,15:00,18:58,0,Economy,11.25,30,7990
AirAsia,Delhi,Bangalore,08:00,12:07,2,Economy,2.48,6,11056
Vistara,Chennai,Bangalore,12:00,15:45,2,Economy,6.94,9,9655
GO FIRST,Hyderabad,Chennai,23:00,02:47,0,Economy,12.03,32,7490
Indigo,Mumbai,Kolkata,05:00,11:50,0,Business,5.65,26,18784
SpiceJet,Delhi,Kolkata,17:00,21:55,0,Economy,8.41,24,6583
Indigo,Mumbai,Hyderabad,05:00,07:13,2,Economy,8.64,23,12362
GO FIRST,Kolkata,Delhi,22:00,02:38,0,Economy,4.28,36,5356
Vistara,Delhi,Mumbai,00:00,04:09,2,Economy,10.32,32,8005
Air India,Chennai,Mumbai,10:00,15:04,0,Economy,8.69,16,9614
Vistara,Kolkata,Delhi,22:00,02:03,0,Business,9.55,20,15938
SpiceJet,Bangalore,Hyderabad,20:00,02:48,2,Economy,12.88,11,10362
Air India,Delhi,Kolkata,02:00,05:25,0,Business,2.33,33,19496
GO FIRST,Delhi,Kolkata,05:00,08:50,0,Economy,4.53,42,5391
Air India,Mumbai,Kolkata,00:00,04:19,1,Economy,13.18,35,8339
AirAsia,Mumbai,Kolkata,19:00,21:28,2,Business,12.59,26,22678
Indigo,Bangalore,Delhi,00:00,06:03,1,Economy,12.14,30,10133
Indigo,Kolkata,Hyderabad,08:00,13:53,0,Economy,10.17,1,8191
Air India,Mumbai,Chennai,15:00,20:41,2,Business,9.67,46,17839
Indigo,Delhi,Bangalore,04:00,07:29,1,Economy,9.61,22,10773
AirAsia,Delhi,Chennai,21:00,02:17,1,Economy,10.47,48,7267
AirAsia,Delhi,Kolkata,08:00,11:32,2,Economy,10.77,38,10217
AirAsia,Mumbai,Hyderabad,11:00,16:14,0,Economy,8.39,6,10816
Indigo,Bangalore,Kolkata,06:00,11:09,1,Economy,11.96,42,7993
Indigo,Kolkata,Mumbai,07:00,13:04,1,Economy,12.0,46,8211
Indigo,Delhi,Bangalore,04:00,06:58,2,Economy,7.2,28,9724
SpiceJet,Bangalore,Mumbai,08:00,14:14,1,Economy,7.43,11,8405
SpiceJet,Kolkata,Delhi,15:00,19:35,0,Economy,7.91,44,5206
Air India,Kolkata,Bangalore,10:00,14:48,2,Economy,7.83,14,10944
Air India,Bangalore,Hyderabad,12:00,14:46,0,Economy,5.84,46,3784
Indigo,Hyderabad,Bangalore,03:00,05:35,0,Economy,7.15,45,5506
Air India,Hyderabad,Kolkata,10:00,12:14,1,Economy,3.01,16,8627
GO FIRST,Delhi,Mumbai,19:00,21:02,2,Economy,9.78,35,10173
GO FIRST,Hyderabad,Kolkata,18:00,00:19,1,Economy,8.47,28,9146
GO FIRST,Delhi,Chennai,03:00,06:23,2,Economy,10.36,15,12763
SpiceJet,Delhi,Chennai,01:00,05:21,1,Economy,10.82,4,11605
Vistara,Kolkata,Bangalore,19:00,01:05,2,Economy,6.8,42,8302
AirAsia,Chennai,Kolkata,12:00,16:46,0,Economy,12.12,25,8334
Indigo,Delhi,Bangalore,07:00,10:05,1,Economy,8.09,13,10722
AirAsia,Kolkata,Hyderabad,09:00,14:44,1,Business,4.41,10,21623
Air India,Kolkata,Chennai,10:00,16:29,0,Economy,7.9,19,8011
GO FIRST,Chennai,Bangalore,09:00,12:43,2,Business,9.07,38,19471
SpiceJet,Hyderabad,Mumbai,00:00,05:09,0,Business,13.95,34,16688
GO FIRST,Chennai,Hyderabad,07:00,11:18,1,Economy,6.87,2,11945
Indigo,Hyderabad,Mumbai,23:00,01:20,1,Economy,8.83,31,6990
AirAsia,Bangalore,Delhi,10:00,13:12,0,Economy,8.38,46,4673
SpiceJet,Delhi,Mumbai,02:00,04:09,0,Economy,2.95,34,5217
Air India,Bangalore,Hyderabad,21:00,02:13,2,Economy,6.49,45,8278
GO FIRST,Delhi,Kolkata,11:00,16:35,1,Economy,3.42,37,6298
GO FIRST,Delhi,Mumbai,11:00,16:19,1,Economy,6.24,44,7084
Indigo,Bangalore,Chennai,14:00,19:52,1,Economy,10.68,31,6924
GO FIRST,Delhi,Mumbai,11:00,13:56,0,Economy,11.99,31,7238
GO FIRST,Chennai,Delhi,01:00,03:27,1,Economy,3.58,37,6112
GO FIRST,Hyderabad,Kolkata,23:00,02:45,1,Economy,7.98,10,8188
SpiceJet,Chennai,Kolkata,18:00,23:40,1,Economy,13.3,17,8413
Indigo,Mumbai,Bangalore,11:00,16:52,1,Economy,4.27,16,10123
AirAsia,Bangalore,Mumbai,21:00,01:34,0,Economy,3.03,7,8893
GO FIRST,Mumbai,Chennai,22:00,04:28,0,Economy,9.86,11,8813
Vistara,Delhi,Chennai,18:00,23:44,0,Economy,9.45,11,9693
Air India,Bangalore,Hyderabad,18:00,21:41,1,Economy,2.67,7,9962
Indigo,Mumbai,Kolkata,18:00,00:51,0,Economy,13.7,1,11896
Vistara,Chennai,Mumbai,22:00,04:52,2,Economy,4.27,31,7601
AirAsia,Bangalore,Hyderabad,14:00,17:54,0,Economy,2.25,45,4131
Indigo,Bangalore,Mumbai,02:00,06:59,1,Economy,3.81,42,5034
Air India,Mumbai,Hyderabad,05:00,08:03,1,Economy,4.76,20,8887
SpiceJet,Mumbai,Delhi,01:00,05:14,2,Economy,10.26,3,12768
AirAsia,Mumbai,Delhi,00:00,05:51,1,Economy,4.3,45,6124
SpiceJet,Chennai,Delhi,07:00,11:20,1,Economy,6.14,34,8333
Vistara,Chennai,Mumbai,00:00,06:55,2,Economy,6.12,35,9724
SpiceJet,Delhi,Hyderabad,19:00,01:40,1,Economy,11.43,8,10643
GO FIRST,Bangalore,Chennai,14:00,16:44,0,Economy,11.97,42,6728
Air India,Chennai,Kolkata,08:00,13:55,1,Economy,6.78,12,8566
Indigo,Kolkata,Bangalore,10:00,12:31,2,Economy,2.63,12,11019
Indigo,Hyderabad,Kolkata,11:00,14:10,1,Business,11.82,3,27897
AirAsia,Kolkata,Bangalore,19:00,21:45,1,Economy,12.11,40,7584
GO FIRST,Delhi,Hyderabad,12:00,18:05,0,Economy,9.42,5,9188
SpiceJet,Bangalore,Kolkata,10:00,13:59,1,Economy,6.01,29,8202
Indigo,Hyderabad,Bangalore,02:00,08:06,0,Economy,13.13,12,8918
SpiceJet,Kolkata,Delhi,10:00,16:38,0,Business,13.17,13,17613
AirAsia,Chennai,Delhi,17:00,21:43,0,Economy,8.47,7,9129
SpiceJet,Delhi,Kolkata,03:00,09:34,1,Economy,4.33,49,5605
Vistara,Chennai,Mumbai,16:00,20:06,1,Business,6.88,34,17773
Indigo,Hyderabad,Kolkata,23:00,05:33,1,Economy,8.46,10,11233
GO FIRST,Bangalore,Kolkata,12:00,14:12,2,Economy,11.82,8,10511
Air India,Chennai,Hyderabad,18:00,23:15,2,Economy,12.24,24,12497
GO FIRST,Hyderabad,Chennai,23:00,03:35,0,Economy,9.24,17,7066
AirAsia,Bangalore,Kolkata,13:00,15:21,0,Economy,12.29,23,6934
Vistara,Delhi,Hyderabad,11:00,13:52,2,Economy,9.14,1,12857
AirAsia,Delhi,Mumbai,02:00,07:27,2,Business,2.03,27,18794
GO FIRST,Mumbai,Hyderabad,06:00,09:27,1,Economy,3.14,19,7391
Vistara,Bangalore,Kolkata,21:00,00:04,2,Economy,10.03,7,12001
Vistara,Kolkata,Mumbai,22:00,01:14,2,Economy,5.68,23,8500
AirAsia,Delhi,Hyderabad,10:00,16:13,1,Economy,11.49,23,10122
Air India,Kolkata,Mumbai,23:00,05:33,1,Economy,10.68,12,12001
GO FIRST,Kolkata,Delhi,22:00,01:12,1,Economy,13.23,16,12634
AirAsia,Chennai,Mumbai,11:00,16:21,1,Economy,14.04,12,9208
Vistara,Kolkata,Bangalore,10:00,15:50,2,Economy,5.22,1,11502
Air India,Hyderabad,Chennai,02:00,04:39,0,Economy,12.66,45,7225
Air India,Chennai,Delhi,13:00,16:00,0,Economy,10.25,16,8009
AirAsia,Bangalore,Kolkata,20:00,01:52,0,Economy,10.94,8,9947
AirAsia,Delhi,Mumbai,08:00,12:45,0,Business,8.72,44,19666
GO FIRST,Kolkata,Chennai,04:00,07:54,0,Business,5.79,20,20192
Indigo,Mumbai,Chennai,23:00,04:51,1,Economy,8.77,10,10289
Indigo,Mumbai,Kolkata,03:00,09:47,2,Economy,10.46,38,9546
SpiceJet,Delhi,Chennai,17:00,23:12,2,Economy,6.22,45,8835
AirAsia,Mumbai,Hyderabad,23:00,01:51,2,Economy,14.29,2,14192
Air India,Chennai,Hyderabad,16:00,20:12,2,Economy,6.01,23,10060
Vistara,Mumbai,Delhi,04:00,06:28,1,Business,10.07,18,23502
Air India,Kolkata,Mumbai,07:00,09:23,0,Business,2.82,49,13980
SpiceJet,Hyderabad,Kolkata,23:00,02:00,1,Economy,6.72,31,8714
Indigo,Hyderabad,Bangalore,00:00,04:44,1,Economy,6.44,17,8182
Air India,Mumbai,Bangalore,14:00,20:45,0,Economy,5.2,40,4971
SpiceJet,Delhi,Bangalore,03:00,09:16,2,Economy,5.25,20,9157
Indigo,Kolkata,Chennai,05:00,07:51,1,Economy,10.37,35,8776
Air India,Delhi,Bangalore,03:00,08:20,1,Economy,11.64,6,11623
Vistara,Kolkata,Mumbai,16:00,22:50,0,Economy,6.1,27,5449
GO FIRST,Hyderabad,Mumbai,04:00,07:31,1,Economy,14.28,45,8074
AirAsia,Chennai,Bangalore,00:00,04:16,1,Economy,13.55,32,9986
Vistara,Hyderabad,Bangalore,22:00,01:09,2,Economy,7.42,17,11067
SpiceJet,Chennai,Bangalore,16:00,20:29,0,Economy,12.02,37,6242
AirAsia,Kolkata,Hyderabad,15:00,21:33,2,Economy,11.03,28,10107
Vistara,Hyderabad,Mumbai,11:00,14:46,2,Economy,14.3,19,13245
GO FIRST,Chennai,Kolkata,07:00,11:14,2,Economy,3.66,45,6186
SpiceJet,Chennai,Kolkata,01:00,06:24,1,Economy,8.54,33,6580
Air India,Delhi,Bangalore,10:00,13:35,1,Economy,4.23,3,8153
Indigo,Bangalore,Mumbai,02:00,04:03,0,Business,3.99,10,21192
Air India,Hyderabad,Delhi,13:00,15:21,0,Economy,6.67,36,6767
AirAsia,Mumbai,Kolkata,02:00,04:05,1,Business,14.25,44,22526
AirAsia,Mumbai,Kolkata,08:00,12:15,0,Economy,12.65,36,6333
Air India,Hyderabad,Kolkata,10:00,15:55,1,Economy,4.84,10,11294
AirAsia,Kolkata,Mumbai,22:00,04:41,0,Economy,10.24,28,7940
Indigo,Hyderabad,Mumbai,09:00,12:59,0,Economy,14.21,28,7089
SpiceJet,Mumbai,Delhi,10:00,13:31,1,Economy,10.7,4,9218
Vistara,Mumbai,Kolkata,07:00,10:21,0,Economy,3.0,30,6471
GO FIRST,Hyderabad,Kolkata,09:00,13:41,0,Economy,2.42,26,5009
Vistara,Hyderabad,Delhi,16:00,20:16,0,Economy,3.19,35,5676
Indigo,Chennai,Hyderabad,22:00,01:29,0,Economy,9.03,16,8838
Air India,Mumbai,Kolkata,21:00,00:03,2,Economy,8.3,8,13542
Vistara,Mumbai,Kolkata,05:00,10:30,1,Business,11.72,33,22005
GO FIRST,Hyderabad,Kolkata,10:00,16:08,2,Business,9.91,10,22602
SpiceJet,Chennai,Hyderabad,05:00,10:39,1,Business,8.19,31,23932
Indigo,Mumbai,Hyderabad,02:00,06:07,2,Economy,10.34,28,11618
Air India,Bangalore,Kolkata,12:00,17:04,2,Economy,3.9,9,10607
Air India,Bangalore,Hyderabad,20:00,22:07,1,Economy,8.43,29,7476
AirAsia,Kolkata,Hyderabad,06:00,12:51,1,Economy,10.88,37,8026
Air India,Mumbai,Bangalore,19:00,23:45,0,Economy,8.78,47,5015
GO FIRST,Hyderabad,Chennai,22:00,00:31,1,Economy,13.26,22,9732
GO FIRST,Chennai,Kolkata,19:00,22:00,1,Business,3.95,7,25224
SpiceJet,Delhi,Hyderabad,10:00,13:56,2,Economy,13.89,21,11640
Air India,Bangalore,Delhi,18:00,21:48,0,Economy,14.13,38,6608
Vistara,Chennai,Delhi,09:00,13:52,0,Economy,7.03,8,7152
GO FIRST,Kolkata,Chennai,00:00,02:48,1,Economy,14.08,26,8333
Vistara,Hyderabad,Bangalore,08:00,12:33,0,Business,6.64,33,19214
Air India,Chennai,Mumbai,11:00,16:56,2,Economy,13.42,48,8216
SpiceJet,Mumbai,Hyderabad,14:00,20:45,2,Business,9.3,30,18024
GO FIRST,Kolkata,Hyderabad,22:00,04:44,2,Business,10.8,3,25239
Indigo,Delhi,Bangalore,16:00,18:59,1,Economy,12.19,30,9783
GO FIRST,Hyderabad,Kolkata,23:00,04:53,1,Economy,14.27,25,8947
SpiceJet,Chennai,Delhi,17:00,19:01,0,Business,3.0,35,16561
SpiceJet,Kolkata,Chennai,12:00,16:27,1,Economy,6.39,30,6928
Vistara,Kolkata,Delhi,06:00,09:32,2,Economy,12.61,12,11265
Vistara,Kolkata,Mumbai,22:00,00:52,2,Economy,2.04,18,11082
AirAsia,Chennai,Kolkata,02:00,08:51,1,Economy,11.52,48,6073
AirAsia,Mumbai,Chennai,13:00,19:08,1,Business,4.17,43,20662
Indigo,Delhi,Hyderabad,14:00,18:18,2,Business,10.23,16,21106
SpiceJet,Mumbai,Delhi,17:00,21:38,1,Economy,14.58,49,6568
SpiceJet,Bangalore,Delhi,12:00,17:04,1,Economy,4.99,34,8201
GO FIRST,Hyderabad,Delhi,11:00,17:40,1,Economy,9.92,16,8983
Indigo,Bangalore,Delhi,15:00,20:35,0,Economy,2.0,32,4956
Air India,Kolkata,Chennai,04:00,06:53,1,Economy,8.39,11,10732
GO FIRST,Kolkata,Chennai,22:00,00:36,1,Business,12.16,31,21426
Air India,Kolkata,Bangalore,05:00,09:42,1,Economy,6.01,40,7121
SpiceJet,Chennai,Delhi,06:00,09:04,1,Economy,6.42,16,7440
SpiceJet,Chennai,Delhi,03:00,07:28,1,Economy,5.04,12,8345
Indigo,Chennai,Kolkata,11:00,16:28,0,Economy,8.93,39,4853
SpiceJet,Chennai,Mumbai,02:00,04:25,1,Economy,13.72,1,13790
Vistara,Delhi,Bangalore,16:00,19:51,0,Economy,8.9,24,8651
GO FIRST,Hyderabad,Bangalore,22:00,02:07,1,Business,13.57,22,19969
Indigo,Chennai,Bangalore,16:00,18:10,1,Economy,3.42,34,8035
Indigo,Hyderabad,Kolkata,21:00,01:26,0,Economy,10.59,24,8576
AirAsia,Kolkata,Mumbai,05:00,08:39,1,Economy,6.69,44,6844
Air India,Chennai,Kolkata,08:00,14:36,0,Economy,11.47,14,7754
SpiceJet,Delhi,Kolkata,11:00,15:51,2,Economy,5.53,12,12002
Air India,Delhi,Mumbai,03:00,05:33,1,Economy,2.5,46,4957
Air India,Mumbai,Kolkata,04:00,07:27,0,Economy,10.1,30,6942
Vistara,Delhi,Hyderabad,10:00,12:07,1,Economy,8.95,49,7020
SpiceJet,Delhi,Mumbai,03:00,07:44,2,Economy,8.97,26,10801
GO FIRST,Chennai,Bangalore,07:00,11:24,0,Economy,5.23,2,8811
Indigo,Chennai,Delhi,04:00,09:56,2,Business,9.33,26,24782
GO FIRST,Bangalore,Chennai,13:00,19:25,2,Business,11.17,15,19780
Air India,Hyderabad,Delhi,04:00,08:10,0,Economy,2.01,2,8920
GO FIRST,Kolkata,Hyderabad,13:00,16:39,1,Economy,3.93,37,7152
GO FIRST,Chennai,Bangalore,18:00,00:42,0,Economy,12.34,2,10097
Air India,Chennai,Mumbai,11:00,15:29,0,Economy,3.34,32,6079
GO FIRST,Delhi,Kolkata,13:00,15:00,0,Business,11.53,22,18564
Air India,Chennai,Bangalore,17:00,21:24,0,Economy,3.99,4,8796
AirAsia,Hyderabad,Delhi,05:00,11:31,1,Economy,12.64,36,8064
Vistara,Bangalore,Kolkata,03:00,09:15,0,Business,3.84,31,17691
AirAsia,Kolkata,Chennai,02:00,07:14,2,Economy,11.88,31,10956
AirAsia,Mumbai,Delhi,07:00,13:01,2,Business,4.67,44,20935
AirAsia,Bangalore,Kolkata,01:00,04:41,0,Economy,7.31,20,7359
Vistara,Mumbai,Kolkata,23:00,01:17,0,Economy,14.72,14,9942
SpiceJet,Chennai,Mumbai,18:00,20:53,0,Economy,6.85,33,5004
SpiceJet,Delhi,Hyderabad,01:00,04:38,1,Economy,6.17,35,6840
GO FIRST,Kolkata,Hyderabad,22:00,00:38,1,Economy,5.35,16,9017
Indigo,Mumbai,Kolkata,14:00,16:01,1,Economy,3.86,22,7593
Vistara,Delhi,Mumbai,05:00,10:12,0,Business,11.81,26,21530
AirAsia,Kolkata,Delhi,01:00,04:57,2,Economy,13.73,17,13658
Vistara,Mumbai,Chennai,12:00,14:16,1,Economy,3.75,21,9106
Air India,Mumbai,Delhi,09:00,13:30,0,Business,14.66,25,21637
AirAsia,Hyderabad,Chennai,06:00,11:15,1,Economy,10.52,14,9602
Air India,Delhi,Bangalore,22:00,03:18,1,Business,5.49,40,22146
Vistara,Bangalore,Kolkata,05:00,10:16,1,Economy,11.35,42,8783
Air India,Bangalore,Chennai,07:00,11:39,0,Business,6.38,41,17390
Vistara,Hyderabad,Bangalore,05:00,09:20,1,Economy,5.11,26,7529
GO FIRST,Bangalore,Hyderabad,04:00,08:47,0,Economy,2.81,41,4654
SpiceJet,Mumbai,Kolkata,21:00,01:03,1,Economy,5.38,10,7956
Air India,Mumbai,Hyderabad,07:00,11:23,2,Business,6.46,39,21845
AirAsia,Hyderabad,Kolkata,07:00,13:03,1,Economy,8.9,20,9613
GO FIRST,Bangalore,Delhi,04:00,08:20,1,Economy,4.59,32,7782
Vistara,Mumbai,Kolkata,16:00,20:51,0,Economy,7.51,7,8952
Vistara,Mumbai,Delhi,00:00,06:21,0,Business,10.07,21,16837
Indigo,Mumbai,Delhi,19:00,00:29,2,Economy,10.65,49,9764
Air India,Delhi,Mumbai,09:00,12:30,1,Economy,8.81,42,6927
SpiceJet,Delhi,Hyderabad,15:00,19:30,2,Economy,4.18,30,8819
Air India,Chennai,Kolkata,02:00,05:29,0,Economy,3.09,29,4879
SpiceJet,Bangalore,Hyderabad,17:00,19:46,2,Economy,10.63,4,11530
SpiceJet,Hyderabad,Mumbai,10:00,15:15,0,Economy,2.34,30,4834
Indigo,Kolkata,Chennai,05:00,07:25,0,Economy,8.44,5,10911
Vistara,Kolkata,Chennai,02:00,06:53,1,Economy,4.67,8,7978
Vistara,Hyderabad,Chennai,18:00,20:39,2,Business,8.52,15,21457
Air India,Delhi,Kolkata,07:00,11:14,1,Economy,8.83,35,7413
Air India,Chennai,Kolkata,19:00,22:57,1,Economy,9.8,14,8114
GO FIRST,Hyderabad,Mumbai,02:00,07:34,2,Economy,4.72,23,8262
Indigo,Hyderabad,Bangalore,15:00,21:43,1,Economy,6.11,29,7495
SpiceJet,Chennai,Hyderabad,01:00,04:13,0,Economy,4.95,24,6169
GO FIRST,Mumbai,Chennai,08:00,11:58,0,Business,7.95,7,20860
SpiceJet,Kolkata,Hyderabad,12:00,17:49,2,Economy,4.14,25,9794
SpiceJet,Kolkata,Hyderabad,23:00,05:25,2,Economy,14.41,12,11979
Indigo,Hyderabad,Delhi,11:00,14:13,0,Economy,10.14,20,9182
AirAsia,Kolkata,Hyderabad,19:00,00:29,0,Economy,11.25,7,9281
Air India,Bangalore,Hyderabad,20:00,22:01,0,Economy,2.99,18,7455
SpiceJet,Hyderabad,Delhi,00:00,02:38,0,Economy,13.23,19,8534
AirAsia,Mumbai,Hyderabad,21:00,03:38,2,Business,10.22,43,21848
AirAsia,Delhi,Kolkata,12:00,16:58,2,Business,6.15,29,19206
Vistara,Mumbai,Chennai,18:00,00:40,1,Business,2.3,2,21823
SpiceJet,Kolkata,Hyderabad,09:00,11:03,1,Economy,14.66,40,9707
GO FIRST,Delhi,Mumbai,01:00,03:26,1,Economy,10.35,27,7382
SpiceJet,Delhi,Mumbai,22:00,04:07,2,Economy,11.63,3,12876
AirAsia,Mumbai,Kolkata,08:00,13:24,1,Business,9.8,10,26401
Vistara,Hyderabad,Delhi,12:00,15:03,1,Economy,4.53,41,7236
Air India,Delhi,Bangalore,19:00,01:42,1,Economy,8.95,45,8065
SpiceJet,Mumbai,Bangalore,21:00,00:14,0,Economy,12.71,13,10254
SpiceJet,Hyderabad,Mumbai,05:00,08:26,2,Economy,14.31,42,9359
GO FIRST,Delhi,Mumbai,04:00,07:51,0,Economy,6.97,40,5330
AirAsia,Mumbai,Kolkata,10:00,14:54,1,Economy,12.93,45,6888
GO FIRST,Chennai,Mumbai,08:00,12:34,2,Economy,7.08,42,7545
AirAsia,Kolkata,Mumbai,14:00,20:13,2,Economy,5.42,44,6248
Indigo,Kolkata,Delhi,12:00,18:13,1,Economy,2.86,31,7543
AirAsia,Mumbai,Hyderabad,00:00,03:40,1,Economy,13.23,5,11228
Indigo,Hyderabad,Delhi,14:00,17:51,2,Business,8.33,42,16441
AirAsia,Mumbai,Bangalore,18:00,22:09,1,Economy,9.98,24,8995
GO FIRST,Kolkata,Hyderabad,06:00,09:22,2,Economy,5.48,42,8798
Indigo,Hyderabad,Delhi,20:00,01:06,2,Economy,3.91,46,7431
Vistara,Kolkata,Mumbai,07:00,09:13,2,Economy,14.84,23,12931
SpiceJet,Bangalore,Kolkata,07:00,11:58,2,Economy,2.79,21,10122
AirAsia,Chennai,Hyderabad,07:00,13:52,0,Economy,11.62,3,9242
Vistara,Kolkata,Hyderabad,06:00,09:18,2,Business,4.04,17,23798
Indigo,Kolkata,Bangalore,06:00,10:21,0,Economy,3.64,18,6379
Vistara,Kolkata,Mumbai,15:00,19:01,0,Economy,13.9,4,12149
Air India,Bangalore,Delhi,20:00,22:05,1,Economy,4.87,11,8956
GO FIRST,Hyderabad,Chennai,16:00,22:48,0,Economy,5.88,18,8824
Air India,Mumbai,Kolkata,04:00,09:06,2,Economy,10.28,41,10354
SpiceJet,Hyderabad,Mumbai,08:00,10:18,0,Business,12.86,8,22518
GO FIRST,Bangalore,Delhi,05:00,09:20,1,Economy,14.11,15,11310
Indigo,Mumbai,Kolkata,09:00,15:25,1,Economy,8.22,28,7063
Vistara,Kolkata,Hyderabad,12:00,17:42,0,Economy,2.29,48,3913
AirAsia,Kolkata,Mumbai,14:00,18:30,1,Economy,3.62,20,9286
AirAsia,Kolkata,Bangalore,19:00,21:11,0,Economy,10.81,35,5335
Indigo,Bangalore,Hyderabad,17:00,23:37,2,Economy,13.2,31,11759
GO FIRST,Mumbai,Bangalore,13:00,19:43,0,Economy,10.16,11,8799
Air India,Bangalore,Chennai,20:00,01:27,1,Economy,11.63,29,8436
Vistara,Kolkata,Mumbai,12:00,15:01,2,Economy,3.39,7,11390
AirAsia,Kolkata,Delhi,15:00,21:38,2,Economy,5.96,9,11445
GO FIRST,Bangalore,Kolkata,20:00,01:01,2,Business,12.28,36,18630
SpiceJet,Hyderabad,Mumbai,13:00,15:06,2,Economy,3.73,35,7612
SpiceJet,Kolkata,Bangalore,23:00,02:04,1,Economy,8.37,23,10412
Indigo,Mumbai,Hyderabad,14:00,20:28,0,Economy,10.1,7,11131
SpiceJet,Chennai,Bangalore,02:00,04:46,1,Economy,14.11,44,6989
Indigo,Chennai,Mumbai,05:00,11:53,2,Economy,9.61,1,15364
Air India,Delhi,Mumbai,06:00,08:12,2,Economy,13.32,2,12306
SpiceJet,Chennai,Hyderabad,01:00,05:45,0,Economy,3.88,27,6980
Air India,Hyderabad,Chennai,09:00,15:47,0,Economy,7.34,16,6877
GO FIRST,Chennai,Kolkata,22:00,00:35,1,Economy,13.33,47,6608
Vistara,Delhi,Bangalore,05:00,10:25,1,Economy,8.67,5,12394
Vistara,Kolkata,Delhi,11:00,14:57,2,Economy,4.3,23,11308
Air India,Kolkata,Bangalore,21:00,01:30,1,Business,14.58,47,21045
Vistara,Kolkata,Chennai,21:00,02:57,2,Economy,7.8,18,11762
SpiceJet,Kolkata,Bangalore,06:00,11:53,0,Business,3.88,28,18635
Air India,Mumbai,Kolkata,04:00,10:00,1,Economy,6.03,32,6952
Vistara,Mumbai,Kolkata,06:00,09:09,2,Business,6.44,18,25527
GO FIRST,Delhi,Mumbai,13:00,18:03,1,Economy,7.17,36,6717
SpiceJet,Kolkata,Hyderabad,03:00,05:26,0,Business,12.32,10,17277
GO FIRST,Kolkata,Hyderabad,18:00,22:16,1,Economy,6.79,25,8400
Indigo,Delhi,Mumbai,20:00,00:27,0,Economy,6.28,46,4039
SpiceJet,Bangalore,Delhi,00:00,06:05,0,Economy,4.46,6,7763
GO FIRST,Chennai,Mumbai,18:00,22:23,1,Business,6.23,25,19361
Air India,Hyderabad,Mumbai,20:00,23:12,0,Economy,2.27,10,8238
Indigo,Hyderabad,Mumbai,08:00,12:16,2,Economy,9.23,28,8807
Indigo,Bangalore,Chennai,16:00,22:00,2,Economy,14.26,43,7896
Indigo,Bangalore,Delhi,13:00,16:15,2,Economy,14.17,13,15009
Vistara,Kolkata,Bangalore,12:00,14:56,0,Economy,3.61,11,8008
GO FIRST,Delhi,Bangalore,19:00,00:16,1,Economy,14.01,24,8922
SpiceJet,Mumbai,Hyderabad,07:00,12:22,2,Business,4.53,49,18708
SpiceJet,Chennai,Kolkata,04:00,09:38,0,Economy,9.37,35,7561
SpiceJet,Mumbai,Kolkata,22:00,03:12,0,Economy,2.42,30,5966
SpiceJet,Hyderabad,Bangalore,19:00,23:46,0,Economy,9.45,22,9032
Vistara,Kolkata,Mumbai,12:00,18:18,0,Business,9.65,35,16620
Air India,Bangalore,Mumbai,20:00,02:37,2,Business,2.44,26,24320
Vistara,Mumbai,Bangalore,16:00,21:06,0,Economy,3.1,40,4748
Indigo,Chennai,Delhi,15:00,18:22,0,Economy,6.38,9,9105
AirAsia,Chennai,Hyderabad,04:00,07:43,2,Business,13.03,32,22615
Indigo,Hyderabad,Delhi,19:00,01:15,2,Economy,6.22,42,7680
SpiceJet,Chennai,Kolkata,02:00,06:44,0,Economy,4.7,20,7818
Indigo,Hyderabad,Delhi,18:00,23:38,0,Economy,8.87,49,3904
Indigo,Kolkata,Delhi,02:00,05:15,0,Economy,4.6,33,5950
AirAsia,Delhi,Mumbai,09:00,11:37,2,Business,13.96,12,24543
SpiceJet,Mumbai,Chennai,16:00,18:23,0,Economy,8.46,38,6340
Air India,Hyderabad,Chennai,02:00,06:08,2,Economy,11.84,33,10138
SpiceJet,Hyderabad,Delhi,10:00,14:34,2,Economy,5.1,21,8335
GO FIRST,Hyderabad,Kolkata,06:00,08:58,2,Economy,9.36,20,10154
Vistara,Hyderabad,Delhi,17:00,20:24,0,Economy,14.75,6,10326
Indigo,Delhi,Kolkata,11:00,14:06,2,Business,3.27,45,15849
Vistara,Delhi,Mumbai,21:00,23:13,2,Business,11.26,3,27688
Indigo,Delhi,Kolkata,19:00,23:11,0,Business,2.65,24,16023
SpiceJet,Mumbai,Chennai,11:00,13:32,0,Economy,10.45,28,8686
SpiceJet,Bangalore,Delhi,09:00,12:03,2,Business,14.53,45,24206
Air India,Chennai,Mumbai,22:00,02:01,0,Economy,11.47,38,7592
SpiceJet,Chennai,Bangalore,22:00,02:23,0,Economy,3.23,17,7369
GO FIRST,Mumbai,Delhi,12:00,16:57,0,Economy,14.06,11,10581
GO FIRST,Chennai,Delhi,11:00,13:04,1,Economy,13.8,11,10666
Indigo,Mumbai,Bangalore,18:00,00:36,0,Economy,11.52,12,7314
GO FIRST,Delhi,Chennai,11:00,15:11,1,Economy,14.33,22,11330
GO FIRST,Mumbai,Bangalore,03:00,06:11,0,Economy,4.98,39,5883
Vistara,Mumbai,Bangalore,13:00,18:43,0,Economy,5.62,26,6042
SpiceJet,Chennai,Mumbai,09:00,11:15,2,Business,13.57,4,28710
Vistara,Delhi,Hyderabad,10:00,12:11,2,Economy,7.08,18,9272
Air India,Mumbai,Bangalore,03:00,08:46,0,Economy,13.41,20,8808
Air India,Chennai,Delhi,07:00,10:25,1,Economy,11.8,40,8520
Indigo,Mumbai,Kolkata,14:00,19:13,1,Economy,5.4,17,9045
GO FIRST,Delhi,Chennai,15:00,21:41,1,Economy,13.47,33,7676
SpiceJet,Mumbai,Chennai,04:00,07:44,1,Economy,7.16,47,5691
GO FIRST,Bangalore,Chennai,10:00,14:13,1,Economy,12.76,48,6025
AirAsia,Chennai,Bangalore,13:00,17:43,2,Economy,9.86,29,9464
GO FIRST,Hyderabad,Chennai,17:00,21:49,0,Business,11.38,9,21856
Indigo,Mumbai,Kolkata,22:00,03:31,1,Economy,5.83,38,6695
Vistara,Bangalore,Hyderabad,20:00,02:43,1,Economy,6.25,23,8316
AirAsia,Kolkata,Delhi,02:00,07:42,2,Economy,4.97,43,8229
Vistara,Kolkata,Chennai,10:00,16:04,1,Business,5.71,33,17397
Air India,Delhi,Mumbai,21:00,23:57,1,Economy,2.93,10,8064
GO FIRST,Hyderabad,Delhi,04:00,07:11,0,Economy,13.4,21,7701
AirAsia,Hyderabad,Kolkata,13:00,19:03,0,Economy,11.1,29,6676
GO FIRST,Bangalore,Hyderabad,00:00,05:45,2,Economy,5.14,10,11270
SpiceJet,Kolkata,Hyderabad,19:00,01:48,0,Economy,10.96,29,5918
SpiceJet,Chennai,Delhi,07:00,12:07,1,Economy,11.1,45,7180
SpiceJet,Mumbai,Delhi,07:00,11:20,0,Economy,14.48,17,9226
SpiceJet,Mumbai,Hyderabad,13:00,17:19,2,Economy,6.99,10,10381
Vistara,Mumbai,Bangalore,23:00,01:29,1,Economy,12.69,22,8560
Indigo,Delhi,Chennai,21:00,00:46,1,Economy,4.64,29,8948
SpiceJet,Kolkata,Mumbai,14:00,16:12,0,Economy,8.66,22,8147
Indigo,Bangalore,Chennai,04:00,10:59,1,Economy,11.17,48,7271
Vistara,Chennai,Bangalore,11:00,13:07,2,Economy,5.91,25,10959
Vistara,Mumbai,Delhi,15:00,19:58,2,Business,7.47,9,26086
GO FIRST,Delhi,Hyderabad,23:00,01:14,2,Economy,10.93,45,10112
GO FIRST,Chennai,Mumbai,08:00,10:31,2,Economy,13.13,25,9177
Indigo,Hyderabad,Bangalore,21:00,01:42,2,Economy,8.02,32,8989
GO FIRST,Chennai,Hyderabad,21:00,01:53,0,Economy,2.29,17,7249
Indigo,Delhi,Chennai,05:00,11:31,0,Business,9.2,49,18306
AirAsia,Kolkata,Bangalore,04:00,07:50,1,Economy,4.24,42,7030
AirAsia,Chennai,Hyderabad,08:00,10:48,1,Economy,11.54,3,10216
Indigo,Chennai,Bangalore,20:00,00:24,2,Business,11.06,45,23299
AirAsia,Mumbai,Delhi,18:00,20:30,2,Economy,9.48,37,10777
Air India,Delhi,Kolkata,09:00,14:52,0,Economy,10.05,26,8334
GO FIRST,Bangalore,Hyderabad,03:00,05:10,0,Economy,3.27,34,6128
Indigo,Chennai,Hyderabad,13:00,19:30,2,Economy,5.98,3,13724
SpiceJet,Delhi,Hyderabad,18:00,20:42,0,Economy,3.23,45,3498
Indigo,Chennai,Delhi,21:00,00:46,2,Economy,8.29,39,10282
SpiceJet,Delhi,Bangalore,00:00,03:05,1,Economy,12.24,24,10460
Vistara,Hyderabad,Delhi,13:00,15:47,2,Business,14.69,25,20325
GO FIRST,Delhi,Mumbai,07:00,13:11,2,Economy,5.73,30,9263
Indigo,Bangalore,Hyderabad,15:00,19:53,0,Economy,9.3,28,7793
Indigo,Delhi,Chennai,18:00,23:56,0,Business,2.28,26,15329
SpiceJet,Mumbai,Kolkata,11:00,15:43,1,Economy,9.31,17,8171
Vistara,Hyderabad,Delhi,15:00,17:49,2,Economy,3.95,48,8250
Indigo,Bangalore,Chennai,15:00,19:40,2,Business,5.11,1,24424
SpiceJet,Hyderabad,Kolkata,23:00,03:48,0,Economy,12.52,34,7212
AirAsia,Delhi,Bangalore,12:00,17:49,0,Economy,9.18,34,5793
SpiceJet,Bangalore,Kolkata,20:00,01:30,0,Economy,9.36,3,10610
SpiceJet,Hyderabad,Delhi,04:00,09:33,0,Business,13.58,15,21748
Vistara,Mumbai,Bangalore,09:00,12:46,1,Economy,3.77,40,5495
Vistara,Chennai,Hyderabad,17:00,20:45,2,Economy,4.2,39,8609
Indigo,Chennai,Delhi,09:00,12:22,2,Economy,14.71,44,11188
SpiceJet,Delhi,Kolkata,15:00,20:53,1,Business,6.3,27,18117
Air India,Delhi,Bangalore,15:00,19:13,1,Economy,8.69,6,9576
Indigo,Chennai,Kolkata,16:00,20:00,1,Business,4.02,40,20043
GO FIRST,Delhi,Bangalore,11:00,14:58,0,Economy,2.15,41,4735
Air India,Hyderabad,Delhi,02:00,07:02,0,Economy,7.71,31,5823
Indigo,Bangalore,Chennai,21:00,03:31,0,Business,6.29,46,16715
GO FIRST,Kolkata,Bangalore,14:00,16:57,0,Economy,5.19,30,6117
Vistara,Mumbai,Bangalore,05:00,08:36,1,Economy,6.2,36,6813
Air India,Kolkata,Delhi,10:00,13:41,1,Business,8.9,17,23057
Vistara,Bangalore,Chennai,17:00,20:26,2,Economy,4.78,34,7838
Air India,Bangalore,Chennai,23:00,04:38,1,Economy,4.69,18,9011
GO FIRST,Hyderabad,Kolkata,04:00,10:00,2,Economy,10.47,25,9998
Vistara,Bangalore,Mumbai,18:00,23:01,0,Economy,2.68,32,4804
Vistara,Chennai,Hyderabad,05:00,08:09,2,Economy,12.35,49,8909
Vistara,Bangalore,Delhi,09:00,13:42,1,Economy,3.56,49,4509
Indigo,Delhi,Mumbai,07:00,09:33,0,Economy,9.6,21,8234
Air India,Chennai,Kolkata,02:00,07:05,1,Economy,9.56,36,7023
Indigo,Bangalore,Kolkata,17:00,20:53,2,Economy,2.19,33,7947
Air India,Delhi,Kolkata,17:00,21:44,2,Economy,10.87,14,11997
SpiceJet,Mumbai,Kolkata,04:00,07:56,2,Economy,14.8,10,11210
Vistara,Mumbai,Delhi,08:00,11:49,1,Economy,7.76,39,5771
Air India,Bangalore,Kolkata,17:00,21:10,2,Economy,10.38,40,10877
SpiceJet,Delhi,Kolkata,09:00,13:04,0,Business,2.79,14,17955
GO FIRST,Mumbai,Bangalore,23:00,03:30,1,Economy,7.87,3,11556
AirAsia,Bangalore,Mumbai,08:00,11:15,2,Business,4.65,25,24618
SpiceJet,Mumbai,Bangalore,21:00,02:29,0,Economy,14.16,29,8889
SpiceJet,Mumbai,Delhi,08:00,14:04,2,Business,14.44,44,20292
AirAsia,Chennai,Mumbai,07:00,12:06,0,Economy,11.25,24,7670
AirAsia,Hyderabad,Bangalore,23:00,02:43,0,Economy,12.95,21,8805
Vistara,Bangalore,Chennai,15:00,20:14,0,Business,12.18,7,20513
SpiceJet,Kolkata,Delhi,02:00,05:12,2,Economy,4.43,9,9048
AirAsia,Chennai,Mumbai,15:00,18:35,0,Economy,3.83,26,5705
Vistara,Mumbai,Chennai,00:00,03:46,0,Economy,4.28,14,7171
GO FIRST,Kolkata,Bangalore,16:00,19:11,1,Economy,6.38,16,9263
Vistara,Chennai,Delhi,20:00,02:40,1,Economy,5.23,30,8179
Air India,Hyderabad,Bangalore,06:00,11:36,2,Economy,14.13,9,11051
Vistara,Kolkata,Mumbai,19:00,22:07,2,Economy,11.06,13,12666
Air India,Chennai,Bangalore,20:00,01:09,1,Economy,3.13,26,6042
SpiceJet,Chennai,Hyderabad,05:00,07:58,1,Economy,10.27,27,7686
GO FIRST,Mumbai,Kolkata,07:00,09:19,0,Economy,14.07,10,10593
Air India,Bangalore,Hyderabad,12:00,18:51,0,Economy,6.4,10,8128
Air India,Mumbai,Hyderabad,03:00,09:39,1,Business,2.18,38,20721
Vistara,Bangalore,Delhi,03:00,09:56,0,Economy,13.33,9,11124
SpiceJet,Mumbai,Kolkata,19:00,22:14,1,Economy,11.8,1,11758
Air India,Bangalore,Chennai,11:00,15:10,0,Economy,2.39,28,5292
SpiceJet,Mumbai,Bangalore,19:00,00:40,1,Business,2.17,30,21854
Indigo,Delhi,Mumbai,15:00,19:50,2,Business,6.56,30,21897
Vistara,Bangalore,Hyderabad,03:00,06:03,0,Economy,5.82,35,6320
Vistara,Mumbai,Delhi,04:00,07:01,2,Economy,9.16,41,10304
GO FIRST,Kolkata,Delhi,01:00,04:03,1,Business,11.09,21,20503
Air India,Kolkata,Bangalore,08:00,13:46,2,Business,9.05,44,22300
Vistara,Chennai,Bangalore,12:00,18:24,2,Economy,2.85,22,9130
Air India,Kolkata,Chennai,03:00,07:07,0,Economy,14.45,25,8007
AirAsia,Delhi,Kolkata,14:00,20:07,1,Economy,10.15,48,6193
Air India,Bangalore,Kolkata,14:00,20:00,2,Business,12.61,1,25491
Indigo,Delhi,Kolkata,23:00,04:34,0,Economy,10.95,44,6465
GO FIRST,Kolkata,Hyderabad,15:00,19:14,0,Economy,13.11,43,6642
SpiceJet,Delhi,Hyderabad,04:00,07:32,1,Economy,12.48,43,8295
Indigo,Chennai,Kolkata,16:00,19:18,0,Economy,8.26,38,5749
Air India,Mumbai,Bangalore,12:00,18:21,2,Economy,7.68,20,12500
Indigo,Hyderabad,Bangalore,06:00,12:55,0,Economy,11.93,17,7366
AirAsia,Hyderabad,Bangalore,19:00,01:32,0,Economy,11.34,35,6062
Air India,Chennai,Kolkata,13:00,17:12,0,Economy,4.86,43,4666
Air India,Chennai,Mumbai,00:00,02:08,0,Economy,13.22,9,9088
GO FIRST,Mumbai,Delhi,01:00,07:45,2,Economy,6.4,32,9483
AirAsia,Bangalore,Chennai,16:00,18:22,1,Economy,10.52,7,9493
Vistara,Hyderabad,Kolkata,22:00,01:48,2,Economy,3.27,12,9715
Vistara,Delhi,Chennai,11:00,14:29,2,Economy,2.48,17,10874
Indigo,Chennai,Bangalore,02:00,07:44,0,Economy,14.74,27,9251
SpiceJet,Hyderabad,Chennai,14:00,18:40,2,Business,12.37,46,20090
Indigo,Bangalore,Hyderabad,17:00,23:57,1,Economy,3.01,13,7955
Indigo,Mumbai,Chennai,19:00,22:51,1,Economy,4.8,14,10612
Indigo,Bangalore,Hyderabad,07:00,11:56,2,Business,5.85,44,22541
AirAsia,Delhi,Mumbai,10:00,14:36,2,Economy,3.01,18,10799
Indigo,Mumbai,Bangalore,03:00,07:58,0,Business,8.89,13,20575
Indigo,Delhi,Kolkata,08:00,13:29,2,Economy,13.09,24,11349
Vistara,Hyderabad,Bangalore,22:00,01:07,0,Economy,9.69,14,9616
SpiceJet,Chennai,Hyderabad,01:00,03:29,1,Economy,6.19,40,6901
GO FIRST,Delhi,Bangalore,12:00,18:31,1,Business,4.75,13,21093
GO FIRST,Mumbai,Hyderabad,14:00,17:23,0,Economy,2.29,26,6027
Indigo,Mumbai,Hyderabad,04:00,09:14,1,Economy,12.61,42,6598
Air India,Kolkata,Chennai,23:00,04:20,2,Economy,14.9,6,12846
Vistara,Bangalore,Mumbai,22:00,02:17,2,Economy,7.1,36,8053
GO FIRST,Kolkata,Delhi,10:00,14:19,1,Economy,9.18,45,6738
GO FIRST,Bangalore,Chennai,06:00,08:03,0,Economy,7.64,48,4590
Indigo,Hyderabad,Kolkata,11:00,15:50,2,Economy,12.55,2,15051
GO FIRST,Bangalore,Chennai,06:00,08:37,0,Economy,4.13,35,4539
SpiceJet,Delhi,Bangalore,13:00,15:18,1,Business,4.97,1,25549
Indigo,Delhi,Kolkata,17:00,21:30,0,Economy,14.8,21,8919
Indigo,Bangalore,Kolkata,11:00,17:51,0,Business,11.81,30,19491
Air India,Delhi,Hyderabad,06:00,08:37,1,Business,6.99,31,18288
Air India,Mumbai,Delhi,11:00,13:28,1,Economy,9.29,1,11262
Air India,Delhi,Mumbai,20:00,00:11,2,Economy,11.76,49,9602
AirAsia,Kolkata,Chennai,05:00,07:51,0,Economy,9.41,18,8639
Indigo,Delhi,Kolkata,10:00,14:16,1,Business,5.77,44,17469
Air India,Delhi,Bangalore,22:00,01:07,1,Business,3.53,37,19824
Vistara,Chennai,Bangalore,01:00,03:58,1,Economy,5.64,40,6345
Indigo,Hyderabad,Chennai,21:00,03:46,1,Economy,14.91,23,10293
SpiceJet,Mumbai,Hyderabad,14:00,19:16,0,Economy,9.62,34,5939
SpiceJet,Hyderabad,Kolkata,00:00,05:16,0,Economy,3.72,30,6203
AirAsia,Kolkata,Hyderabad,15:00,18:50,1,Economy,5.37,23,8745
Indigo,Delhi,Mumbai,06:00,11:57,2,Economy,7.65,21,8873
Air India,Bangalore,Kolkata,04:00,06:06,0,Economy,11.68,49,4957
GO FIRST,Hyderabad,Delhi,02:00,06:48,0,Economy,10.99,14,8631
GO FIRST,Kolkata,Mumbai,12:00,15:52,2,Economy,11.75,38,11185
Air India,Mumbai,Delhi,18:00,21:06,1,Business,7.51,31,18055
Vistara,Chennai,Mumbai,02:00,04:57,0,Business,11.85,8,18997
AirAsia,Mumbai,Delhi,03:00,05:48,0,Economy,12.16,12,8964
Vistara,Delhi,Kolkata,11:00,17:56,0,Economy,2.51,37,5016
AirAsia,Delhi,Bangalore,13:00,18:35,2,Economy,4.22,4,10272
Air India,Mumbai,Kolkata,11:00,13:01,2,Economy,4.29,5,12200
GO FIRST,Hyderabad,Kolkata,12:00,15:55,1,Business,11.9,14,19404
GO FIRST,Chennai,Hyderabad,07:00,10:55,2,Business,5.2,41,20289
AirAsia,Delhi,Bangalore,22:00,04:51,1,Economy,12.05,43,8587
Air India,Hyderabad,Mumbai,09:00,11:25,0,Economy,12.74,24,8648
Indigo,Mumbai,Chennai,10:00,13:53,1,Economy,2.18,3,9333
Indigo,Kolkata,Bangalore,20:00,02:29,2,Economy,8.67,32,10802
GO FIRST,Delhi,Mumbai,03:00,06:57,2,Economy,2.59,9,11902
Indigo,Delhi,Mumbai,13:00,17:01,2,Business,8.83,17,25059
AirAsia,Mumbai,Delhi,17:00,20:40,2,Business,9.52,28,21957
SpiceJet,Mumbai,Chennai,01:00,07:00,1,Business,13.25,16,19164
GO FIRST,Bangalore,Mumbai,14:00,20:40,0,Business,8.61,19,18161
GO FIRST,Mumbai,Delhi,16:00,18:08,1,Business,13.03,33,20757
Vistara,Bangalore,Mumbai,01:00,05:14,2,Economy,7.92,10,12260
AirAsia,Delhi,Hyderabad,05:00,09:34,1,Economy,9.74,3,12971
Air India,Bangalore,Mumbai,23:00,04:11,1,Business,11.41,48,15612
SpiceJet,Chennai,Bangalore,15:00,21:32,1,Economy,7.16,49,7147
SpiceJet,Chennai,Delhi,14:00,17:10,1,Economy,8.08,37,8568
GO FIRST,Bangalore,Kolkata,05:00,09:40,0,Economy,9.53,37,6252
GO FIRST,Chennai,Bangalore,06:00,12:30,0,Business,4.8,18,15563
Indigo,Chennai,Delhi,10:00,15:15,1,Economy,12.93,13,9232
SpiceJet,Kolkata,Mumbai,06:00,12:39,1,Economy,12.3,10,12720
Vistara,Hyderabad,Kolkata,21:00,03:53,0,Business,5.16,23,15954
Vistara,Chennai,Kolkata,21:00,02:38,0,Economy,3.35,38,4336
Indigo,Hyderabad,Mumbai,18:00,00:10,2,Economy,13.11,40,9567
GO FIRST,Hyderabad,Delhi,21:00,23:35,2,Business,7.89,43,18125
Vistara,Delhi,Bangalore,04:00,07:18,2,Economy,5.13,20,11856
GO FIRST,Kolkata,Chennai,11:00,15:54,1,Economy,5.06,42,5737
SpiceJet,Delhi,Hyderabad,18:00,22:40,2,Economy,10.54,37,7567
SpiceJet,Delhi,Bangalore,20:00,00:24,0,Economy,8.83,23,8678
SpiceJet,Bangalore,Delhi,10:00,15:32,0,Business,8.09,26,21695
AirAsia,Mumbai,Chennai,09:00,11:16,0,Business,4.41,38,19523
AirAsia,Hyderabad,Mumbai,05:00,10:18,2,Economy,13.42,13,13919
Air India,Kolkata,Mumbai,10:00,16:19,2,Economy,7.19,21,11677
Indigo,Delhi,Kolkata,06:00,08:51,2,Business,10.32,4,27223
SpiceJet,Kolkata,Delhi,16:00,22:54,2,Business,6.13,40,23595
Indigo,Delhi,Bangalore,02:00,05:37,2,Economy,6.04,15,9708
AirAsia,Mumbai,Delhi,23:00,03:54,2,Economy,12.37,11,12175
AirAsia,Mumbai,Chennai,07:00,13:50,2,Economy,3.58,40,8834
SpiceJet,Delhi,Mumbai,12:00,16:17,1,Economy,4.14,8,10733
SpiceJet,Bangalore,Delhi,03:00,09:07,1,Business,7.42,32,23356
Air India,Delhi,Hyderabad,09:00,12:00,1,Economy,3.13,8,9910
GO FIRST,Chennai,Hyderabad,01:00,04:22,1,Economy,9.61,48,7563
Vistara,Kolkata,Mumbai,13:00,17:17,1,Economy,7.5,26,6727
Indigo,Delhi,Chennai,02:00,04:40,0,Economy,9.81,38,5408
GO FIRST,Hyderabad,Chennai,07:00,13:18,1,Business,7.42,4,18658
GO FIRST,Chennai,Delhi,05:00,08:57,2,Economy,10.76,22,9704
SpiceJet,Chennai,Hyderabad,08:00,12:05,1,Economy,3.11,43,6866
SpiceJet,Delhi,Chennai,01:00,05:31,2,Business,13.87,29,20825
AirAsia,Mumbai,Hyderabad,08:00,11:15,1,Economy,8.89,37,6411
AirAsia,Kolkata,Chennai,05:00,09:06,1,Economy,13.18,7,11461
Indigo,Delhi,Kolkata,16:00,18:00,0,Economy,14.15,7,11419
Vistara,Hyderabad,Delhi,08:00,14:05,1,Economy,13.5,18,8750
GO FIRST,Chennai,Delhi,22:00,03:05,1,Economy,6.42,13,9926
AirAsia,Mumbai,Kolkata,20:00,02:07,0,Economy,2.54,39,5521
AirAsia,Hyderabad,Chennai,17:00,22:45,0,Economy,13.17,11,11170
Indigo,Bangalore,Delhi,00:00,02:57,1,Economy,12.21,25,9899
SpiceJet,Hyderabad,Mumbai,23:00,02:52,0,Economy,12.85,39,5773
AirAsia,Bangalore,Hyderabad,21:00,02:27,1,Business,10.08,15,20543
Air India,Hyderabad,Mumbai,10:00,12:25,0,Economy,6.25,24,5694
Indigo,Delhi,Bangalore,07:00,12:22,0,Economy,13.81,9,10806
Air India,Mumbai,Chennai,09:00,13:34,2,Economy,12.25,12,13360
SpiceJet,Chennai,Bangalore,12:00,17:06,2,Economy,13.02,4,13149
AirAsia,Kolkata,Bangalore,23:00,03:55,2,Economy,3.43,28,9735
SpiceJet,Chennai,Bangalore,07:00,12:58,1,Economy,14.48,46,6535
AirAsia,Kolkata,Hyderabad,10:00,12:18,1,Economy,7.9,6,10164
SpiceJet,Mumbai,Kolkata,21:00,02:20,2,Economy,3.53,22,9429
SpiceJet,Hyderabad,Kolkata,13:00,19:29,1,Economy,13.22,32,10579
Vistara,Hyderabad,Kolkata,06:00,09:54,1,Economy,14.74,32,9180
AirAsia,Delhi,Hyderabad,03:00,09:30,1,Economy,2.74,22,7453
AirAsia,Kolkata,Chennai,11:00,17:44,1,Business,11.83,11,23842
Indigo,Kolkata,Chennai,02:00,05:19,0,Economy,9.19,39,5207
AirAsia,Delhi,Kolkata,15:00,21:12,1,Economy,13.06,42,6825
Vistara,Bangalore,Kolkata,02:00,08:04,1,Business,13.81,22,22189
AirAsia,Kolkata,Bangalore,09:00,14:53,2,Business,11.08,11,28844
Vistara,Delhi,Mumbai,01:00,07:06,1,Economy,3.49,28,7313
Vistara,Mumbai,Chennai,06:00,10:07,2,Economy,14.15,49,9010
GO FIRST,Kolkata,Chennai,11:00,13:30,0,Business,5.76,39,20111
Air India,Bangalore,Chennai,17:00,23:48,0,Economy,6.38,26,7233
Indigo,Bangalore,Chennai,12:00,18:55,0,Business,8.53,37,15759
Indigo,Bangalore,Chennai,06:00,12:06,0,Economy,6.17,17,8131
GO FIRST,Chennai,Mumbai,12:00,15:05,0,Economy,11.41,24,7078
GO FIRST,Hyderabad,Kolkata,00:00,04:36,1,Economy,10.38,24,8849
GO FIRST,Kolkata,Bangalore,11:00,13:04,2,Economy,14.15,14,14896
GO FIRST,Bangalore,Delhi,04:00,08:16,1,Economy,5.91,25,8092
Indigo,Kolkata,Bangalore,04:00,09:03,0,Business,8.81,7,24924
SpiceJet,Kolkata,Bangalore,01:00,07:31,2,Economy,4.4,19,10180
Indigo,Delhi,Mumbai,02:00,08:08,0,Economy,9.54,8,8225
Air India,Kolkata,Mumbai,01:00,05:22,1,Economy,7.2,13,9173
Vistara,Delhi,Hyderabad,20:00,02:45,0,Business,7.13,40,18539
AirAsia,Delhi,Chennai,15:00,21:09,2,Economy,13.2,29,9185
Indigo,Hyderabad,Bangalore,01:00,07:26,1,Economy,11.74,45,6533
Air India,Bangalore,Hyderabad,20:00,00:48,0,Economy,14.94,45,5663
SpiceJet,Hyderabad,Mumbai,23:00,03:47,2,Economy,10.61,28,9764
AirAsia,Hyderabad,Kolkata,22:00,04:39,2,Economy,6.53,30,10064
Indigo,Delhi,Hyderabad,02:00,04:35,2,Economy,3.98,41,7427
Air India,Delhi,Bangalore,14:00,16:55,1,Economy,2.35,44,5190
AirAsia,Chennai,Delhi,15:00,21:25,2,Economy,5.62,39,9454
Indigo,Kolkata,Delhi,15:00,19:45,0,Business,13.87,30,18890
AirAsia,Hyderabad,Bangalore,21:00,23:20,0,Economy,12.7,25,6553
SpiceJet,Chennai,Bangalore,02:00,07:07,0,Economy,13.43,8,7996
Vistara,Bangalore,Hyderabad,01:00,06:51,1,Economy,2.78,39,5144
AirAsia,Hyderabad,Chennai,21:00,03:08,2,Business,2.36,33,24167
AirAsia,Chennai,Kolkata,21:00,00:55,2,Economy,4.88,12,11579
Air India,Bangalore,Kolkata,06:00,10:06,0,Economy,14.04,49,5435
Vistara,Mumbai,Hyderabad,05:00,08:19,2,Business,6.68,7,23175
GO FIRST,Chennai,Kolkata,20:00,01:54,2,Economy,11.75,17,9759
Air India,Hyderabad,Mumbai,05:00,09:14,1,Economy,3.02,31,7264
SpiceJet,Mumbai,Kolkata,21:00,23:02,1,Business,5.07,5,21377
Air India,Delhi,Kolkata,09:00,13:24,0,Economy,9.75,41,4880
AirAsia,Kolkata,Delhi,10:00,15:52,1,Economy,14.83,14,11864
SpiceJet,Chennai,Hyderabad,04:00,10:53,1,Economy,9.76,18,7831
GO FIRST,Mumbai,Chennai,03:00,09:48,2,Economy,3.57,15,12229
AirAsia,Mumbai,Bangalore,00:00,04:30,0,Economy,10.76,34,7588
Indigo,Kolkata,Hyderabad,17:00,21:43,2,Economy,11.74,35,8488
Vistara,Bangalore,Kolkata,02:00,07:01,2,Economy,5.07,28,7640
GO FIRST,Delhi,Mumbai,06:00,10:41,0,Economy,10.53,14,9606
Indigo,Chennai,Mumbai,09:00,12:25,0,Economy,2.09,5,9299
Air India,Bangalore,Kolkata,21:00,01:19,2,Economy,12.12,36,10577
Indigo,Kolkata,Mumbai,08:00,10:59,2,Business,6.98,44,23375
GO FIRST,Delhi,Bangalore,13:00,18:27,0,Economy,9.01,39,5504
SpiceJet,Bangalore,Delhi,14:00,20:24,0,Business,11.61,16,22917
GO FIRST,Chennai,Mumbai,03:00,05:24,2,Business,10.04,37,21979
Indigo,Bangalore,Hyderabad,07:00,09:13,1,Economy,14.96,45,9300
AirAsia,Hyderabad,Bangalore,23:00,04:24,2,Economy,4.29,27,9323
Air India,Chennai,Kolkata,01:00,04:10,1,Business,4.87,42,20099
Indigo,Bangalore,Hyderabad,16:00,20:54,1,Business,13.93,5,20827
Indigo,Chennai,Bangalore,12:00,15:04,0,Economy,10.49,37,6101
Vistara,Kolkata,Bangalore,11:00,17:21,0,Economy,6.14,5,10134
Air India,Chennai,Bangalore,23:00,03:08,1,Economy,6.73,14,10887
AirAsia,Kolkata,Mumbai,07:00,12:31,1,Business,6.43,1,24890
AirAsia,Kolkata,Chennai,16:00,22:16,2,Business,10.78,13,27861
GO FIRST,Mumbai,Chennai,16:00,20:29,2,Economy,12.32,26,10842
Indigo,Hyderabad,Bangalore,07:00,12:04,2,Business,14.19,25,24242
Indigo,Bangalore,Kolkata,19:00,00:34,2,Economy,9.16,17,9631
Vistara,Mumbai,Bangalore,03:00,05:44,0,Economy,12.49,32,6683
AirAsia,Mumbai,Chennai,21:00,23:22,1,Economy,7.41,45,7615
Indigo,Chennai,Bangalore,02:00,06:14,2,Business,10.19,23,23633
Indigo,Hyderabad,Kolkata,11:00,15:20,1,Economy,12.69,47,8212
AirAsia,Chennai,Kolkata,07:00,10:38,0,Economy,8.56,24,6912
GO FIRST,Chennai,Delhi,14:00,16:36,0,Economy,4.45,49,4567
Air India,Bangalore,Mumbai,19:00,00:37,2,Business,10.75,39,20138
SpiceJet,Hyderabad,Delhi,10:00,14:20,2,Business,3.55,1,23408
AirAsia,Bangalore,Delhi,02:00,07:13,2,Business,3.53,40,20790
Vistara,Chennai,Hyderabad,15:00,20:28,0,Economy,13.43,29,8519
SpiceJet,Chennai,Mumbai,15:00,20:47,1,Business,14.76,32,22972
GO FIRST,Mumbai,Delhi,20:00,22:43,2,Economy,6.69,27,9498
Air India,Delhi,Chennai,11:00,13:37,1,Economy,5.95,32,6950
Vistara,Bangalore,Kolkata,01:00,05:20,2,Economy,3.38,37,7779
GO FIRST,Delhi,Chennai,10:00,14:38,1,Economy,13.78,16,11991
AirAsia,Kolkata,Chennai,17:00,21:54,0,Economy,3.38,40,4790
GO FIRST,Delhi,Mumbai,23:00,01:25,1,Economy,2.75,15,8792
Indigo,Bangalore,Delhi,08:00,10:55,2,Economy,5.02,15,11562
GO FIRST,Bangalore,Mumbai,23:00,04:28,0,Economy,5.41,30,4972
AirAsia,Delhi,Mumbai,07:00,12:09,2,Economy,11.36,9,12291
GO FIRST,Bangalore,Hyderabad,02:00,04:34,1,Business,9.43,16,19835
GO FIRST,Bangalore,Kolkata,12:00,16:45,2,Economy,12.06,46,9365
AirAsia,Mumbai,Bangalore,17:00,23:03,2,Business,7.47,33,23224
Air India,Kolkata,Delhi,03:00,08:16,0,Economy,2.23,16,7482
Indigo,Hyderabad,Kolkata,08:00,13:13,1,Economy,5.07,16,10457
Indigo,Hyderabad,Kolkata,02:00,06:00,2,Economy,2.67,9,9446
Air India,Mumbai,Chennai,03:00,07:22,2,Economy,7.8,17,12796
Indigo,Kolkata,Mumbai,09:00,11:17,1,Economy,6.61,22,7700
SpiceJet,Mumbai,Kolkata,18:00,20:18,2,Business,11.91,35,25735
Vistara,Chennai,Hyderabad,06:00,08:51,2,Economy,8.4,43,8616
Air India,Mumbai,Delhi,19:00,23:14,0,Economy,8.01,28,6992
SpiceJet,Mumbai,Bangalore,00:00,04:27,2,Economy,9.88,45,7238
GO FIRST,Hyderabad,Mumbai,03:00,07:12,2,Economy,4.9,13,12032
Air India,Delhi,Chennai,14:00,16:37,2,Economy,4.06,31,6989
AirAsia,Chennai,Kolkata,03:00,05:03,0,Business,4.82,32,18573
Indigo,Bangalore,Mumbai,19:00,00:37,0,Economy,4.87,32,6724
GO FIRST,Bangalore,Delhi,01:00,04:11,1,Economy,5.62,36,6783
Vistara,Hyderabad,Delhi,18:00,20:41,2,Economy,10.68,4,12652
Vistara,Bangalore,Delhi,04:00,08:54,0,Economy,9.28,2,9720
Vistara,Bangalore,Chennai,16:00,22:36,2,Business,9.3,25,20330
Vistara,Delhi,Kolkata,21:00,23:08,0,Economy,10.15,29,6491
Indigo,Mumbai,Delhi,03:00,08:15,1,Economy,5.12,32,8736
Indigo,Mumbai,Kolkata,03:00,09:57,0,Economy,9.37,1,11071
GO FIRST,Chennai,Hyderabad,20:00,01:48,0,Business,12.08,42,15036
Indigo,Bangalore,Mumbai,01:00,04:22,1,Business,8.12,6,19175
Air India,Bangalore,Delhi,19:00,21:59,2,Economy,7.34,27,10263
Air India,Delhi,Mumbai,05:00,08:10,0,Economy,7.77,12,6830
SpiceJet,Kolkata,Hyderabad,22:00,04:11,2,Business,4.53,10,19715
GO FIRST,Kolkata,Hyderabad,01:00,04:52,1,Economy,8.27,27,7573
GO FIRST,Bangalore,Chennai,16:00,19:05,1,Economy,12.32,21,9679
Indigo,Mumbai,Delhi,13:00,19:01,2,Economy,11.83,42,10423
Air India,Chennai,Delhi,13:00,16:56,2,Economy,4.73,12,9888
GO FIRST,Hyderabad,Kolkata,20:00,22:10,0,Economy,7.34,25,5729
GO FIRST,Bangalore,Chennai,10:00,14:15,2,Economy,6.69,42,7636
GO FIRST,Hyderabad,Bangalore,01:00,06:22,2,Economy,9.61,9,10942
SpiceJet,Kolkata,Mumbai,17:00,22:10,0,Economy,4.9,21,6396
Vistara,Kolkata,Mumbai,11:00,14:44,1,Economy,3.91,5,10092
SpiceJet,Chennai,Bangalore,11:00,15:26,0,Economy,9.97,15,9205
Air India,Mumbai,Bangalore,10:00,16:36,0,Economy,13.21,26,8880
SpiceJet,Chennai,Delhi,08:00,14:57,0,Economy,2.29,34,5125
Indigo,Kolkata,Mumbai,06:00,11:45,0,Economy,12.0,16,9890
GO FIRST,Bangalore,Mumbai,13:00,17:35,2,Economy,10.72,27,11727
SpiceJet,Delhi,Hyderabad,14:00,20:34,2,Business,13.72,1,27955
Vistara,Hyderabad,Delhi,20:00,00:05,0,Economy,9.7,21,9089
Indigo,Chennai,Bangalore,05:00,11:03,2,Economy,4.25,32,7165
Air India,Bangalore,Hyderabad,21:00,02:01,2,Economy,2.87,4,10391
Indigo,Chennai,Hyderabad,18:00,20:29,1,Economy,3.81,37,6653
Vistara,Kolkata,Mumbai,08:00,11:50,1,Business,13.39,33,21117
Indigo,Chennai,Mumbai,10:00,16:37,2,Economy,9.56,36,7956
AirAsia,Hyderabad,Delhi,01:00,07:45,2,Business,14.7,43,17879
GO FIRST,Kolkata,Hyderabad,04:00,06:55,0,Economy,4.39,2,8450
AirAsia,Mumbai,Hyderabad,22:00,01:19,0,Business,9.72,35,19309
AirAsia,Delhi,Kolkata,06:00,08:15,2,Economy,5.7,44,6445
SpiceJet,Bangalore,Kolkata,02:00,04:56,1,Economy,2.69,33,6733
Vistara,Delhi,Hyderabad,08:00,10:58,0,Business,2.84,18,21129
Indigo,Bangalore,Kolkata,14:00,19:18,1,Economy,7.58,33,8614
Indigo,Kolkata,Chennai,13:00,18:36,2,Economy,12.36,5,11695
SpiceJet,Kolkata,Bangalore,01:00,06:06,2,Economy,2.67,34,7871
SpiceJet,Bangalore,Kolkata,20:00,22:00,0,Business,8.25,44,19190
Vistara,Kolkata,Bangalore,09:00,14:36,2,Business,6.05,7,18998
SpiceJet,Mumbai,Chennai,05:00,09:32,2,Business,8.91,44,22066
Air India,Delhi,Hyderabad,15:00,20:02,1,Economy,4.97,4,11518
GO FIRST,Mumbai,Delhi,16:00,21:55,1,Economy,9.16,19,7650
AirAsia,Hyderabad,Chennai,02:00,07:16,0,Economy,2.51,27,5994
GO FIRST,Kolkata,Chennai,13:00,18:12,1,Economy,12.28,48,6426
SpiceJet,Chennai,Kolkata,08:00,10:24,0,Economy,3.7,13,8263
GO FIRST,Chennai,Kolkata,17:00,21:18,0,Business,9.66,16,21474
SpiceJet,Mumbai,Chennai,19:00,21:41,1,Economy,3.69,30,8246
Air India,Chennai,Bangalore,07:00,12:11,2,Economy,11.62,25,11474
Vistara,Chennai,Hyderabad,17:00,20:44,2,Economy,6.84,42,8459
Air India,Kolkata,Mumbai,06:00,10:23,0,Economy,10.24,10,9562
AirAsia,Bangalore,Mumbai,23:00,04:01,0,Economy,6.44,46,4590
Indigo,Delhi,Bangalore,15:00,20:15,0,Economy,8.63,32,6328
Vistara,Bangalore,Kolkata,06:00,08:25,2,Economy,2.88,40,8713
Air India,Hyderabad,Mumbai,02:00,05:22,1,Economy,14.36,41,8607
Vistara,Chennai,Mumbai,22:00,02:13,1,Economy,9.73,38,6191
GO FIRST,Bangalore,Hyderabad,01:00,06:03,1,Economy,9.65,40,6584
Air India,Chennai,Delhi,18:00,23:36,0,Economy,6.81,25,7344
Air India,Kolkata,Bangalore,01:00,07:05,0,Economy,12.9,4,11811
SpiceJet,Chennai,Delhi,12:00,14:16,2,Economy,10.68,34,9567
Vistara,Kolkata,Delhi,04:00,06:20,2,Economy,14.18,44,8678
Vistara,Kolkata,Hyderabad,19:00,22:37,1,Economy,8.35,40,7288
GO FIRST,Delhi,Chennai,16:00,21:00,2,Economy,7.85,17,8867
Vistara,Kolkata,Mumbai,14:00,19:54,2,Economy,2.94,48,7687
Vistara,Hyderabad,Mumbai,07:00,10:17,0,Economy,9.45,28,8484
GO FIRST,Kolkata,Bangalore,02:00,04:32,2,Economy,15.0,33,9944
Vistara,Kolkata,Mumbai,00:00,04:18,0,Economy,8.74,15,9678
Indigo,Mumbai,Kolkata,11:00,14:55,0,Business,7.48,45,16839
GO FIRST,Chennai,Mumbai,21:00,00:43,2,Business,10.8,47,18083
GO FIRST,Mumbai,Kolkata,10:00,14:57,1,Economy,12.52,3,9637
Vistara,Mumbai,Chennai,12:00,17:33,0,Economy,9.11,5,7826
Indigo,Chennai,Delhi,19:00,21:32,0,Business,5.16,24,15505
SpiceJet,Hyderabad,Mumbai,19:00,21:22,0,Economy,14.74,20,8533
SpiceJet,Delhi,Mumbai,00:00,05:16,1,Economy,7.62,48,5951
SpiceJet,Kolkata,Bangalore,07:00,11:36,0,Economy,4.8,21,7321
AirAsia,Hyderabad,Mumbai,09:00,11:52,0,Economy,9.42,1,9085
Vistara,Hyderabad,Kolkata,07:00,12:26,2,Business,12.59,48,22392
GO FIRST,Delhi,Kolkata,10:00,16:59,2,Economy,8.99,32,9486
SpiceJet,Mumbai,Bangalore,05:00,08:47,2,Economy,14.82,49,9429
Vistara,Bangalore,Kolkata,03:00,07:45,2,Economy,8.44,4,13063
Vistara,Bangalore,Kolkata,20:00,02:05,0,Economy,12.98,41,7662
GO FIRST,Mumbai,Hyderabad,06:00,09:16,0,Business,13.66,28,21228
AirAsia,Chennai,Hyderabad,01:00,03:07,0,Economy,5.96,9,8194
Vistara,Chennai,Kolkata,01:00,06:26,1,Economy,4.68,16,9629
SpiceJet,Mumbai,Delhi,17:00,22:50,0,Economy,2.05,43,3419
GO FIRST,Hyderabad,Chennai,11:00,15:23,2,Economy,13.48,26,9927
Air India,Chennai,Kolkata,22:00,00:48,1,Economy,5.71,1,9732
Indigo,Chennai,Hyderabad,12:00,14:33,1,Economy,8.35,14,10308
AirAsia,Delhi,Bangalore,05:00,09:13,0,Economy,14.05,40,6348
GO FIRST,Bangalore,Delhi,16:00,21:42,1,Economy,2.31,2,8040
Vistara,Mumbai,Hyderabad,01:00,04:37,1,Economy,14.14,24,9704
SpiceJet,Delhi,Chennai,23:00,02:48,0,Economy,11.84,47,5268
AirAsia,Bangalore,Kolkata,00:00,05:55,2,Economy,6.95,13,10514
GO FIRST,Kolkata,Delhi,11:00,15:22,2,Business,13.73,35,19193
AirAsia,Bangalore,Delhi,02:00,05:58,0,Economy,8.66,44,4409
GO FIRST,Chennai,Hyderabad,09:00,14:27,0,Economy,9.53,33,7041
AirAsia,Delhi,Mumbai,10:00,14:21,0,Economy,5.21,4,7929
GO FIRST,Hyderabad,Delhi,03:00,09:49,1,Economy,8.47,22,8572
Vistara,Hyderabad,Mumbai,11:00,16:30,1,Business,11.11,35,20453
SpiceJet,Delhi,Kolkata,12:00,16:05,2,Business,2.55,29,22905
Vistara,Bangalore,Hyderabad,16:00,22:59,0,Economy,8.17,45,5267
Air India,Chennai,Kolkata,21:00,03:59,0,Economy,5.4,4,10050
Indigo,Delhi,Hyderabad,14:00,18:04,1,Economy,4.94,7,9029
Indigo,Delhi,Kolkata,22:00,00:01,2,Economy,9.42,11,9577
Air India,Delhi,Hyderabad,23:00,02:35,0,Economy,2.45,38,3804
Air India,Kolkata,Chennai,15:00,19:20,2,Business,12.75,4,25179
Indigo,Delhi,Bangalore,12:00,15:15,2,Economy,9.13,43,8176
Air India,Chennai,Hyderabad,22:00,01:57,1,Economy,10.97,20,11365
Air India,Delhi,Hyderabad,19:00,21:43,0,Economy,12.92,19,7770
Vistara,Hyderabad,Mumbai,07:00,13:29,2,Business,5.59,35,18197
Air India,Delhi,Kolkata,11:00,17:02,2,Economy,12.05,49,9188
Indigo,Hyderabad,Kolkata,22:00,00:14,1,Business,4.24,20,22744
Air India,Chennai,Kolkata,03:00,05:00,2,Business,2.18,27,18106
AirAsia,Delhi,Mumbai,00:00,06:20,2,Economy,3.53,7,9890
AirAsia,Mumbai,Hyderabad,23:00,02:32,2,Business,9.97,19,23616
GO FIRST,Mumbai,Kolkata,10:00,15:47,0,Economy,8.43,8,9822
Indigo,Mumbai,Hyderabad,20:00,00:04,1,Economy,11.05,46,8162
SpiceJet,Hyderabad,Chennai,03:00,07:35,1,Economy,10.8,22,10066
GO FIRST,Mumbai,Chennai,03:00,07:04,1,Economy,13.86,36,8784
AirAsia,Mumbai,Kolkata,06:00,08:52,1,Economy,6.86,35,7761
Vistara,Mumbai,Hyderabad,00:00,02:58,1,Economy,12.9,12,12231
Air India,Bangalore,Delhi,15:00,19:06,0,Business,14.83,5,19130
SpiceJet,Delhi,Chennai,13:00,18:04,0,Economy,6.83,7,8108
GO FIRST,Kolkata,Bangalore,10:00,16:07,0,Economy,7.58,8,8472
AirAsia,Delhi,Bangalore,10:00,12:11,2,Economy,13.98,9,12273
AirAsia,Mumbai,Delhi,16:00,19:09,2,Economy,14.92,45,8823
AirAsia,Mumbai,Kolkata,02:00,07:34,2,Business,14.01,38,17884
Air India,Delhi,Mumbai,03:00,05:38,0,Business,5.26,17,19163
Air India,Chennai,Kolkata,12:00,14:22,2,Business,7.96,27,19666
GO FIRST,Mumbai,Chennai,12:00,16:15,0,Economy,11.33,24,8956
Air India,Mumbai,Chennai,08:00,10:26,2,Economy,12.2,2,13030
SpiceJet,Mumbai,Kolkata,09:00,13:43,0,Economy,13.07,23,9431
SpiceJet,Bangalore,Mumbai,02:00,07:15,0,Economy,10.68,17,9175
Air India,Kolkata,Mumbai,07:00,13:37,2,Economy,14.49,49,10791
AirAsia,Mumbai,Chennai,20:00,22:25,2,Economy,13.91,1,12159
Air India,Hyderabad,Bangalore,04:00,09:25,0,Economy,12.61,25,7736
SpiceJet,Chennai,Delhi,16:00,22:15,1,Economy,6.01,2,10972
Vistara,Mumbai,Hyderabad,19:00,00:18,1,Business,3.13,3,20757
Vistara,Bangalore,Hyderabad,04:00,07:03,2,Economy,8.42,5,11026
Vistara,Mumbai,Hyderabad,02:00,04:42,2,Business,10.94,32,22530
Vistara,Bangalore,Chennai,19:00,22:54,1,Economy,9.48,32,8991
GO FIRST,Hyderabad,Kolkata,03:00,08:40,0,Economy,8.53,40,4614
Vistara,Chennai,Bangalore,20:00,22:15,0,Economy,5.0,39,5594
SpiceJet,Chennai,Hyderabad,21:00,02:27,2,Economy,8.38,1,10401
GO FIRST,Bangalore,Mumbai,13:00,15:59,1,Economy,5.06,21,8420
Indigo,Hyderabad,Delhi,13:00,16:30,1,Economy,7.91,20,9282
GO FIRST,Kolkata,Delhi,18:00,22:03,2,Economy,2.96,33,7232
GO FIRST,Delhi,Kolkata,02:00,06:42,2,Economy,3.99,38,8155
Air India,Delhi,Mumbai,09:00,14:32,0,Business,12.24,16,23719
GO FIRST,Hyderabad,Mumbai,14:00,18:51,0,Economy,11.25,20,7514
Vistara,Hyderabad,Delhi,13:00,15:34,1,Economy,8.4,11,11158
AirAsia,Delhi,Mumbai,17:00,19:42,1,Economy,6.91,40,7161
Indigo,Chennai,Bangalore,06:00,12:18,1,Economy,4.21,21,7112
Indigo,Chennai,Delhi,03:00,09:08,2,Economy,3.52,5,10358
Air India,Delhi,Bangalore,23:00,01:07,2,Economy,14.1,25,10320
Indigo,Hyderabad,Chennai,20:00,22:09,2,Business,3.66,3,26544
Vistara,Hyderabad,Bangalore,08:00,14:28,2,Economy,10.19,33,11668
AirAsia,Delhi,Bangalore,20:00,02:24,1,Economy,5.16,35,8404
AirAsia,Hyderabad,Delhi,13:00,19:39,0,Economy,3.09,9,6830
Indigo,Kolkata,Delhi,15:00,21:37,2,Economy,9.04,49,6844
Vistara,Hyderabad,Kolkata,09:00,12:30,1,Economy,9.86,37,8647
Indigo,Kolkata,Bangalore,12:00,18:47,1,Economy,10.4,38,6307
Indigo,Chennai,Kolkata,16:00,19:50,1,Economy,3.44,42,5326
Indigo,Chennai,Delhi,06:00,09:25,1,Economy,7.66,17,10569
GO FIRST,Chennai,Bangalore,09:00,11:15,1,Economy,4.07,33,7714
Air India,Mumbai,Hyderabad,22:00,04:20,1,Economy,12.63,15,8538
Air India,Hyderabad,Bangalore,07:00,10:36,2,Economy,6.61,4,11335
SpiceJet,Mumbai,Hyderabad,20:00,02:41,2,Economy,8.9,10,11853
GO FIRST,Hyderabad,Bangalore,22:00,01:14,1,Economy,3.44,34,6761
SpiceJet,Mumbai,Bangalore,04:00,06:31,2,Economy,9.57,18,13132
AirAsia,Mumbai,Bangalore,07:00,11:14,0,Economy,2.85,7,8438
SpiceJet,Bangalore,Kolkata,18:00,23:13,0,Economy,14.34,25,7773
AirAsia,Bangalore,Chennai,12:00,15:29,0,Economy,8.16,15,9292
Vistara,Chennai,Hyderabad,11:00,17:32,1,Economy,12.37,9,12576
Air India,Kolkata,Mumbai,15:00,20:21,2,Economy,5.49,30,10847
Indigo,Chennai,Kolkata,08:00,13:34,2,Economy,8.16,43,8036
Vistara,Chennai,Mumbai,03:00,07:09,2,Economy,10.9,10,10599
GO FIRST,Chennai,Mumbai,01:00,04:44,2,Economy,4.79,15,11851
Air India,Kolkata,Mumbai,23:00,03:02,0,Business,13.53,7,25007
Indigo,Bangalore,Mumbai,20:00,23:20,2,Economy,14.7,7,12786
Air India,Kolkata,Hyderabad,12:00,16:38,2,Economy,9.74,42,10374
Vistara,Mumbai,Chennai,16:00,22:13,1,Economy,13.31,15,11501
AirAsia,Hyderabad,Delhi,20:00,00:52,1,Economy,4.5,23,7784
Indigo,Bangalore,Delhi,04:00,07:43,1,Business,9.81,2,21341
AirAsia,Kolkata,Mumbai,22:00,03:54,0,Business,8.9,21,16162
GO FIRST,Bangalore,Hyderabad,11:00,15:22,1,Economy,6.43,29,7065
AirAsia,Delhi,Kolkata,21:00,03:20,0,Economy,8.71,12,7830
GO FIRST,Kolkata,Delhi,20:00,23:27,0,Economy,7.62,37,5635
GO FIRST,Mumbai,Delhi,05:00,11:46,1,Economy,7.39,43,5754
AirAsia,Chennai,Hyderabad,05:00,08:33,1,Economy,9.58,37,8488
SpiceJet,Delhi,Mumbai,07:00,10:31,0,Economy,2.23,15,6906
Vistara,Mumbai,Hyderabad,05:00,11:23,1,Business,9.24,24,21771
Indigo,Hyderabad,Chennai,04:00,06:21,0,Economy,7.31,6,8984
Vistara,Chennai,Hyderabad,15:00,19:49,1,Economy,3.39,42,6182
Indigo,Mumbai,Bangalore,10:00,15:51,0,Economy,4.26,4,9478
Indigo,Bangalore,Hyderabad,00:00,02:26,2,Business,4.57,34,23624
AirAsia,Delhi,Bangalore,15:00,18:37,2,Economy,13.75,17,12204
AirAsia,Chennai,Mumbai,16:00,18:55,2,Economy,12.54,46,8214
GO FIRST,Mumbai,Hyderabad,16:00,20:44,0,Economy,14.18,47,6099
Indigo,Delhi,Bangalore,10:00,13:45,1,Economy,9.05,13,11432
AirAsia,Chennai,Mumbai,11:00,15:53,1,Economy,7.68,30,7382
SpiceJet,Mumbai,Hyderabad,00:00,02:29,0,Economy,7.24,30,6964
Vistara,Hyderabad,Bangalore,15:00,20:16,2,Economy,8.15,46,6448
SpiceJet,Kolkata,Hyderabad,03:00,07:20,0,Economy,8.5,47,4485
GO FIRST,Kolkata,Hyderabad,06:00,08:38,0,Economy,5.62,4,7079
SpiceJet,Mumbai,Kolkata,13:00,15:24,1,Economy,7.51,2,8822
GO FIRST,Bangalore,Delhi,03:00,07:43,0,Economy,8.69,43,5320
GO FIRST,Delhi,Mumbai,01:00,07:06,1,Economy,4.37,1,10088
Air India,Hyderabad,Mumbai,13:00,15:57,1,Economy,3.87,39,6229
Air India,Chennai,Hyderabad,20:00,01:25,2,Business,8.12,4,26468
Air India,Chennai,Mumbai,02:00,08:03,0,Economy,8.96,12,9627
Air India,Kolkata,Chennai,16:00,18:19,0,Economy,9.15,38,5004
GO FIRST,Mumbai,Bangalore,12:00,14:05,0,Economy,13.49,44,7423
Air India,Kolkata,Delhi,14:00,20:21,0,Business,9.77,3,24893
SpiceJet,Chennai,Mumbai,03:00,07:16,1,Economy,5.03,16,7561
SpiceJet,Kolkata,Bangalore,05:00,11:18,1,Economy,7.96,16,9742
Indigo,Chennai,Hyderabad,05:00,11:17,1,Economy,3.05,48,5400
Vistara,Delhi,Chennai,09:00,15:27,0,Business,6.7,25,16240
Vistara,Hyderabad,Kolkata,03:00,07:13,2,Economy,9.37,40,10406
SpiceJet,Delhi,Mumbai,20:00,02:52,1,Economy,10.49,48,6044
Vistara,Mumbai,Hyderabad,15:00,19:14,2,Business,5.02,41,16161
AirAsia,Hyderabad,Mumbai,04:00,09:14,2,Economy,6.44,26,10213
Indigo,Delhi,Mumbai,00:00,06:45,0,Economy,11.7,40,6909
Indigo,Bangalore,Chennai,15:00,18:56,1,Economy,13.98,40,9014
Indigo,Hyderabad,Kolkata,07:00,13:23,1,Economy,10.99,32,7608
GO FIRST,Mumbai,Chennai,20:00,22:36,1,Economy,2.93,14,7734
Indigo,Mumbai,Delhi,21:00,02:46,1,Business,13.15,13,23336
Vistara,Chennai,Mumbai,07:00,12:26,2,Economy,8.16,8,9851
Indigo,Hyderabad,Mumbai,20:00,23:30,0,Economy,9.71,9,9664
Vistara,Mumbai,Bangalore,15:00,18:38,1,Economy,5.72,10,10757
AirAsia,Chennai,Kolkata,06:00,10:28,0,Economy,13.02,40,7145
Indigo,Mumbai,Delhi,09:00,14:23,1,Economy,7.96,18,10282
SpiceJet,Delhi,Mumbai,13:00,17:58,2,Business,9.81,20,26702
AirAsia,Chennai,Delhi,18:00,00:09,2,Economy,6.21,46,7016
GO FIRST,Chennai,Hyderabad,16:00,20:05,0,Business,6.19,20,21010
Indigo,Bangalore,Delhi,12:00,16:18,2,Economy,9.21,34,9140
Air India,Kolkata,Hyderabad,08:00,11:26,0,Economy,11.5,24,8446
Vistara,Hyderabad,Chennai,14:00,17:28,0,Economy,8.19,37,5569
SpiceJet,Kolkata,Delhi,04:00,08:17,0,Economy,6.27,43,5769
Vistara,Delhi,Chennai,17:00,22:56,0,Economy,6.82,19,6988
AirAsia,Mumbai,Chennai,00:00,03:16,0,Economy,14.68,38,6142
Vistara,Bangalore,Mumbai,06:00,08:36,0,Economy,8.88,16,9377
Air India,Bangalore,Hyderabad,19:00,23:20,2,Economy,7.49,24,8974
Vistara,Hyderabad,Delhi,14:00,17:11,0,Economy,10.75,33,6459
AirAsia,Mumbai,Kolkata,18:00,20:43,2,Business,8.98,13,25045
SpiceJet,Kolkata,Mumbai,01:00,05:07,0,Business,5.26,22,16824
Air India,Kolkata,Hyderabad,04:00,07:55,2,Economy,2.57,48,7002
Indigo,Mumbai,Bangalore,01:00,05:15,2,Economy,5.26,49,5769
Vistara,Mumbai,Hyderabad,17:00,20:42,1,Business,11.42,33,22328
Vistara,Kolkata,Delhi,22:00,00:38,1,Business,9.41,36,18395
AirAsia,Delhi,Bangalore,09:00,11:57,1,Business,13.64,29,20181
SpiceJet,Hyderabad,Bangalore,01:00,06:58,2,Economy,12.2,33,10862
SpiceJet,Bangalore,Delhi,18:00,23:32,1,Economy,4.44,14,10616
Indigo,Kolkata,Bangalore,13:00,15:36,0,Economy,10.43,22,8376
SpiceJet,Chennai,Hyderabad,13:00,17:14,1,Economy,8.61,42,7064
AirAsia,Hyderabad,Kolkata,16:00,19:34,2,Economy,3.18,37,7437
Vistara,Bangalore,Mumbai,15:00,18:25,2,Economy,8.51,1,14554
Indigo,Bangalore,Chennai,10:00,16:30,2,Business,4.75,22,26061
Indigo,Bangalore,Chennai,01:00,07:29,2,Economy,7.47,43,7231
Air India,Bangalore,Hyderabad,16:00,18:37,2,Economy,12.51,29,12594
Air India,Chennai,Delhi,22:00,00:16,1,Economy,7.59,1,10354
Air India,Chennai,Mumbai,12:00,16:18,1,Economy,8.63,39,7843
AirAsia,Delhi,Kolkata,09:00,14:38,1,Business,4.27,38,15048
GO FIRST,Mumbai,Bangalore,18:00,23:58,1,Business,13.88,7,20268
Air India,Kolkata,Chennai,21:00,02:44,2,Economy,6.92,29,10704
GO FIRST,Delhi,Mumbai,15:00,21:28,1,Business,2.13,11,17926
AirAsia,Hyderabad,Delhi,19:00,00:39,0,Business,13.36,3,21572
SpiceJet,Chennai,Kolkata,14:00,17:30,0,Business,6.89,31,14795
GO FIRST,Delhi,Kolkata,01:00,06:56,2,Economy,14.89,38,10963
GO FIRST,Bangalore,Kolkata,07:00,10:55,2,Economy,14.96,40,10719
Vistara,Kolkata,Chennai,07:00,13:58,0,Economy,14.85,16,10800
Vistara,Delhi,Hyderabad,09:00,12:30,1,Economy,6.92,7,8215
AirAsia,Bangalore,Kolkata,04:00,07:43,1,Economy,3.93,46,6164
SpiceJet,Delhi,Mumbai,14:00,16:48,0,Economy,2.07,49,2918
Air India,Bangalore,Kolkata,09:00,15:58,2,Business,13.41,38,18227
Vistara,Mumbai,Kolkata,06:00,08:54,1,Business,4.99,36,19173
SpiceJet,Kolkata,Bangalore,12:00,14:53,1,Economy,2.4,11,8026
Indigo,Hyderabad,Mumbai,13:00,16:58,1,Economy,11.31,1,13143
Indigo,Chennai,Delhi,19:00,00:34,1,Economy,3.6,32,6840
Air India,Mumbai,Delhi,20:00,22:49,2,Economy,2.4,11,9324
GO FIRST,Bangalore,Delhi,04:00,06:44,1,Economy,8.54,33,6517
Indigo,Delhi,Chennai,08:00,12:25,0,Business,14.54,34,22665
Vistara,Delhi,Kolkata,00:00,04:20,0,Economy,10.53,38,5509
GO FIRST,Delhi,Kolkata,05:00,09:45,0,Economy,6.06,3,10358
Indigo,Chennai,Kolkata,07:00,10:31,0,Economy,3.73,18,6133
GO FIRST,Hyderabad,Chennai,16:00,22:27,1,Economy,13.14,36,8677
SpiceJet,Delhi,Kolkata,10:00,16:23,0,Economy,6.81,12,8818
Vistara,Chennai,Mumbai,10:00,14:23,2,Business,8.47,3,24830
AirAsia,Bangalore,Kolkata,00:00,02:39,1,Economy,8.03,12,11700
Air India,Hyderabad,Mumbai,08:00,13:47,2,Economy,14.46,18,12096
GO FIRST,Hyderabad,Mumbai,13:00,19:25,0,Economy,3.04,24,6491
Vistara,Mumbai,Bangalore,09:00,13:52,1,Economy,6.5,14,10041
Indigo,Mumbai,Hyderabad,11:00,15:29,1,Economy,8.44,23,9290
Indigo,Delhi,Hyderabad,01:00,04:30,0,Economy,10.18,29,7723
Indigo,Hyderabad,Chennai,20:00,23:54,0,Business,4.87,38,15025
Air India,Bangalore,Mumbai,10:00,13:07,1,Economy,13.63,5,13023
SpiceJet,Delhi,Bangalore,10:00,14:12,0,Economy,13.44,16,7809
GO FIRST,Chennai,Delhi,13:00,17:12,0,Economy,7.28,34,5068
GO FIRST,Delhi,Kolkata,16:00,18:24,1,Economy,14.49,22,8411
Air India,Chennai,Kolkata,00:00,06:40,1,Economy,14.1,23,9950
SpiceJet,Delhi,Mumbai,16:00,21:55,1,Economy,13.81,32,8553
Vistara,Bangalore,Kolkata,18:00,00:03,2,Economy,9.01,3,13576
Indigo,Delhi,Kolkata,12:00,15:01,1,Business,4.83,14,18464
GO FIRST,Delhi,Kolkata,12:00,17:54,2,Economy,13.86,43,9613
SpiceJet,Mumbai,Bangalore,00:00,03:21,1,Economy,3.41,14,8608
SpiceJet,Chennai,Kolkata,03:00,07:58,0,Business,2.16,34,20393
Vistara,Bangalore,Mumbai,17:00,22:26,1,Business,7.57,24,21777
GO FIRST,Bangalore,Kolkata,22:00,02:52,0,Economy,8.78,44,5584
Air India,Delhi,Kolkata,17:00,22:13,2,Economy,3.58,36,8564
Indigo,Delhi,Kolkata,14:00,20:14,1,Business,4.81,44,19745
Vistara,Mumbai,Hyderabad,00:00,05:16,2,Business,7.64,28,17509
Indigo,Kolkata,Chennai,22:00,03:18,1,Economy,6.52,15,9477
SpiceJet,Mumbai,Delhi,10:00,15:33,0,Economy,6.69,12,7547
Air India,Chennai,Delhi,11:00,14:10,0,Business,3.04,42,16247
Vistara,Kolkata,Delhi,10:00,13:02,0,Economy,11.04,37,7125
Vistara,Delhi,Chennai,06:00,12:26,2,Economy,14.37,3,15462
Indigo,Kolkata,Hyderabad,12:00,18:09,1,Business,11.93,7,25951
Vistara,Mumbai,Hyderabad,22:00,03:38,1,Economy,6.76,25,6917
SpiceJet,Bangalore,Hyderabad,00:00,02:07,0,Economy,10.35,18,8282
GO FIRST,Bangalore,Delhi,02:00,05:20,1,Economy,12.9,43,9266
Air India,Bangalore,Delhi,00:00,06:45,2,Economy,4.94,17,11236
GO FIRST,Kolkata,Bangalore,05:00,11:06,0,Economy,6.83,38,4786
GO FIRST,Bangalore,Mumbai,01:00,06:29,2,Business,6.33,37,21856
GO FIRST,Hyderabad,Bangalore,10:00,16:21,0,Business,3.43,30,20963
Vistara,Mumbai,Hyderabad,18:00,00:37,2,Economy,13.79,31,12616
GO FIRST,Kolkata,Hyderabad,14:00,18:11,1,Business,3.3,7,23559
GO FIRST,Delhi,Chennai,12:00,16:39,2,Economy,2.29,34,9398
AirAsia,Delhi,Bangalore,22:00,02:45,0,Economy,14.69,32,6265
AirAsia,Bangalore,Mumbai,11:00,16:31,2,Economy,14.07,15,13057
SpiceJet,Bangalore,Delhi,03:00,06:49,2,Economy,2.13,40,6901
Vistara,Delhi,Bangalore,04:00,10:38,1,Business,11.53,33,20162
SpiceJet,Kolkata,Delhi,19:00,00:40,0,Economy,6.25,3,10550
Indigo,Hyderabad,Kolkata,02:00,07:58,1,Business,10.79,44,20157
Air India,Chennai,Delhi,22:00,01:21,2,Economy,11.84,10,13010
Vistara,Chennai,Hyderabad,00:00,04:50,1,Economy,12.92,22,10956
Indigo,Bangalore,Chennai,04:00,09:57,2,Economy,8.79,37,7301
SpiceJet,Kolkata,Bangalore,21:00,00:48,2,Economy,13.53,41,9604
Vistara,Kolkata,Delhi,13:00,18:04,0,Business,2.62,13,16726
AirAsia,Bangalore,Chennai,05:00,09:12,2,Economy,11.85,6,14789
Air India,Mumbai,Chennai,13:00,18:19,0,Economy,5.77,15,6216
GO FIRST,Kolkata,Chennai,20:00,01:48,1,Economy,4.05,41,6091
Air India,Bangalore,Chennai,09:00,14:14,0,Economy,2.11,31,6054
Vistara,Hyderabad,Bangalore,08:00,11:47,2,Economy,2.76,4,9684
SpiceJet,Hyderabad,Chennai,04:00,10:19,2,Economy,8.18,6,10368
AirAsia,Delhi,Kolkata,15:00,21:05,2,Economy,7.9,46,7543
Air India,Mumbai,Chennai,06:00,09:49,2,Economy,11.02,21,10450
Air India,Delhi,Kolkata,01:00,05:24,0,Business,5.75,49,15592
SpiceJet,Delhi,Chennai,08:00,14:09,1,Business,12.62,30,21477
Air India,Delhi,Kolkata,17:00,22:53,1,Economy,10.81,48,7267
Air India,Bangalore,Hyderabad,16:00,20:39,1,Economy,2.29,30,8145
Vistara,Mumbai,Hyderabad,17:00,21:10,1,Economy,7.81,45,6085
SpiceJet,Mumbai,Bangalore,05:00,11:45,0,Business,2.38,20,17790
Vistara,Delhi,Kolkata,21:00,23:11,0,Economy,14.32,29,6603
AirAsia,Mumbai,Delhi,08:00,14:59,2,Economy,3.27,47,5932
SpiceJet,Delhi,Bangalore,21:00,00:46,2,Economy,7.78,1,12299
GO FIRST,Bangalore,Mumbai,09:00,12:57,0,Economy,2.51,2,8173
SpiceJet,Kolkata,Mumbai,18:00,20:11,0,Business,7.74,10,22763
GO FIRST,Kolkata,Hyderabad,12:00,17:47,2,Economy,13.01,46,10456
Indigo,Mumbai,Delhi,01:00,03:26,1,Economy,9.44,46,6243
Indigo,Hyderabad,Kolkata,19:00,21:09,0,Economy,7.49,39,4821
Vistara,Mumbai,Delhi,16:00,19:13,1,Economy,11.85,30,10514
Indigo,Mumbai,Kolkata,05:00,11:06,0,Business,5.2,20,18935
SpiceJet,Delhi,Mumbai,03:00,08:24,0,Economy,6.83,46,4794
Vistara,Mumbai,Kolkata,15:00,18:44,2,Economy,6.77,8,11277
GO FIRST,Bangalore,Kolkata,10:00,14:02,2,Economy,11.22,33,10271
SpiceJet,Mumbai,Bangalore,03:00,08:38,1,Business,3.02,8,24921
Indigo,Delhi,Mumbai,13:00,17:11,1,Economy,11.73,28,8057
Vistara,Hyderabad,Delhi,17:00,21:41,0,Economy,11.04,5,9947
AirAsia,Bangalore,Chennai,03:00,07:50,2,Economy,12.2,17,10148
GO FIRST,Bangalore,Chennai,06:00,11:09,1,Economy,3.41,32,5767
SpiceJet,Hyderabad,Bangalore,14:00,16:43,2,Business,9.28,3,27371
SpiceJet,Chennai,Bangalore,18:00,21:26,1,Economy,5.33,30,8464
SpiceJet,Kolkata,Bangalore,10:00,15:54,2,Economy,14.03,37,10155
AirAsia,Mumbai,Hyderabad,07:00,12:09,2,Economy,2.49,43,7442
SpiceJet,Delhi,Mumbai,20:00,02:30,1,Economy,10.83,11,9633
AirAsia,Hyderabad,Chennai,03:00,08:16,0,Economy,14.82,45,7074
GO FIRST,Bangalore,Hyderabad,10:00,15:51,1,Economy,10.79,31,10010
GO FIRST,Chennai,Mumbai,18:00,00:03,0,Economy,2.79,31,6145
Indigo,Hyderabad,Chennai,15:00,18:20,1,Economy,7.19,25,8125
SpiceJet,Kolkata,Delhi,07:00,10:28,0,Economy,4.85,17,7323
Indigo,Mumbai,Hyderabad,07:00,13:54,2,Economy,6.2,25,10919
Air India,Kolkata,Delhi,08:00,11:50,0,Business,2.18,32,20124
SpiceJet,Bangalore,Delhi,11:00,14:46,0,Economy,4.85,36,5155
AirAsia,Kolkata,Bangalore,11:00,13:44,1,Business,7.52,49,17797
GO FIRST,Delhi,Chennai,05:00,08:34,0,Economy,10.21,38,7005
AirAsia,Chennai,Delhi,10:00,12:55,2,Business,14.75,2,25134
Indigo,Delhi,Hyderabad,18:00,23:10,1,Economy,8.94,26,9178
Vistara,Mumbai,Hyderabad,11:00,13:28,0,Economy,10.78,37,6452
Indigo,Delhi,Kolkata,19:00,00:50,1,Economy,8.27,20,8450
GO FIRST,Chennai,Hyderabad,11:00,14:21,0,Economy,12.13,30,7432
Air India,Hyderabad,Chennai,19:00,00:30,1,Economy,2.52,9,7868
AirAsia,Bangalore,Delhi,17:00,23:31,1,Economy,7.28,18,7672
AirAsia,Delhi,Mumbai,08:00,12:34,1,Economy,2.17,12,6997
AirAsia,Mumbai,Bangalore,23:00,02:29,0,Economy,3.74,17,7477
GO FIRST,Bangalore,Hyderabad,13:00,16:54,0,Economy,9.83,1,11637
Air India,Mumbai,Delhi,12:00,14:32,2,Economy,13.86,22,12160
AirAsia,Kolkata,Hyderabad,17:00,20:02,1,Economy,2.73,26,6358
GO FIRST,Mumbai,Kolkata,04:00,07:02,0,Economy,9.27,9,7624
GO FIRST,Kolkata,Bangalore,03:00,07:05,2,Economy,10.44,45,9360
GO FIRST,Hyderabad,Mumbai,03:00,09:48,0,Economy,9.91,44,5219
SpiceJet,Chennai,Bangalore,08:00,13:48,0,Economy,4.36,12,7489
GO FIRST,Kolkata,Delhi,00:00,06:45,1,Economy,5.06,3,10225
AirAsia,Delhi,Mumbai,23:00,03:42,1,Economy,14.0,14,8867
Vistara,Kolkata,Bangalore,19:00,00:14,0,Economy,12.21,8,10553
Vistara,Chennai,Hyderabad,02:00,08:18,0,Economy,13.33,47,6148
Air India,Delhi,Chennai,00:00,02:08,0,Economy,13.48,20,10195
GO FIRST,Hyderabad,Kolkata,10:00,16:57,1,Business,2.36,29,22731
Indigo,Bangalore,Delhi,11:00,15:01,2,Economy,3.93,16,10422
GO FIRST,Chennai,Bangalore,19:00,22:10,0,Economy,10.66,23,7857
Indigo,Kolkata,Delhi,12:00,18:50,2,Business,13.44,7,21123
Vistara,Kolkata,Bangalore,19:00,00:45,2,Economy,2.22,47,5545
Indigo,Delhi,Kolkata,07:00,13:04,1,Economy,12.23,21,10626
Indigo,Bangalore,Hyderabad,12:00,16:33,0,Economy,4.55,40,4262
AirAsia,Bangalore,Kolkata,01:00,03:39,1,Business,10.2,12,26635
SpiceJet,Bangalore,Delhi,22:00,03:06,2,Economy,11.27,24,8723
Indigo,Chennai,Hyderabad,04:00,10:36,1,Economy,8.15,15,10921
AirAsia,Hyderabad,Delhi,23:00,05:30,1,Economy,13.35,47,6877
Air India,Bangalore,Mumbai,10:00,12:41,0,Economy,5.91,11,9136
Vistara,Mumbai,Hyderabad,20:00,01:51,2,Economy,2.96,49,5769
SpiceJet,Chennai,Kolkata,21:00,00:21,2,Economy,13.2,13,14550
Air India,Mumbai,Delhi,21:00,02:55,1,Economy,5.25,44,5123
Air India,Mumbai,Chennai,23:00,03:55,0,Economy,14.91,42,7933
Indigo,Bangalore,Kolkata,17:00,21:07,0,Economy,9.93,20,9033
Vistara,Delhi,Hyderabad,17:00,19:59,1,Business,8.14,11,18286
Indigo,Kolkata,Mumbai,04:00,09:55,0,Economy,2.58,46,3726
AirAsia,Kolkata,Bangalore,09:00,13:51,2,Economy,7.9,29,8655
Vistara,Bangalore,Delhi,04:00,08:11,1,Economy,12.86,34,10320
Air India,Bangalore,Chennai,19:00,01:42,0,Economy,14.23,19,9655
GO FIRST,Mumbai,Delhi,10:00,15:26,0,Economy,7.01,14,8329
Vistara,Chennai,Bangalore,17:00,20:28,1,Economy,14.93,30,9259
Air India,Kolkata,Mumbai,01:00,03:16,0,Business,14.79,29,21718
AirAsia,Mumbai,Chennai,21:00,02:48,1,Economy,4.35,44,5205
SpiceJet,Mumbai,Kolkata,16:00,20:54,2,Economy,12.57,33,9776
Indigo,Mumbai,Kolkata,01:00,04:52,2,Economy,10.48,24,10330
Vistara,Mumbai,Chennai,03:00,07:08,1,Economy,10.92,41,7069
Indigo,Bangalore,Hyderabad,08:00,11:24,2,Economy,10.62,44,9302
Air India,Hyderabad,Kolkata,18:00,23:03,0,Economy,13.54,34,6860
Vistara,Chennai,Hyderabad,10:00,15:45,1,Economy,12.53,6,10386
Air India,Bangalore,Mumbai,18:00,00:40,1,Economy,12.0,24,8023
Vistara,Bangalore,Hyderabad,14:00,17:46,2,Economy,4.46,35,7708
Vistara,Mumbai,Chennai,21:00,03:11,0,Economy,3.98,19,7844
GO FIRST,Kolkata,Mumbai,19:00,00:31,2,Economy,6.32,45,8845
Air India,Delhi,Kolkata,22:00,04:40,0,Economy,9.98,43,6517
AirAsia,Bangalore,Delhi,04:00,06:32,0,Economy,9.3,25,8019
Indigo,Delhi,Kolkata,10:00,14:41,0,Economy,11.35,27,6446
Indigo,Chennai,Kolkata,21:00,03:26,0,Economy,14.38,32,9058
Air India,Chennai,Hyderabad,16:00,21:01,2,Economy,3.45,22,10923
Indigo,Delhi,Hyderabad,20:00,00:37,1,Economy,2.36,47,6325
Indigo,Kolkata,Delhi,21:00,00:43,2,Economy,3.53,42,8706
Vistara,Mumbai,Bangalore,01:00,03:56,2,Economy,4.73,13,8971
SpiceJet,Chennai,Delhi,23:00,02:13,2,Economy,4.61,21,8908
SpiceJet,Hyderabad,Bangalore,00:00,06:19,2,Economy,3.92,12,8510
SpiceJet,Mumbai,Kolkata,22:00,04:52,0,Economy,4.25,41,5467
AirAsia,Bangalore,Hyderabad,04:00,06:26,1,Economy,13.55,45,7427
GO FIRST,Mumbai,Bangalore,10:00,15:24,2,Economy,10.34,45,7277
Air India,Bangalore,Delhi,07:00,13:25,1,Economy,4.73,3,11224
Air India,Delhi,Chennai,05:00,08:25,0,Economy,9.7,15,10016
Indigo,Mumbai,Kolkata,23:00,02:47,1,Economy,8.78,1,11615
Indigo,Kolkata,Delhi,21:00,23:01,2,Business,2.24,44,17647
Vistara,Kolkata,Delhi,21:00,03:59,2,Economy,5.29,29,9508
GO FIRST,Kolkata,Bangalore,09:00,12:16,1,Economy,11.5,45,6499
SpiceJet,Delhi,Kolkata,02:00,07:31,0,Economy,9.87,2,9654
Air India,Bangalore,Delhi,01:00,07:09,2,Economy,4.97,32,10196
Indigo,Delhi,Chennai,22:00,00:11,2,Business,8.62,12,26595
Vistara,Hyderabad,Bangalore,12:00,15:28,1,Economy,6.13,42,6801
Indigo,Delhi,Bangalore,03:00,06:28,0,Economy,14.43,17,9237
SpiceJet,Delhi,Mumbai,07:00,11:49,2,Economy,7.95,9,13562
Air India,Delhi,Hyderabad,23:00,01:54,0,Economy,13.97,13,7992
Indigo,Delhi,Chennai,00:00,04:05,0,Business,10.3,4,19736
Indigo,Mumbai,Chennai,00:00,04:51,1,Economy,12.06,42,6990
Indigo,Chennai,Bangalore,08:00,14:55,0,Economy,4.46,25,7368
SpiceJet,Hyderabad,Mumbai,21:00,00:42,0,Economy,7.83,27,6881
Air India,Delhi,Bangalore,04:00,07:08,1,Economy,9.78,35,7588
SpiceJet,Hyderabad,Kolkata,14:00,19:03,0,Economy,13.12,35,5756
GO FIRST,Mumbai,Kolkata,07:00,13:56,1,Economy,10.16,26,10340
Air India,Chennai,Hyderabad,05:00,09:28,2,Economy,14.87,24,10447
Vistara,Kolkata,Bangalore,22:00,00:43,0,Economy,5.48,22,7990
Indigo,Hyderabad,Delhi,02:00,08:40,0,Economy,5.03,45,4321
Vistara,Chennai,Hyderabad,23:00,02:55,1,Economy,8.21,10,10176
AirAsia,Kolkata,Mumbai,04:00,06:52,0,Economy,8.31,15,9269
AirAsia,Bangalore,Delhi,22:00,01:38,1,Economy,13.28,14,9465
AirAsia,Kolkata,Hyderabad,10:00,15:15,2,Economy,6.1,5,11722
AirAsia,Delhi,Bangalore,02:00,07:07,2,Economy,13.14,35,11235
Vistara,Mumbai,Chennai,22:00,02:44,2,Economy,11.1,33,10000
Air India,Hyderabad,Chennai,22:00,02:05,0,Economy,10.0,8,10899
SpiceJet,Hyderabad,Kolkata,16:00,20:33,2,Business,5.99,37,21467
Air India,Kolkata,Hyderabad,22:00,03:39,1,Economy,14.99,23,10192
Air India,Kolkata,Hyderabad,21:00,02:37,2,Economy,11.88,6,13483
Air India,Bangalore,Mumbai,09:00,11:35,1,Economy,3.88,26,6845
Air India,Kolkata,Hyderabad,23:00,05:57,1,Economy,4.25,10,9001
Indigo,Kolkata,Delhi,17:00,19:27,2,Economy,6.79,49,7970
SpiceJet,Mumbai,Kolkata,15:00,19:17,0,Economy,9.08,3,9140
AirAsia,Hyderabad,Bangalore,15:00,17:09,0,Economy,6.97,17,6968
Vistara,Kolkata,Bangalore,14:00,20:29,1,Business,13.71,47,21286
Vistara,Kolkata,Mumbai,04:00,10:17,2,Business,10.99,42,21042
Vistara,Delhi,Bangalore,20:00,23:24,1,Economy,10.45,17,11382
AirAsia,Chennai,Bangalore,07:00,10:54,0,Business,6.07,25,21924
SpiceJet,Delhi,Bangalore,09:00,11:01,0,Economy,2.53,12,7829
Vistara,Bangalore,Kolkata,14:00,16:51,2,Economy,15.0,43,11622
Air India,Chennai,Delhi,19:00,23:54,2,Economy,14.8,34,8979
Indigo,Mumbai,Kolkata,23:00,03:00,1,Economy,13.8,2,14458
Indigo,Kolkata,Mumbai,03:00,06:29,0,Economy,4.24,27,6044
Vistara,Hyderabad,Chennai,10:00,12:43,2,Economy,8.54,23,11989
Indigo,Kolkata,Chennai,07:00,11:36,1,Economy,11.03,41,7351
Indigo,Hyderabad,Chennai,07:00,10:40,0,Business,8.76,28,20352
Indigo,Mumbai,Chennai,10:00,12:56,0,Business,13.69,9,21406
Vistara,Mumbai,Chennai,21:00,00:02,1,Economy,10.8,42,8779
GO FIRST,Mumbai,Kolkata,14:00,20:38,1,Economy,8.1,7,9692
Air India,Hyderabad,Bangalore,21:00,23:36,0,Business,7.3,35,21285
AirAsia,Mumbai,Delhi,16:00,19:30,2,Economy,3.71,49,7151
Air India,Bangalore,Kolkata,14:00,20:57,2,Economy,4.59,7,11886
Vistara,Kolkata,Bangalore,03:00,07:16,1,Economy,9.19,19,11246
AirAsia,Bangalore,Kolkata,20:00,22:10,1,Business,3.31,39,19160
AirAsia,Hyderabad,Delhi,00:00,06:50,0,Economy,9.23,39,6848
GO FIRST,Delhi,Chennai,03:00,08:17,1,Economy,3.99,6,8070
Vistara,Kolkata,Bangalore,02:00,07:26,2,Economy,3.99,9,12715
Air India,Chennai,Kolkata,15:00,21:49,2,Business,8.21,35,22709
SpiceJet,Mumbai,Kolkata,01:00,04:46,1,Business,5.76,14,19429
AirAsia,Delhi,Chennai,23:00,02:51,2,Business,14.73,36,19048
GO FIRST,Bangalore,Delhi,22:00,04:25,1,Business,14.65,24,25610
SpiceJet,Delhi,Chennai,12:00,15:43,1,Business,3.01,33,22094
Air India,Chennai,Kolkata,19:00,00:23,0,Economy,7.58,20,6819
SpiceJet,Mumbai,Kolkata,09:00,14:36,2,Economy,9.1,47,8747
Vistara,Kolkata,Chennai,11:00,17:40,2,Economy,6.88,25,8641
AirAsia,Mumbai,Kolkata,04:00,10:36,2,Economy,5.02,34,9679
Indigo,Kolkata,Bangalore,12:00,16:40,0,Economy,2.84,41,4627
SpiceJet,Kolkata,Hyderabad,19:00,22:55,2,Economy,4.92,33,8712
Indigo,Chennai,Kolkata,01:00,05:32,1,Economy,3.13,8,8017
SpiceJet,Kolkata,Hyderabad,13:00,17:22,1,Economy,7.95,29,9685
Air India,Bangalore,Chennai,18:00,22:48,0,Business,12.6,16,20912
AirAsia,Delhi,Chennai,20:00,02:32,1,Business,8.03,9,17982
Vistara,Delhi,Chennai,13:00,16:37,1,Economy,12.08,21,9250
GO FIRST,Kolkata,Bangalore,10:00,13:48,1,Business,5.12,16,20772
Vistara,Bangalore,Kolkata,11:00,17:09,2,Business,7.08,40,24340
SpiceJet,Kolkata,Hyderabad,18:00,20:03,1,Economy,8.07,6,11675
Indigo,Hyderabad,Kolkata,10:00,14:05,1,Business,10.04,22,25523
Vistara,Hyderabad,Chennai,03:00,08:38,1,Business,11.4,23,18854
Vistara,Bangalore,Mumbai,01:00,05:27,0,Economy,5.33,38,4697
AirAsia,Mumbai,Bangalore,04:00,08:45,1,Economy,4.3,18,9972
AirAsia,Hyderabad,Bangalore,07:00,11:28,2,Economy,8.71,26,9876
GO FIRST,Hyderabad,Chennai,16:00,22:24,1,Economy,12.33,39,8740
Vistara,Delhi,Mumbai,10:00,15:55,1,Business,11.87,5,26497
GO FIRST,Bangalore,Delhi,09:00,12:58,2,Economy,8.46,18,12188
SpiceJet,Hyderabad,Kolkata,07:00,11:54,1,Business,11.79,5,27667
Vistara,Hyderabad,Bangalore,00:00,04:08,2,Economy,10.13,27,8967
Indigo,Chennai,Bangalore,04:00,10:00,0,Economy,9.78,46,5887
AirAsia,Kolkata,Mumbai,01:00,06:01,0,Economy,8.39,39,5990
AirAsia,Bangalore,Kolkata,01:00,04:14,0,Economy,2.25,11,7375
Air India,Hyderabad,Kolkata,15:00,18:28,2,Economy,4.74,31,8282
Air India,Hyderabad,Kolkata,18:00,23:06,1,Economy,2.85,38,6127
Air India,Bangalore,Delhi,23:00,04:23,0,Economy,4.84,30,5931
SpiceJet,Mumbai,Delhi,16:00,21:32,1,Economy,5.84,26,8528
Indigo,Kolkata,Delhi,23:00,05:14,2,Economy,14.41,47,9326
Indigo,Kolkata,Delhi,22:00,01:13,0,Business,3.95,28,20601
AirAsia,Hyderabad,Chennai,06:00,12:21,0,Economy,3.07,14,7799
GO FIRST,Hyderabad,Bangalore,05:00,09:23,1,Economy,12.8,24,8014
SpiceJet,Hyderabad,Kolkata,09:00,11:16,1,Economy,10.04,49,5858
Air India,Chennai,Kolkata,22:00,02:35,2,Economy,4.99,48,5793
SpiceJet,Chennai,Delhi,15:00,19:31,1,Economy,9.0,31,7251
Indigo,Mumbai,Chennai,16:00,19:28,0,Economy,13.44,9,8279
GO FIRST,Chennai,Mumbai,18:00,23:01,0,Economy,2.27,7,8080
AirAsia,Bangalore,Delhi,08:00,13:20,1,Economy,3.31,11,8873
Vistara,Chennai,Delhi,16:00,19:16,1,Economy,10.62,12,9944
AirAsia,Delhi,Chennai,04:00,10:03,2,Business,10.46,18,21143
Air India,Delhi,Hyderabad,04:00,08:45,0,Economy,3.67,15,6555
Indigo,Mumbai,Hyderabad,07:00,13:27,1,Economy,13.35,8,12143
Vistara,Chennai,Bangalore,02:00,08:24,2,Economy,8.38,44,9402
Vistara,Bangalore,Hyderabad,20:00,01:53,0,Economy,13.69,10,11424
AirAsia,Delhi,Chennai,03:00,06:12,0,Business,4.11,16,18434
AirAsia,Bangalore,Chennai,13:00,17:36,0,Economy,9.14,27,7209
Indigo,Chennai,Bangalore,13:00,16:58,1,Economy,2.84,13,7925
SpiceJet,Delhi,Kolkata,10:00,14:11,1,Economy,2.31,24,7350
GO FIRST,Hyderabad,Delhi,16:00,22:04,2,Economy,13.34,8,12588
Vistara,Kolkata,Bangalore,23:00,01:20,1,Economy,7.67,21,9109
Vistara,Kolkata,Chennai,21:00,23:54,1,Economy,7.41,26,9895
SpiceJet,Delhi,Bangalore,05:00,09:09,1,Business,12.34,33,21656
GO FIRST,Hyderabad,Kolkata,10:00,14:57,2,Economy,10.67,16,12770
Air India,Hyderabad,Kolkata,05:00,07:44,2,Business,11.99,37,25672
Indigo,Kolkata,Mumbai,13:00,16:35,1,Economy,6.7,34,7448
Vistara,Bangalore,Mumbai,08:00,10:40,2,Economy,14.34,12,11021
Indigo,Chennai,Mumbai,05:00,11:52,1,Economy,13.27,33,10198
AirAsia,Chennai,Kolkata,04:00,06:42,1,Business,13.74,27,19804
SpiceJet,Delhi,Bangalore,21:00,03:06,0,Economy,13.66,21,7907
Indigo,Mumbai,Bangalore,22:00,01:05,2,Economy,6.22,49,7118
GO FIRST,Hyderabad,Chennai,02:00,06:23,0,Economy,14.6,12,9931
Vistara,Bangalore,Mumbai,07:00,12:28,2,Economy,8.95,9,11015
Indigo,Delhi,Mumbai,01:00,03:07,0,Business,5.86,4,16629
SpiceJet,Mumbai,Chennai,20:00,02:14,2,Economy,11.95,11,13042
SpiceJet,Hyderabad,Chennai,18:00,21:44,2,Economy,11.95,49,6833
Vistara,Bangalore,Kolkata,04:00,09:49,2,Economy,10.98,4,14710
AirAsia,Bangalore,Hyderabad,19:00,22:12,1,Economy,9.36,17,8835
Vistara,Hyderabad,Kolkata,12:00,18:41,2,Economy,11.74,29,11730
SpiceJet,Chennai,Kolkata,13:00,15:31,2,Economy,4.0,33,7049
SpiceJet,Delhi,Bangalore,04:00,10:08,2,Economy,9.91,2,14966
SpiceJet,Delhi,Kolkata,14:00,16:48,0,Economy,4.07,44,4439
GO FIRST,Delhi,Kolkata,03:00,06:04,2,Economy,12.46,14,13775
Air India,Chennai,Mumbai,04:00,07:06,2,Business,10.76,42,23495
Indigo,Hyderabad,Delhi,05:00,07:30,2,Economy,7.67,35,9138
Vistara,Mumbai,Delhi,01:00,07:04,0,Economy,2.74,14,7045
Vistara,Chennai,Hyderabad,12:00,18:40,2,Economy,12.16,2,15728
Vistara,Delhi,Mumbai,05:00,07:00,0,Economy,2.56,1,6953
SpiceJet,Chennai,Delhi,06:00,08:45,2,Economy,7.31,22,10475
SpiceJet,Chennai,Bangalore,04:00,06:28,1,Business,9.73,38,18489
GO FIRST,Hyderabad,Delhi,06:00,10:18,1,Economy,7.14,41,7904
SpiceJet,Kolkata,Bangalore,18:00,21:57,1,Economy,7.69,18,7918
Air India,Hyderabad,Delhi,14:00,16:31,2,Economy,4.05,13,12435
Air India,Delhi,Mumbai,06:00,08:05,1,Economy,14.46,22,9063
AirAsia,Bangalore,Mumbai,11:00,16:32,2,Economy,10.27,5,12853
SpiceJet,Hyderabad,Chennai,23:00,05:27,2,Economy,4.95,14,10846
SpiceJet,Mumbai,Chennai,08:00,12:41,2,Economy,8.08,4,11341
Air India,Hyderabad,Kolkata,20:00,22:06,1,Economy,9.65,14,9935
GO FIRST,Delhi,Mumbai,02:00,04:17,1,Business,4.28,26,23125
SpiceJet,Bangalore,Kolkata,16:00,20:06,1,Economy,2.39,42,5319
GO FIRST,Delhi,Hyderabad,17:00,19:36,1,Economy,7.77,10,8108
SpiceJet,Kolkata,Mumbai,04:00,10:21,2,Economy,4.67,28,8780
AirAsia,Mumbai,Chennai,16:00,18:27,1,Business,2.18,29,22031
Air India,Bangalore,Hyderabad,22:00,02:37,2,Economy,12.75,41,9186
Air India,Hyderabad,Chennai,06:00,10:38,2,Economy,4.88,45,8645
GO FIRST,Delhi,Bangalore,19:00,22:56,2,Economy,7.23,40,6979
AirAsia,Kolkata,Bangalore,03:00,09:36,2,Business,10.79,12,24393
GO FIRST,Chennai,Bangalore,09:00,11:11,2,Business,9.09,9,24582
Air India,Bangalore,Delhi,14:00,19:40,1,Economy,2.88,36,6265
AirAsia,Kolkata,Chennai,16:00,20:42,2,Economy,4.67,40,8472
AirAsia,Hyderabad,Delhi,18:00,23:07,1,Economy,2.7,13,7075
Vistara,Delhi,Mumbai,02:00,04:48,1,Economy,14.6,37,8470
GO FIRST,Mumbai,Bangalore,20:00,23:48,0,Economy,10.35,3,10811
AirAsia,Mumbai,Bangalore,15:00,21:38,2,Economy,14.53,5,12477
SpiceJet,Delhi,Kolkata,02:00,07:51,1,Economy,11.17,40,8506
Air India,Mumbai,Hyderabad,20:00,00:29,2,Economy,11.68,45,7995
Indigo,Mumbai,Hyderabad,09:00,11:23,2,Economy,3.74,43,6469
GO FIRST,Bangalore,Chennai,00:00,05:45,0,Economy,13.69,44,7259
AirAsia,Kolkata,Mumbai,03:00,07:39,2,Business,12.75,12,25665
GO FIRST,Hyderabad,Bangalore,02:00,08:35,1,Economy,2.31,33,5836
SpiceJet,Bangalore,Mumbai,14:00,17:40,2,Business,6.21,21,25529
GO FIRST,Hyderabad,Kolkata,06:00,09:59,0,Business,11.25,34,15298
Indigo,Kolkata,Bangalore,14:00,19:14,0,Economy,4.29,47,4892
GO FIRST,Mumbai,Delhi,04:00,09:03,1,Economy,5.92,10,9534
Air India,Mumbai,Hyderabad,05:00,07:51,1,Business,9.11,6,22406
AirAsia,Chennai,Kolkata,10:00,14:19,2,Business,13.34,17,26924
Vistara,Chennai,Mumbai,03:00,07:06,1,Business,14.7,47,19208
Vistara,Delhi,Kolkata,04:00,07:02,0,Business,6.57,32,21336
Indigo,Mumbai,Chennai,06:00,12:16,0,Economy,2.94,49,4337
Vistara,Kolkata,Chennai,23:00,05:22,0,Economy,9.5,19,7669
AirAsia,Kolkata,Chennai,19:00,23:43,2,Economy,3.93,35,7188
SpiceJet,Mumbai,Delhi,03:00,08:52,0,Business,12.1,25,23729
AirAsia,Mumbai,Chennai,14:00,16:24,1,Economy,3.6,15,8101
Vistara,Bangalore,Mumbai,11:00,17:40,0,Economy,8.95,24,7920
GO FIRST,Kolkata,Mumbai,23:00,01:08,0,Economy,10.68,38,7356
Air India,Chennai,Bangalore,21:00,03:56,1,Economy,2.47,16,9810
SpiceJet,Hyderabad,Delhi,02:00,06:26,2,Business,3.0,48,20415
Vistara,Bangalore,Mumbai,07:00,10:42,1,Economy,10.82,45,7871
AirAsia,Chennai,Kolkata,17:00,23:13,0,Business,13.34,30,19449
Indigo,Chennai,Bangalore,00:00,06:43,1,Economy,9.09,28,8351
SpiceJet,Mumbai,Delhi,11:00,17:30,0,Economy,5.15,4,10226
Indigo,Mumbai,Chennai,09:00,15:10,2,Economy,12.31,15,10472
Indigo,Bangalore,Chennai,08:00,14:12,2,Economy,7.65,34,10365
Indigo,Kolkata,Mumbai,21:00,00:40,2,Business,8.59,43,23848
AirAsia,Bangalore,Chennai,07:00,11:54,2,Economy,5.86,5,9522
Indigo,Chennai,Hyderabad,19:00,00:19,1,Business,6.41,25,20038
Air India,Bangalore,Mumbai,10:00,16:29,1,Economy,12.54,36,10049
Vistara,Kolkata,Mumbai,23:00,01:00,2,Economy,4.02,20,11317
SpiceJet,Hyderabad,Mumbai,02:00,07:00,1,Economy,6.8,27,6610
GO FIRST,Delhi,Bangalore,10:00,14:43,2,Business,6.68,28,22342
Air India,Hyderabad,Mumbai,04:00,09:17,1,Business,2.5,14,18835
Air India,Bangalore,Hyderabad,22:00,03:50,1,Economy,9.79,6,9320
AirAsia,Mumbai,Hyderabad,14:00,18:38,2,Business,6.17,39,20673
SpiceJet,Kolkata,Mumbai,23:00,03:54,0,Business,4.69,5,17299
Vistara,Mumbai,Chennai,17:00,19:37,1,Business,13.85,43,22132
Air India,Delhi,Hyderabad,13:00,18:46,0,Economy,14.59,18,9306
AirAsia,Mumbai,Chennai,03:00,05:10,1,Economy,11.41,21,10769
SpiceJet,Chennai,Mumbai,12:00,14:01,2,Economy,12.58,25,11596
AirAsia,Bangalore,Chennai,08:00,10:45,1,Economy,4.94,15,8335
GO FIRST,Hyderabad,Mumbai,21:00,00:51,2,Economy,8.09,37,9588
Indigo,Delhi,Bangalore,00:00,02:13,2,Economy,4.17,1,13037
SpiceJet,Mumbai,Bangalore,21:00,01:23,2,Economy,12.41,38,10060
GO FIRST,Kolkata,Chennai,01:00,07:48,2,Economy,12.95,40,10792
AirAsia,Delhi,Chennai,18:00,22:35,1,Economy,6.74,27,8654
Indigo,Bangalore,Kolkata,14:00,16:54,0,Economy,8.26,47,5142
AirAsia,Hyderabad,Kolkata,14:00,16:36,0,Economy,4.87,4,7180
GO FIRST,Delhi,Hyderabad,03:00,06:04,0,Economy,3.54,29,4953
AirAsia,Mumbai,Delhi,06:00,10:41,2,Business,14.86,16,20703
Vistara,Delhi,Chennai,03:00,06:05,1,Economy,12.39,27,9752
AirAsia,Chennai,Mumbai,10:00,12:47,2,Economy,10.26,22,10968
AirAsia,Delhi,Chennai,17:00,19:43,1,Economy,3.4,21,6495
AirAsia,Bangalore,Delhi,07:00,12:39,0,Economy,8.54,6,7974
GO FIRST,Kolkata,Hyderabad,10:00,13:06,2,Business,4.86,17,20272
Indigo,Hyderabad,Chennai,23:00,03:47,1,Business,4.82,7,21313
Air India,Kolkata,Bangalore,13:00,19:34,2,Business,3.15,6,18705
SpiceJet,Chennai,Delhi,07:00,11:43,0,Business,9.65,48,14938
Indigo,Chennai,Kolkata,20:00,22:32,1,Economy,2.16,8,9666
Vistara,Hyderabad,Kolkata,23:00,03:49,1,Economy,13.69,44,7540
GO FIRST,Mumbai,Hyderabad,06:00,11:07,0,Economy,7.28,2,9285
Air India,Kolkata,Mumbai,06:00,09:16,1,Economy,9.04,22,10340
GO FIRST,Mumbai,Bangalore,03:00,05:19,0,Economy,8.6,43,5562
SpiceJet,Bangalore,Delhi,10:00,14:04,1,Economy,4.17,9,8103
AirAsia,Kolkata,Bangalore,00:00,05:56,2,Economy,4.4,28,8161
Indigo,Hyderabad,Chennai,15:00,20:31,0,Business,13.75,18,22930
AirAsia,Kolkata,Bangalore,16:00,21:15,2,Economy,3.41,42,6403
Vistara,Delhi,Kolkata,18:00,23:53,1,Economy,14.34,28,9235
AirAsia,Mumbai,Hyderabad,17:00,20:15,1,Economy,11.58,31,7242
AirAsia,Kolkata,Hyderabad,05:00,07:38,0,Business,8.36,36,15272
SpiceJet,Delhi,Kolkata,03:00,07:50,1,Economy,3.9,24,8790
AirAsia,Delhi,Kolkata,00:00,04:12,2,Economy,12.67,49,8293
GO FIRST,Kolkata,Chennai,12:00,15:45,0,Business,2.47,1,21180
GO FIRST,Delhi,Chennai,22:00,03:31,1,Economy,8.88,37,7343
Indigo,Chennai,Delhi,09:00,13:34,0,Economy,2.61,32,4824
AirAsia,Chennai,Mumbai,14:00,19:55,0,Economy,12.12,13,9622
SpiceJet,Kolkata,Delhi,17:00,22:09,1,Economy,13.1,5,12206
Air India,Bangalore,Chennai,21:00,23:55,2,Economy,11.96,33,11679
Vistara,Bangalore,Chennai,11:00,15:35,2,Business,6.95,14,19235
Vistara,Delhi,Kolkata,20:00,23:36,2,Economy,2.14,41,7383
Air India,Mumbai,Bangalore,17:00,19:14,2,Economy,6.33,47,7290
Vistara,Bangalore,Delhi,18:00,22:12,1,Economy,3.78,27,8693
SpiceJet,Kolkata,Delhi,12:00,17:30,2,Economy,5.5,42,6443
Vistara,Kolkata,Bangalore,04:00,08:02,0,Economy,3.65,4,7118
Indigo,Chennai,Kolkata,05:00,11:36,0,Economy,3.45,38,5644
Air India,Hyderabad,Bangalore,17:00,20:19,1,Economy,14.23,23,9509
AirAsia,Hyderabad,Kolkata,04:00,08:43,2,Economy,11.12,5,13357
Air India,Kolkata,Mumbai,12:00,16:58,1,Economy,2.56,49,4197
Air India,Mumbai,Hyderabad,01:00,07:51,1,Economy,3.64,3,8266
Indigo,Mumbai,Chennai,12:00,15:06,1,Business,10.61,36,21451
AirAsia,Kolkata,Mumbai,05:00,07:57,0,Business,7.37,24,22171
Vistara,Hyderabad,Kolkata,08:00,10:23,0,Economy,2.97,28,5621
Indigo,Delhi,Mumbai,03:00,06:20,0,Economy,13.54,10,10328
SpiceJet,Delhi,Chennai,18:00,21:33,2,Economy,9.3,27,8838
SpiceJet,Chennai,Hyderabad,18:00,00:32,0,Business,8.56,39,20276
AirAsia,Kolkata,Bangalore,12:00,18:47,1,Economy,9.66,36,6389
Vistara,Hyderabad,Delhi,06:00,11:15,0,Economy,8.78,37,6391
Vistara,Kolkata,Delhi,17:00,20:36,1,Economy,12.75,10,10304
Indigo,Hyderabad,Mumbai,10:00,15:53,1,Economy,2.43,5,8149
Indigo,Hyderabad,Chennai,14:00,16:50,1,Business,4.05,41,20587
SpiceJet,Mumbai,Bangalore,20:00,00:27,1,Economy,14.6,47,9005
AirAsia,Chennai,Kolkata,06:00,09:19,0,Economy,2.31,31,4291
GO FIRST,Kolkata,Chennai,00:00,04:43,2,Economy,12.26,48,7453
GO FIRST,Bangalore,Chennai,10:00,12:00,2,Economy,4.58,23,8719
Air India,Chennai,Bangalore,18:00,00:18,2,Economy,9.61,25,11830
SpiceJet,Hyderabad,Kolkata,06:00,11:09,2,Economy,8.16,10,12991
Vistara,Bangalore,Mumbai,00:00,03:06,2,Economy,8.12,39,7177
Vistara,Kolkata,Delhi,21:00,01:42,0,Business,12.37,9,19710
Air India,Kolkata,Delhi,10:00,14:39,0,Economy,5.83,16,6764
GO FIRST,Kolkata,Delhi,02:00,05:28,0,Economy,9.22,36,6114
Air India,Bangalore,Hyderabad,09:00,15:49,1,Economy,14.38,40,9401
Indigo,Bangalore,Chennai,07:00,12:20,1,Economy,5.0,20,8709
AirAsia,Mumbai,Bangalore,14:00,19:17,2,Economy,11.72,39,7938
Indigo,Delhi,Bangalore,03:00,08:15,2,Business,5.36,26,25338
AirAsia,Kolkata,Hyderabad,10:00,16:01,2,Economy,9.29,9,11575
GO FIRST,Hyderabad,Delhi,16:00,22:16,1,Economy,12.84,6,12653
AirAsia,Mumbai,Hyderabad,19:00,00:02,0,Economy,13.95,46,7106
Vistara,Kolkata,Hyderabad,09:00,11:21,0,Business,12.87,13,22431
Vistara,Delhi,Hyderabad,13:00,19:08,1,Business,11.37,8,23741
AirAsia,Kolkata,Delhi,13:00,16:31,0,Economy,14.16,35,8363
GO FIRST,Kolkata,Delhi,06:00,12:09,1,Business,7.28,40,17764
Air India,Hyderabad,Kolkata,13:00,19:32,0,Economy,12.8,1,9215
Vistara,Chennai,Bangalore,18:00,22:00,2,Economy,9.04,9,11419
Vistara,Mumbai,Delhi,20:00,02:19,2,Business,13.53,19,26229
GO FIRST,Kolkata,Bangalore,14:00,18:37,2,Economy,4.19,12,12195
Vistara,Mumbai,Kolkata,09:00,14:26,1,Economy,7.56,15,10094
Indigo,Delhi,Bangalore,18:00,22:20,1,Economy,14.33,37,9910
Air India,Chennai,Delhi,04:00,06:49,0,Economy,3.92,16,6400
AirAsia,Chennai,Hyderabad,17:00,22:07,0,Economy,12.92,22,9111
Air India,Delhi,Chennai,02:00,05:44,2,Economy,5.31,12,8909
AirAsia,Hyderabad,Mumbai,14:00,19:23,2,Business,4.03,13,26668
Indigo,Kolkata,Chennai,04:00,09:13,1,Economy,7.76,27,8634
AirAsia,Kolkata,Mumbai,22:00,03:24,0,Economy,4.04,26,5815
SpiceJet,Kolkata,Delhi,07:00,10:17,2,Business,7.19,19,24956
AirAsia,Chennai,Mumbai,15:00,17:24,0,Economy,13.52,2,12560
Indigo,Bangalore,Mumbai,00:00,02:49,1,Business,6.55,11,25326
GO FIRST,Mumbai,Hyderabad,07:00,12:57,2,Business,12.88,5,21983
Vistara,Bangalore,Chennai,23:00,01:11,2,Economy,5.68,20,11401
GO FIRST,Hyderabad,Kolkata,08:00,10:52,2,Economy,11.8,8,13149
SpiceJet,Bangalore,Kolkata,11:00,16:38,2,Business,5.74,44,20005
AirAsia,Mumbai,Chennai,20:00,23:50,2,Economy,10.51,25,8559
Indigo,Chennai,Kolkata,14:00,17:34,1,Economy,14.55,48,6944
Air India,Delhi,Chennai,21:00,00:40,0,Economy,5.17,41,5896
Air India,Delhi,Mumbai,12:00,18:28,0,Economy,13.55,26,7736
Vistara,Delhi,Bangalore,02:00,06:11,0,Economy,12.82,26,9542
Indigo,Kolkata,Mumbai,20:00,00:31,2,Economy,8.97,18,9332
GO FIRST,Mumbai,Chennai,21:00,01:43,1,Economy,13.25,48,6183
AirAsia,Delhi,Kolkata,16:00,21:41,2,Business,10.62,42,18825
Air India,Kolkata,Bangalore,21:00,02:38,0,Economy,9.69,31,5519
SpiceJet,Chennai,Bangalore,11:00,15:31,1,Economy,13.8,17,9333
SpiceJet,Delhi,Mumbai,23:00,05:48,1,Economy,7.63,13,10799
Indigo,Delhi,Mumbai,07:00,11:08,0,Business,2.89,2,18148
GO FIRST,Hyderabad,Bangalore,10:00,15:01,1,Economy,13.56,40,7969
Indigo,Kolkata,Mumbai,15:00,20:24,2,Business,14.35,49,17323
SpiceJet,Mumbai,Bangalore,18:00,00:36,0,Economy,2.66,3,9323
Indigo,Chennai,Hyderabad,20:00,01:22,0,Business,13.68,16,23751
GO FIRST,Bangalore,Chennai,07:00,11:04,0,Economy,11.15,2,8087
Vistara,Chennai,Hyderabad,16:00,19:39,2,Economy,5.45,6,9791
Indigo,Bangalore,Chennai,11:00,13:11,0,Business,7.72,11,17725
Air India,Mumbai,Kolkata,19:00,21:15,1,Business,6.85,24,23598
SpiceJet,Mumbai,Chennai,07:00,10:54,2,Economy,10.46,32,9394
GO FIRST,Kolkata,Bangalore,19:00,22:48,2,Economy,11.3,36,8680
GO FIRST,Chennai,Hyderabad,23:00,05:31,2,Business,12.19,32,26312
AirAsia,Delhi,Kolkata,14:00,16:46,1,Economy,14.64,28,8808
Indigo,Mumbai,Hyderabad,15:00,17:29,0,Business,3.42,34,17971
AirAsia,Hyderabad,Chennai,02:00,06:48,2,Economy,11.94,49,7388
Air India,Chennai,Mumbai,08:00,14:23,1,Economy,5.74,30,6605
SpiceJet,Delhi,Bangalore,18:00,23:20,2,Economy,2.33,46,5876
Vistara,Hyderabad,Kolkata,11:00,16:30,2,Economy,5.27,26,7773
Vistara,Mumbai,Delhi,13:00,17:17,0,Economy,12.68,46,6523
Air India,Bangalore,Chennai,16:00,21:11,0,Economy,12.15,30,6379
SpiceJet,Bangalore,Mumbai,09:00,12:30,1,Economy,3.03,24,6957
SpiceJet,Hyderabad,Mumbai,10:00,13:06,1,Economy,9.05,38,8488
GO FIRST,Delhi,Chennai,17:00,22:48,0,Business,6.74,46,15087
Air India,Bangalore,Kolkata,20:00,22:29,1,Economy,11.25,22,9041
GO FIRST,Chennai,Bangalore,20:00,23:29,2,Economy,8.82,36,8333
SpiceJet,Hyderabad,Bangalore,17:00,22:23,1,Business,5.06,7,25293
GO FIRST,Hyderabad,Mumbai,18:00,22:31,0,Economy,7.28,46,4597
Vistara,Kolkata,Bangalore,16:00,18:50,1,Economy,13.58,43,9426
Vistara,Delhi,Chennai,09:00,14:03,0,Economy,6.59,21,6145
Indigo,Kolkata,Delhi,16:00,19:33,0,Economy,13.4,37,7405
Air India,Bangalore,Chennai,00:00,02:01,0,Business,12.41,9,18729
AirAsia,Bangalore,Kolkata,15:00,19:43,1,Economy,11.05,27,7629
Air India,Chennai,Bangalore,09:00,11:08,2,Economy,11.43,17,13284
Indigo,Delhi,Kolkata,20:00,22:47,0,Economy,5.4,38,4545
Vistara,Kolkata,Chennai,18:00,00:19,1,Business,13.85,18,20006
Vistara,Bangalore,Kolkata,08:00,11:26,0,Economy,12.08,14,8546
Vistara,Delhi,Mumbai,22:00,04:40,2,Economy,13.46,26,11587
Air India,Chennai,Hyderabad,21:00,23:42,0,Economy,2.35,44,4671
Vistara,Bangalore,Hyderabad,06:00,08:14,1,Economy,2.41,15,8703
AirAsia,Delhi,Kolkata,10:00,13:58,0,Economy,14.32,26,9393
Indigo,Delhi,Hyderabad,08:00,10:02,0,Economy,7.24,21,7453
GO FIRST,Kolkata,Hyderabad,00:00,06:15,0,Economy,7.77,3,8653
GO FIRST,Delhi,Kolkata,06:00,10:58,1,Economy,14.72,15,10638
Indigo,Chennai,Bangalore,02:00,07:07,2,Economy,6.74,36,7165
AirAsia,Bangalore,Delhi,17:00,22:53,2,Business,13.17,13,20329
GO FIRST,Bangalore,Delhi,00:00,05:00,0,Economy,8.14,42,6019
AirAsia,Chennai,Mumbai,21:00,01:37,2,Economy,12.84,41,7882
SpiceJet,Bangalore,Chennai,12:00,18:17,2,Economy,4.21,45,7816
Indigo,Bangalore,Kolkata,13:00,16:07,1,Economy,12.39,46,8761
GO FIRST,Kolkata,Mumbai,07:00,12:17,0,Economy,7.73,22,8298
Air India,Delhi,Bangalore,23:00,04:40,0,Economy,12.78,10,10095
GO FIRST,Mumbai,Bangalore,15:00,18:16,0,Economy,11.66,11,9744
AirAsia,Bangalore,Hyderabad,17:00,22:09,2,Economy,14.86,18,14474
Vistara,Chennai,Hyderabad,03:00,09:35,2,Economy,14.7,33,9140
Vistara,Chennai,Mumbai,07:00,09:58,0,Economy,7.72,48,5174
AirAsia,Bangalore,Kolkata,18:00,20:01,2,Economy,4.89,7,9526
AirAsia,Delhi,Bangalore,23:00,05:18,1,Economy,10.73,22,10335
GO FIRST,Kolkata,Chennai,18:00,21:32,1,Economy,8.83,46,6565
AirAsia,Bangalore,Hyderabad,18:00,00:50,2,Economy,12.28,47,7977
GO FIRST,Mumbai,Chennai,04:00,10:59,2,Economy,5.54,43,8280
Vistara,Chennai,Kolkata,11:00,14:35,2,Economy,4.22,38,7244
Vistara,Kolkata,Hyderabad,21:00,00:53,0,Economy,14.67,42,5862
Air India,Mumbai,Chennai,22:00,03:34,1,Economy,13.56,7,13236
AirAsia,Chennai,Kolkata,21:00,03:20,2,Economy,13.21,35,10303
Vistara,Kolkata,Hyderabad,08:00,10:17,1,Business,13.04,32,19467
Indigo,Mumbai,Hyderabad,22:00,04:31,2,Economy,6.3,37,8294
Vistara,Mumbai,Hyderabad,07:00,09:22,2,Business,4.85,36,19431
Air India,Mumbai,Chennai,18:00,23:08,2,Economy,9.32,26,9555
Air India,Delhi,Bangalore,22:00,03:40,2,Economy,11.66,47,8752
SpiceJet,Delhi,Bangalore,15:00,19:27,2,Economy,14.34,46,9138
Indigo,Chennai,Bangalore,22:00,00:05,1,Business,10.44,23,21452
GO FIRST,Bangalore,Mumbai,08:00,13:41,2,Business,3.13,33,21899
Vistara,Delhi,Kolkata,23:00,03:53,0,Economy,3.73,26,5809
AirAsia,Mumbai,Delhi,06:00,10:11,1,Economy,5.71,2,9321
Vistara,Kolkata,Bangalore,07:00,10:32,2,Economy,12.39,5,13171
GO FIRST,Delhi,Kolkata,09:00,12:10,2,Economy,4.95,14,9187
Indigo,Chennai,Mumbai,16:00,20:56,2,Business,14.48,26,22668
GO FIRST,Chennai,Mumbai,09:00,11:14,1,Business,7.59,16,23028
AirAsia,Kolkata,Mumbai,01:00,05:27,0,Economy,4.53,1,7392
Air India,Hyderabad,Chennai,09:00,14:53,1,Economy,3.18,43,4750
SpiceJet,Chennai,Mumbai,14:00,16:02,2,Economy,2.06,8,11535
Indigo,Mumbai,Delhi,04:00,09:24,0,Business,6.02,41,18949
SpiceJet,Delhi,Hyderabad,22:00,00:31,0,Economy,9.73,13,9372
GO FIRST,Kolkata,Chennai,09:00,13:37,1,Business,12.85,21,22276
SpiceJet,Chennai,Kolkata,16:00,20:08,1,Economy,10.41,13,11050
SpiceJet,Delhi,Chennai,06:00,09:17,1,Economy,6.68,22,8130
SpiceJet,Mumbai,Kolkata,18:00,20:05,1,Economy,5.61,43,5549
GO FIRST,Hyderabad,Bangalore,06:00,08:34,2,Economy,4.11,13,12187
Indigo,Kolkata,Delhi,15:00,21:59,0,Economy,8.72,43,6232
GO FIRST,Bangalore,Mumbai,15:00,21:57,2,Business,8.27,37,17936
Air India,Delhi,Mumbai,20:00,23:00,0,Business,12.74,5,23422
Vistara,Hyderabad,Chennai,14:00,17:48,2,Economy,8.58,46,6986
AirAsia,Kolkata,Delhi,20:00,02:45,2,Business,13.01,48,23412
SpiceJet,Mumbai,Kolkata,05:00,08:21,0,Economy,7.1,45,5372
Vistara,Delhi,Hyderabad,10:00,12:25,1,Economy,2.56,25,7073
Air India,Bangalore,Chennai,00:00,06:59,1,Economy,14.98,39,7400
Air India,Kolkata,Mumbai,11:00,13:29,0,Economy,6.25,17,6696
GO FIRST,Hyderabad,Mumbai,10:00,15:54,1,Business,6.58,47,19062
SpiceJet,Delhi,Kolkata,17:00,22:06,1,Economy,13.15,45,7142
Air India,Hyderabad,Bangalore,21:00,23:41,2,Business,13.47,39,25541
Indigo,Kolkata,Chennai,00:00,04:06,2,Economy,6.63,35,7865
SpiceJet,Kolkata,Delhi,14:00,16:37,2,Economy,8.19,15,9530
AirAsia,Delhi,Mumbai,03:00,05:05,1,Economy,5.74,46,7003
Air India,Kolkata,Mumbai,09:00,11:49,2,Economy,12.21,47,7731
Air India,Chennai,Mumbai,11:00,16:15,1,Economy,9.49,34,8667
SpiceJet,Chennai,Mumbai,04:00,08:22,2,Economy,3.16,38,8203
GO FIRST,Mumbai,Chennai,14:00,18:26,0,Business,12.13,23,16593
Air India,Bangalore,Chennai,08:00,12:28,0,Economy,11.68,37,6690
SpiceJet,Chennai,Kolkata,22:00,04:06,0,Economy,11.7,35,7232
Vistara,Kolkata,Mumbai,12:00,17:23,2,Business,12.96,20,19063
Vistara,Mumbai,Kolkata,20:00,22:01,2,Economy,9.68,33,10960
Vistara,Bangalore,Mumbai,22:00,00:16,1,Economy,13.7,39,7698
Indigo,Mumbai,Hyderabad,00:00,05:50,2,Economy,11.64,37,9193
SpiceJet,Bangalore,Delhi,00:00,02:18,2,Economy,6.58,43,6926
Vistara,Chennai,Kolkata,08:00,10:20,0,Economy,10.55,39,6979
Indigo,Chennai,Kolkata,00:00,02:19,0,Economy,13.88,38,7929
AirAsia,Bangalore,Hyderabad,15:00,20:08,0,Economy,8.21,6,7981
GO FIRST,Kolkata,Chennai,17:00,22:45,1,Economy,13.19,37,9669
GO FIRST,Mumbai,Bangalore,11:00,16:43,1,Economy,7.01,22,7986
AirAsia,Chennai,Mumbai,02:00,05:47,2,Business,13.14,3,23867
Vistara,Delhi,Hyderabad,03:00,06:10,2,Economy,5.94,25,10857
Vistara,Kolkata,Chennai,03:00,05:33,2,Business,8.39,32,24654
Air India,Kolkata,Delhi,06:00,09:26,1,Economy,8.75,26,7066
Vistara,Kolkata,Mumbai,03:00,09:32,1,Economy,2.14,18,8772
AirAsia,Bangalore,Delhi,01:00,03:02,0,Economy,8.51,30,7614
AirAsia,Kolkata,Bangalore,15:00,20:34,2,Economy,10.59,16,9982
GO FIRST,Delhi,Hyderabad,03:00,07:52,1,Economy,9.18,7,11552
SpiceJet,Chennai,Kolkata,20:00,00:05,1,Economy,13.5,26,9181
AirAsia,Hyderabad,Chennai,14:00,16:13,2,Economy,6.63,27,9283
Vistara,Mumbai,Kolkata,18:00,20:44,0,Economy,13.93,29,7053
SpiceJet,Mumbai,Hyderabad,19:00,22:12,0,Economy,13.51,27,6924
SpiceJet,Chennai,Delhi,10:00,14:34,2,Economy,3.33,20,8208
Indigo,Mumbai,Bangalore,12:00,18:29,0,Economy,10.29,35,6008
AirAsia,Chennai,Mumbai,07:00,10:43,1,Economy,12.46,9,10677
AirAsia,Kolkata,Hyderabad,12:00,17:59,2,Economy,13.49,40,8582
Vistara,Delhi,Mumbai,04:00,07:51,2,Economy,2.19,17,11227
Vistara,Chennai,Bangalore,18:00,21:35,0,Economy,11.89,29,8577
AirAsia,Hyderabad,Delhi,20:00,01:11,1,Economy,10.43,11,12540
SpiceJet,Chennai,Kolkata,17:00,21:29,2,Economy,8.75,40,10386
GO FIRST,Bangalore,Chennai,23:00,02:09,0,Economy,14.41,3,10122
Air India,Chennai,Mumbai,10:00,16:43,2,Business,7.79,11,27743
Vistara,Hyderabad,Chennai,18:00,22:52,2,Economy,13.25,48,10267
Air India,Kolkata,Mumbai,21:00,02:12,2,Economy,3.66,47,7363
GO FIRST,Kolkata,Hyderabad,02:00,08:17,1,Economy,6.38,25,7998
SpiceJet,Mumbai,Hyderabad,20:00,23:23,1,Economy,8.64,15,11568
Indigo,Mumbai,Bangalore,11:00,14:23,1,Economy,3.08,16,7958
SpiceJet,Kolkata,Bangalore,15:00,18:16,2,Economy,14.51,20,10411
AirAsia,Hyderabad,Mumbai,21:00,02:06,0,Economy,10.81,15,9352
Air India,Kolkata,Delhi,00:00,04:57,1,Economy,4.5,47,5669
Air India,Hyderabad,Delhi,05:00,07:15,0,Economy,6.41,5,9739
AirAsia,Kolkata,Chennai,20:00,02:31,2,Economy,11.25,3,12996
Air India,Bangalore,Delhi,08:00,12:59,2,Economy,2.07,14,11313
AirAsia,Chennai,Kolkata,01:00,04:57,0,Business,3.0,2,17711
AirAsia,Mumbai,Chennai,18:00,21:58,0,Economy,3.31,20,7935
AirAsia,Bangalore,Mumbai,13:00,15:55,2,Economy,6.73,47,8789
SpiceJet,Mumbai,Kolkata,12:00,17:23,2,Economy,7.22,35,9383
Vistara,Delhi,Kolkata,11:00,16:23,0,Economy,14.91,49,5868
SpiceJet,Bangalore,Delhi,21:00,02:37,0,Economy,10.0,30,5945
GO FIRST,Hyderabad,Bangalore,16:00,18:52,2,Economy,4.43,44,6691
Vistara,Bangalore,Chennai,17:00,23:56,0,Business,8.62,20,16172
GO FIRST,Delhi,Chennai,03:00,07:10,2,Economy,10.0,31,8438
GO FIRST,Bangalore,Mumbai,15:00,19:05,1,Economy,10.83,47,6337
Indigo,Bangalore,Chennai,04:00,06:05,2,Economy,7.77,48,7621
Vistara,Hyderabad,Mumbai,08:00,10:15,2,Economy,7.94,44,8654
Indigo,Chennai,Delhi,08:00,10:32,0,Economy,6.41,36,5799
SpiceJet,Kolkata,Delhi,10:00,16:36,2,Business,7.34,18,20184
Vistara,Chennai,Kolkata,05:00,09:42,2,Business,14.62,47,19018
SpiceJet,Hyderabad,Kolkata,15:00,20:49,1,Business,11.45,3,23226
Air India,Kolkata,Chennai,13:00,15:09,1,Economy,7.3,43,7734
GO FIRST,Delhi,Kolkata,20:00,01:13,0,Economy,11.54,2,11284
Indigo,Kolkata,Delhi,01:00,05:59,0,Economy,2.49,41,3567
GO FIRST,Delhi,Hyderabad,09:00,14:32,2,Economy,5.11,2,11517
Air India,Bangalore,Kolkata,02:00,07:22,1,Economy,8.25,23,9746
GO FIRST,Bangalore,Hyderabad,16:00,18:27,2,Business,2.8,32,20339
SpiceJet,Mumbai,Hyderabad,02:00,05:45,2,Business,2.36,8,25475
Vistara,Delhi,Kolkata,20:00,00:12,2,Economy,5.36,16,8676
Vistara,Kolkata,Bangalore,22:00,01:05,2,Business,6.48,45,21518
GO FIRST,Chennai,Bangalore,03:00,09:51,1,Economy,8.83,13,8772
Indigo,Bangalore,Hyderabad,02:00,06:26,2,Economy,4.33,8,10833
Indigo,Mumbai,Delhi,03:00,08:12,2,Business,9.36,11,19602
SpiceJet,Mumbai,Kolkata,02:00,08:32,2,Economy,2.31,8,10363
SpiceJet,Kolkata,Bangalore,17:00,23:05,2,Economy,10.92,9,11825
Air India,Delhi,Mumbai,02:00,05:24,2,Economy,13.04,2,15715
Air India,Chennai,Bangalore,03:00,07:53,0,Business,12.64,47,20447
Air India,Mumbai,Hyderabad,21:00,02:45,0,Economy,6.64,14,7891
GO FIRST,Chennai,Hyderabad,16:00,19:32,1,Economy,13.38,39,9807
AirAsia,Hyderabad,Bangalore,00:00,06:43,0,Economy,13.64,42,7359
Indigo,Kolkata,Bangalore,04:00,07:27,1,Economy,7.65,9,9299
SpiceJet,Bangalore,Delhi,10:00,13:13,0,Economy,13.64,22,8460
Air India,Mumbai,Delhi,20:00,02:46,0,Economy,3.61,28,5989
SpiceJet,Hyderabad,Kolkata,14:00,18:54,0,Business,9.49,28,16646
GO FIRST,Kolkata,Bangalore,02:00,05:47,1,Economy,8.56,25,7858
AirAsia,Mumbai,Kolkata,07:00,09:56,0,Business,10.92,18,18845
AirAsia,Delhi,Hyderabad,19:00,23:59,1,Business,9.66,38,17923
Vistara,Kolkata,Hyderabad,08:00,11:26,2,Economy,3.55,19,9139
SpiceJet,Chennai,Delhi,09:00,15:43,0,Business,14.36,41,20068
SpiceJet,Mumbai,Chennai,23:00,01:15,2,Business,8.28,9,24895
Vistara,Mumbai,Bangalore,15:00,20:47,0,Economy,7.36,19,7295
GO FIRST,Bangalore,Kolkata,12:00,16:08,2,Economy,7.95,21,8747
GO FIRST,Delhi,Chennai,14:00,19:44,1,Economy,3.72,46,5852
GO FIRST,Chennai,Mumbai,17:00,19:24,1,Economy,8.19,42,7217
Air India,Delhi,Hyderabad,07:00,11:56,0,Economy,14.35,44,6550
Indigo,Chennai,Hyderabad,22:00,00:03,0,Economy,4.33,34,6203
Air India,Kolkata,Bangalore,15:00,18:03,1,Business,6.22,47,16972
Air India,Hyderabad,Chennai,00:00,06:27,0,Economy,14.64,20,9742
Indigo,Chennai,Hyderabad,10:00,13:52,2,Economy,2.92,27,9428
AirAsia,Delhi,Kolkata,14:00,18:29,0,Economy,11.35,42,6152
GO FIRST,Bangalore,Delhi,17:00,22:06,0,Economy,11.08,34,6786
Vistara,Bangalore,Hyderabad,14:00,17:05,0,Economy,3.56,32,4639
SpiceJet,Hyderabad,Bangalore,02:00,08:30,1,Economy,10.78,7,11447
SpiceJet,Kolkata,Chennai,09:00,15:45,0,Economy,8.85,16,7558
Indigo,Kolkata,Chennai,17:00,22:19,1,Economy,9.78,47,6053
GO FIRST,Bangalore,Delhi,11:00,14:56,0,Business,2.03,27,16218
Air India,Mumbai,Delhi,03:00,08:01,0,Economy,6.89,47,4823
GO FIRST,Bangalore,Mumbai,18:00,21:22,1,Economy,9.85,2,9095
GO FIRST,Mumbai,Chennai,10:00,16:10,2,Economy,9.96,40,8340
SpiceJet,Bangalore,Chennai,21:00,01:24,1,Business,6.02,11,18876
AirAsia,Kolkata,Chennai,22:00,03:12,1,Economy,12.36,34,7021
Indigo,Hyderabad,Mumbai,22:00,04:16,0,Economy,9.29,42,5319
Indigo,Kolkata,Hyderabad,06:00,08:57,1,Economy,13.33,4,9899
AirAsia,Kolkata,Delhi,00:00,02:23,1,Business,10.77,16,22701
Air India,Chennai,Bangalore,21:00,01:59,1,Economy,8.04,20,8141
AirAsia,Hyderabad,Kolkata,04:00,08:18,2,Economy,13.86,2,12028
Indigo,Kolkata,Delhi,15:00,19:55,1,Business,14.25,24,20688
GO FIRST,Bangalore,Hyderabad,08:00,14:47,2,Economy,6.02,19,10726
Indigo,Chennai,Mumbai,13:00,15:21,0,Economy,4.65,43,4538
Indigo,Chennai,Kolkata,06:00,09:57,2,Economy,8.19,2,11608
SpiceJet,Kolkata,Hyderabad,12:00,16:03,0,Economy,13.21,44,6229
AirAsia,Bangalore,Mumbai,23:00,03:19,0,Economy,10.3,12,8064
Air India,Chennai,Delhi,23:00,03:37,1,Economy,14.23,25,10532
SpiceJet,Chennai,Delhi,00:00,05:23,2,Economy,12.36,46,10020
Indigo,Chennai,Hyderabad,18:00,20:14,0,Economy,5.94,30,5288
AirAsia,Bangalore,Kolkata,10:00,15:15,1,Economy,6.12,25,9202
Indigo,Mumbai,Hyderabad,10:00,16:13,2,Economy,4.47,26,9026
SpiceJet,Kolkata,Delhi,21:00,03:18,1,Economy,4.71,18,10328
AirAsia,Bangalore,Delhi,00:00,02:10,2,Economy,9.81,24,11016
SpiceJet,Delhi,Chennai,05:00,10:29,0,Economy,8.36,37,5285
Indigo,Hyderabad,Bangalore,07:00,12:09,2,Economy,4.83,3,11107
Vistara,Hyderabad,Bangalore,10:00,12:20,0,Economy,4.87,42,4778
Air India,Bangalore,Hyderabad,19:00,22:15,2,Economy,6.02,30,8606
SpiceJet,Delhi,Mumbai,08:00,12:23,1,Economy,6.33,43,6360
SpiceJet,Kolkata,Delhi,08:00,13:41,1,Economy,3.17,29,6360
Air India,Chennai,Mumbai,10:00,15:19,2,Economy,6.04,47,6368
Vistara,Chennai,Mumbai,16:00,19:00,2,Economy,9.28,9,14263
SpiceJet,Mumbai,Bangalore,14:00,18:42,2,Economy,3.06,8,11516
Air India,Delhi,Hyderabad,19:00,22:35,2,Economy,13.07,21,12185
GO FIRST,Delhi,Bangalore,13:00,15:06,2,Economy,11.51,15,12302
GO FIRST,Bangalore,Mumbai,03:00,06:31,1,Economy,6.85,7,9092
GO FIRST,Delhi,Kolkata,04:00,06:49,0,Economy,3.58,30,5316
Indigo,Hyderabad,Delhi,07:00,13:00,0,Economy,2.37,29,5615
AirAsia,Mumbai,Delhi,12:00,16:38,0,Economy,4.74,23,7019
SpiceJet,Kolkata,Bangalore,23:00,03:54,2,Economy,2.54,41,7424
Vistara,Chennai,Kolkata,08:00,12:23,0,Economy,6.54,34,4727
Indigo,Kolkata,Chennai,09:00,11:34,2,Economy,2.47,27,8651
AirAsia,Hyderabad,Mumbai,07:00,11:29,1,Economy,4.98,5,8667
AirAsia,Delhi,Hyderabad,06:00,09:53,0,Economy,5.44,15,6467
GO FIRST,Kolkata,Hyderabad,15:00,19:24,1,Economy,9.61,15,7966
Air India,Hyderabad,Bangalore,17:00,22:30,1,Economy,6.52,11,8040
GO FIRST,Kolkata,Chennai,02:00,04:44,2,Economy,10.84,17,12117
AirAsia,Delhi,Mumbai,18:00,00:12,1,Business,7.77,35,17349
AirAsia,Delhi,Bangalore,08:00,14:59,2,Economy,2.06,36,6266
GO FIRST,Hyderabad,Kolkata,12:00,18:29,1,Economy,6.28,42,5458
Vistara,Mumbai,Hyderabad,15:00,20:36,2,Business,7.14,30,21098
Vistara,Hyderabad,Kolkata,23:00,03:37,0,Economy,3.32,32,5059
AirAsia,Hyderabad,Delhi,18:00,21:26,1,Economy,14.12,16,12705
Indigo,Delhi,Chennai,11:00,16:53,1,Economy,2.79,32,7467
Air India,Bangalore,Mumbai,14:00,16:00,2,Business,9.02,1,25539
SpiceJet,Mumbai,Delhi,04:00,10:31,1,Economy,4.28,35,7670
AirAsia,Chennai,Kolkata,04:00,06:59,1,Economy,13.62,28,10091
SpiceJet,Hyderabad,Kolkata,08:00,12:42,2,Economy,3.84,18,11531
AirAsia,Delhi,Chennai,16:00,22:04,1,Economy,14.43,12,11252
AirAsia,Delhi,Chennai,13:00,15:44,2,Economy,4.39,14,10239
SpiceJet,Kolkata,Chennai,14:00,19:53,1,Economy,12.87,35,6945
Indigo,Hyderabad,Chennai,17:00,23:42,2,Economy,2.9,22,11183
Indigo,Delhi,Mumbai,23:00,01:44,0,Economy,9.08,3,9638
Indigo,Bangalore,Delhi,19:00,21:06,0,Economy,10.21,7,8061
Indigo,Hyderabad,Mumbai,06:00,11:30,2,Economy,4.39,7,10227
Air India,Hyderabad,Delhi,07:00,10:24,2,Economy,7.51,1,12396
Vistara,Hyderabad,Delhi,04:00,09:47,0,Economy,2.39,37,4600
Air India,Mumbai,Delhi,00:00,02:16,0,Economy,3.73,34,5537
Air India,Mumbai,Bangalore,10:00,13:01,2,Business,12.12,41,24619
AirAsia,Mumbai,Chennai,08:00,12:44,1,Economy,5.92,43,6066
Indigo,Chennai,Mumbai,14:00,17:58,2,Economy,13.16,7,13198
Vistara,Chennai,Mumbai,13:00,18:48,2,Business,12.66,33,24475
AirAsia,Kolkata,Mumbai,01:00,06:39,0,Economy,6.53,49,3651
Vistara,Bangalore,Hyderabad,21:00,02:17,0,Economy,6.06,34,6018
GO FIRST,Mumbai,Bangalore,06:00,09:52,1,Economy,7.79,35,8290
Indigo,Mumbai,Kolkata,22:00,04:25,1,Economy,5.28,21,8543
Vistara,Hyderabad,Delhi,15:00,21:39,0,Economy,2.73,43,3496
Air India,Kolkata,Bangalore,01:00,05:58,1,Economy,6.78,46,6574
AirAsia,Bangalore,Mumbai,18:00,22:40,0,Economy,4.01,48,3990
AirAsia,Kolkata,Hyderabad,21:00,00:53,0,Economy,11.38,26,7122
AirAsia,Hyderabad,Kolkata,21:00,01:27,2,Economy,4.61,14,12229
Air India,Delhi,Hyderabad,03:00,07:19,1,Economy,14.51,6,9936
SpiceJet,Mumbai,Delhi,20:00,02:40,0,Economy,12.54,16,8018
GO FIRST,Hyderabad,Kolkata,21:00,02:38,0,Economy,11.48,29,8335
Air India,Bangalore,Kolkata,11:00,15:04,2,Economy,11.48,20,12468
Vistara,Delhi,Chennai,16:00,21:38,2,Economy,7.83,28,11400
GO FIRST,Bangalore,Delhi,23:00,01:04,1,Economy,14.59,26,10250
Air India,Delhi,Mumbai,01:00,05:04,2,Business,3.77,37,23572
GO FIRST,Kolkata,Chennai,00:00,06:37,2,Economy,8.62,19,9359
GO FIRST,Bangalore,Kolkata,22:00,00:00,0,Economy,13.37,9,9281
GO FIRST,Mumbai,Delhi,12:00,15:04,1,Economy,2.24,21,7450
Air India,Delhi,Mumbai,04:00,10:10,1,Economy,7.22,4,8876
SpiceJet,Chennai,Mumbai,23:00,01:38,1,Business,6.0,34,22047
Indigo,Chennai,Hyderabad,05:00,11:10,0,Economy,9.8,40,6072
GO FIRST,Hyderabad,Kolkata,01:00,03:23,1,Economy,5.54,31,7965
AirAsia,Bangalore,Mumbai,13:00,15:30,0,Business,4.34,36,17830
SpiceJet,Hyderabad,Bangalore,22:00,04:15,1,Economy,13.67,41,8135
Vistara,Kolkata,Hyderabad,14:00,20:48,2,Economy,2.27,21,11051
SpiceJet,Mumbai,Delhi,13:00,19:04,2,Business,8.8,13,18841
AirAsia,Hyderabad,Mumbai,18:00,23:57,2,Economy,6.71,7,10492
Air India,Chennai,Mumbai,21:00,23:11,0,Economy,2.62,44,4574
Indigo,Hyderabad,Chennai,10:00,16:17,2,Economy,3.17,8,11280
SpiceJet,Mumbai,Kolkata,10:00,12:52,0,Economy,8.56,12,6835
Indigo,Delhi,Hyderabad,05:00,07:25,2,Business,7.96,19,23241
Air India,Kolkata,Mumbai,19:00,22:19,0,Business,10.52,2,25810
Vistara,Kolkata,Chennai,14:00,20:36,2,Business,8.27,26,22983
SpiceJet,Mumbai,Bangalore,21:00,23:03,2,Economy,10.37,20,9797
Vistara,Mumbai,Bangalore,18:00,00:31,0,Economy,6.07,48,4290
AirAsia,Bangalore,Chennai,11:00,13:17,1,Economy,2.28,26,7688
Indigo,Mumbai,Bangalore,16:00,18:12,0,Economy,12.53,42,5228
SpiceJet,Mumbai,Delhi,03:00,06:29,0,Economy,12.85,27,6707
Vistara,Kolkata,Bangalore,02:00,07:31,2,Economy,12.95,8,14175
SpiceJet,Hyderabad,Mumbai,20:00,23:28,2,Business,11.1,7,24224
Indigo,Bangalore,Hyderabad,01:00,03:06,1,Economy,3.19,34,5532
GO FIRST,Mumbai,Kolkata,11:00,14:49,2,Business,4.67,8,27664
Air India,Delhi,Hyderabad,07:00,10:11,0,Economy,9.67,46,6060
GO FIRST,Hyderabad,Kolkata,01:00,06:20,0,Economy,5.6,22,7100
GO FIRST,Bangalore,Hyderabad,05:00,08:53,1,Economy,10.99,25,10977
Indigo,Bangalore,Hyderabad,08:00,10:07,0,Economy,12.01,33,8512
SpiceJet,Kolkata,Mumbai,08:00,12:54,2,Economy,14.23,12,11299
Indigo,Delhi,Bangalore,23:00,01:52,1,Economy,11.84,10,10511
SpiceJet,Kolkata,Delhi,15:00,17:04,1,Business,13.22,15,19397
GO FIRST,Delhi,Chennai,04:00,07:49,0,Economy,11.33,29,7059
SpiceJet,Mumbai,Hyderabad,22:00,04:53,0,Economy,12.57,31,7068
SpiceJet,Kolkata,Delhi,04:00,08:16,1,Economy,8.2,28,9582
Vistara,Bangalore,Delhi,05:00,11:40,1,Economy,10.23,17,9894
SpiceJet,Chennai,Delhi,05:00,07:39,2,Economy,11.26,18,12900
Vistara,Bangalore,Delhi,03:00,06:05,0,Economy,14.22,21,7712
Vistara,Bangalore,Hyderabad,08:00,10:53,1,Economy,11.47,17,8885
AirAsia,Hyderabad,Mumbai,11:00,14:34,2,Economy,7.23,4,13218
SpiceJet,Kolkata,Hyderabad,17:00,19:04,2,Economy,7.23,27,8393
AirAsia,Kolkata,Mumbai,12:00,16:44,1,Business,14.23,28,22160
Vistara,Delhi,Chennai,05:00,08:36,0,Economy,6.3,11,9618
SpiceJet,Delhi,Kolkata,07:00,12:52,2,Business,7.66,28,20925
AirAsia,Delhi,Kolkata,01:00,07:48,1,Economy,7.95,42,6023
GO FIRST,Mumbai,Chennai,17:00,19:54,0,Economy,9.11,26,8262
SpiceJet,Kolkata,Mumbai,11:00,15:13,1,Economy,7.86,49,6891
GO FIRST,Hyderabad,Kolkata,17:00,20:21,1,Economy,7.89,11,10847
SpiceJet,Delhi,Hyderabad,13:00,19:12,2,Economy,8.74,21,11844
Vistara,Mumbai,Bangalore,16:00,19:03,0,Business,8.68,16,20060
AirAsia,Delhi,Hyderabad,14:00,20:54,2,Economy,9.12,23,11006
SpiceJet,Hyderabad,Bangalore,03:00,08:24,1,Economy,6.1,31,8112
GO FIRST,Hyderabad,Bangalore,09:00,13:37,0,Economy,8.95,13,8237
Air India,Kolkata,Hyderabad,11:00,13:38,0,Economy,8.31,17,9225
Indigo,Bangalore,Delhi,16:00,20:50,0,Economy,6.49,13,7421
AirAsia,Mumbai,Chennai,07:00,09:26,0,Economy,12.18,40,5299
Air India,Bangalore,Delhi,02:00,06:29,0,Business,8.81,47,18072
SpiceJet,Mumbai,Chennai,02:00,08:36,2,Economy,14.21,19,12433
Vistara,Kolkata,Delhi,05:00,07:20,0,Economy,5.91,19,6524
GO FIRST,Chennai,Kolkata,06:00,10:03,1,Economy,4.65,34,8047
AirAsia,Hyderabad,Delhi,13:00,15:58,1,Economy,9.19,15,10827
Indigo,Bangalore,Mumbai,14:00,18:06,1,Economy,3.08,44,4918
GO FIRST,Mumbai,Kolkata,15:00,20:41,1,Business,10.31,29,20022
AirAsia,Bangalore,Mumbai,13:00,15:59,0,Business,8.61,34,16699
AirAsia,Chennai,Bangalore,10:00,16:49,2,Economy,11.15,17,10403
Vistara,Bangalore,Kolkata,22:00,01:11,0,Economy,10.94,3,11727
GO FIRST,Delhi,Kolkata,12:00,15:57,1,Economy,11.46,21,11481
Air India,Hyderabad,Kolkata,20:00,00:57,2,Business,2.49,4,26537
Air India,Bangalore,Mumbai,16:00,22:10,2,Economy,10.4,15,12550
GO FIRST,Mumbai,Chennai,11:00,17:11,0,Economy,7.76,30,7497
SpiceJet,Hyderabad,Bangalore,03:00,05:19,0,Economy,11.79,35,5794
Vistara,Bangalore,Hyderabad,04:00,07:39,0,Business,10.22,42,16641
SpiceJet,Mumbai,Delhi,00:00,03:50,1,Economy,8.66,11,10413
AirAsia,Bangalore,Mumbai,01:00,07:02,0,Economy,3.18,19,6831
Vistara,Chennai,Mumbai,10:00,16:08,1,Business,9.92,17,17429
Vistara,Hyderabad,Chennai,20:00,02:54,1,Economy,4.14,45,6971
Vistara,Bangalore,Kolkata,16:00,19:56,1,Business,9.38,38,19577
Air India,Hyderabad,Bangalore,14:00,16:14,2,Economy,2.71,6,11575
GO FIRST,Hyderabad,Delhi,11:00,13:46,1,Economy,8.24,22,9891
Indigo,Delhi,Kolkata,03:00,07:46,2,Economy,10.82,24,12516
Vistara,Kolkata,Chennai,22:00,02:29,2,Economy,4.58,23,7725
Air India,Kolkata,Hyderabad,09:00,11:43,1,Economy,4.35,28,6520
AirAsia,Chennai,Hyderabad,21:00,23:13,1,Economy,2.62,17,7475
SpiceJet,Mumbai,Bangalore,19:00,23:08,1,Economy,13.19,46,8683
Indigo,Chennai,Delhi,05:00,09:18,2,Economy,7.78,25,9261
AirAsia,Chennai,Mumbai,16:00,21:12,0,Economy,14.49,3,10018
Vistara,Kolkata,Mumbai,23:00,04:33,2,Economy,11.66,47,8702
AirAsia,Bangalore,Hyderabad,23:00,05:27,0,Economy,13.48,16,10788
Indigo,Bangalore,Mumbai,09:00,12:42,0,Economy,2.06,7,7753
GO FIRST,Kolkata,Chennai,10:00,13:24,2,Economy,11.9,30,8518
Vistara,Kolkata,Chennai,01:00,07:15,2,Economy,4.76,10,12360
Air India,Mumbai,Bangalore,04:00,10:32,0,Economy,6.42,28,6699
Vistara,Chennai,Kolkata,19:00,22:51,1,Economy,13.71,16,11087
SpiceJet,Bangalore,Chennai,10:00,15:01,1,Business,4.25,30,22353
SpiceJet,Mumbai,Delhi,19:00,22:25,2,Economy,2.18,27,7165
Air India,Mumbai,Bangalore,18:00,23:44,1,Economy,5.14,45,7065
AirAsia,Kolkata,Delhi,21:00,03:34,2,Economy,3.84,23,10390
Vistara,Chennai,Mumbai,06:00,10:14,0,Economy,3.46,7,9326
Vistara,Delhi,Mumbai,06:00,12:54,1,Business,6.94,32,19294
Indigo,Bangalore,Kolkata,01:00,06:10,0,Business,12.65,23,20480
AirAsia,Bangalore,Chennai,06:00,12:57,2,Business,7.21,1,21956
AirAsia,Chennai,Kolkata,07:00,12:29,0,Economy,8.58,35,5296
Vistara,Hyderabad,Kolkata,07:00,11:41,1,Economy,8.9,9,10429
Air India,Hyderabad,Mumbai,00:00,03:59,1,Economy,12.07,3,12029
Air India,Hyderabad,Kolkata,17:00,23:27,2,Economy,13.16,5,13215
SpiceJet,Bangalore,Hyderabad,16:00,20:47,1,Economy,14.96,40,8377
Air India,Kolkata,Bangalore,15:00,18:34,2,Economy,4.4,36,6680
GO FIRST,Chennai,Delhi,22:00,00:25,0,Economy,6.55,33,7095
GO FIRST,Hyderabad,Chennai,17:00,20:50,2,Business,12.51,11,23241
Air India,Mumbai,Hyderabad,08:00,10:21,0,Business,5.49,11,17587
Vistara,Kolkata,Mumbai,20:00,23:07,1,Business,11.6,27,22862
AirAsia,Kolkata,Delhi,17:00,21:06,0,Economy,3.77,29,5115
GO FIRST,Delhi,Bangalore,21:00,23:44,2,Economy,13.74,33,8769
SpiceJet,Chennai,Hyderabad,17:00,19:03,1,Economy,7.86,13,10655
GO FIRST,Bangalore,Mumbai,00:00,05:01,2,Economy,9.79,1,12264
GO FIRST,Hyderabad,Chennai,17:00,19:02,2,Economy,7.46,36,10171
SpiceJet,Bangalore,Hyderabad,00:00,02:16,1,Economy,10.68,41,6072
Vistara,Bangalore,Mumbai,19:00,00:49,0,Business,13.63,11,19205
Air India,Mumbai,Bangalore,04:00,06:02,0,Economy,12.3,29,7316
AirAsia,Mumbai,Bangalore,05:00,11:14,1,Economy,5.51,41,5954
AirAsia,Delhi,Hyderabad,04:00,06:27,0,Business,13.72,17,22210
SpiceJet,Delhi,Hyderabad,23:00,05:43,1,Economy,2.84,49,4227
GO FIRST,Delhi,Chennai,21:00,03:15,0,Economy,4.06,44,4627
Vistara,Hyderabad,Kolkata,03:00,08:28,0,Economy,8.89,7,9865
AirAsia,Mumbai,Chennai,21:00,01:18,1,Economy,8.93,12,11283
Indigo,Chennai,Mumbai,01:00,06:58,1,Economy,3.19,45,5287
Vistara,Bangalore,Mumbai,07:00,09:17,1,Economy,5.05,25,9181
Indigo,Delhi,Mumbai,22:00,03:36,2,Economy,3.22,30,9174
AirAsia,Delhi,Kolkata,06:00,11:12,1,Economy,12.49,1,10290
GO FIRST,Bangalore,Mumbai,01:00,05:56,2,Economy,3.37,27,8165
GO FIRST,Kolkata,Chennai,12:00,18:29,1,Economy,11.9,1,10515
GO FIRST,Mumbai,Chennai,01:00,04:32,2,Economy,10.47,6,12099
Air India,Mumbai,Hyderabad,07:00,09:35,1,Economy,8.67,20,10197
GO FIRST,Hyderabad,Delhi,10:00,16:38,1,Economy,10.67,27,9036
Indigo,Chennai,Bangalore,04:00,06:39,0,Business,7.32,4,18211
Air India,Bangalore,Hyderabad,11:00,13:04,2,Economy,13.48,21,13343
AirAsia,Mumbai,Kolkata,02:00,04:13,0,Economy,11.74,38,7688
Vistara,Mumbai,Kolkata,22:00,04:37,0,Economy,14.45,25,9860
Air India,Hyderabad,Chennai,20:00,00:01,1,Economy,14.48,18,11705
SpiceJet,Delhi,Chennai,18:00,22:42,1,Business,4.94,12,24029
GO FIRST,Kolkata,Delhi,14:00,19:51,2,Economy,14.79,33,9275
Indigo,Chennai,Bangalore,22:00,00:12,2,Business,3.64,28,20567
AirAsia,Kolkata,Delhi,00:00,05:54,0,Economy,10.02,19,7978
GO FIRST,Mumbai,Kolkata,06:00,08:31,0,Business,7.62,2,19000
Vistara,Bangalore,Delhi,13:00,16:42,2,Economy,4.34,27,7498
SpiceJet,Chennai,Mumbai,03:00,07:05,0,Economy,13.57,8,8433
Air India,Bangalore,Chennai,23:00,05:05,2,Economy,13.07,36,8693
AirAsia,Delhi,Mumbai,18:00,23:33,0,Economy,3.99,6,9002
SpiceJet,Kolkata,Chennai,14:00,16:16,2,Economy,11.27,22,12473
GO FIRST,Chennai,Delhi,18:00,22:31,2,Business,13.79,30,20202
Vistara,Hyderabad,Bangalore,13:00,18:22,1,Economy,7.81,30,8603
AirAsia,Chennai,Hyderabad,14:00,17:09,0,Economy,11.95,36,7905
Indigo,Mumbai,Kolkata,22:00,03:15,1,Economy,6.64,42,6601
AirAsia,Hyderabad,Kolkata,14:00,20:05,2,Economy,10.57,48,8787
GO FIRST,Chennai,Delhi,02:00,08:22,1,Economy,2.12,47,5611
GO FIRST,Kolkata,Bangalore,22:00,00:08,0,Economy,13.43,45,5181
Vistara,Kolkata,Mumbai,04:00,06:34,1,Economy,9.52,22,10252
AirAsia,Bangalore,Delhi,22:00,04:11,0,Economy,12.29,33,6660
Vistara,Delhi,Mumbai,03:00,09:49,2,Economy,9.77,26,8766
Air India,Chennai,Hyderabad,13:00,17:51,1,Economy,8.23,39,8188
SpiceJet,Hyderabad,Delhi,01:00,06:00,0,Economy,7.12,3,7441
Indigo,Delhi,Kolkata,19:00,00:35,1,Economy,2.06,23,6437
GO FIRST,Bangalore,Hyderabad,18:00,00:25,2,Economy,4.62,26,8632
Indigo,Delhi,Hyderabad,09:00,11:21,2,Economy,10.18,25,10063
Vistara,Bangalore,Kolkata,22:00,04:49,0,Economy,14.74,35,6125
Vistara,Hyderabad,Bangalore,23:00,05:21,2,Business,4.68,45,17631
Indigo,Chennai,Kolkata,00:00,02:17,1,Economy,3.1,42,5032
SpiceJet,Delhi,Chennai,17:00,22:23,2,Business,4.86,35,16973
Air India,Hyderabad,Delhi,19:00,01:10,0,Economy,10.16,19,9745
Vistara,Bangalore,Hyderabad,20:00,22:38,1,Economy,2.72,28,8518
Vistara,Kolkata,Chennai,00:00,05:12,0,Economy,11.18,45,5763
Air India,Hyderabad,Mumbai,10:00,13:31,1,Economy,11.69,12,10356
AirAsia,Chennai,Mumbai,07:00,10:19,1,Economy,12.42,21,9612
SpiceJet,Kolkata,Bangalore,08:00,12:04,2,Economy,5.45,36,8871
GO FIRST,Delhi,Bangalore,22:00,04:07,2,Economy,14.63,23,12666
Vistara,Kolkata,Mumbai,03:00,05:49,2,Economy,3.38,24,10368
GO FIRST,Bangalore,Kolkata,10:00,13:10,1,Economy,12.08,24,9254
Air India,Mumbai,Delhi,19:00,23:11,1,Economy,6.15,25,9389
Indigo,Kolkata,Delhi,23:00,05:51,0,Business,13.96,44,15596
GO FIRST,Kolkata,Bangalore,09:00,12:48,2,Economy,5.53,38,8474
AirAsia,Hyderabad,Chennai,13:00,15:25,0,Business,13.25,22,23874
Vistara,Bangalore,Delhi,13:00,16:28,2,Business,13.22,30,24921
GO FIRST,Mumbai,Delhi,15:00,20:25,2,Economy,4.64,13,12139
Indigo,Hyderabad,Chennai,17:00,21:42,1,Economy,9.68,5,9186
GO FIRST,Chennai,Bangalore,05:00,11:45,2,Economy,13.63,49,8786
Air India,Delhi,Bangalore,08:00,11:47,1,Economy,2.98,23,7554
AirAsia,Bangalore,Kolkata,08:00,12:25,2,Economy,7.78,8,11447
Indigo,Bangalore,Hyderabad,22:00,01:25,2,Economy,4.87,22,8614
Air India,Kolkata,Chennai,00:00,06:23,1,Economy,14.04,33,8297
Indigo,Mumbai,Hyderabad,19:00,01:06,2,Economy,4.24,4,13473
Indigo,Chennai,Mumbai,02:00,08:00,2,Economy,8.41,28,8354
AirAsia,Hyderabad,Bangalore,23:00,05:32,0,Business,14.45,19,22530
Air India,Delhi,Mumbai,18:00,21:22,2,Economy,4.18,22,10412
SpiceJet,Bangalore,Delhi,17:00,20:48,2,Economy,9.34,37,8431
AirAsia,Kolkata,Chennai,07:00,09:41,0,Economy,12.65,35,5679
Vistara,Hyderabad,Chennai,17:00,22:29,2,Economy,11.59,15,10523
Vistara,Bangalore,Chennai,00:00,05:43,2,Economy,5.47,29,7479
SpiceJet,Chennai,Delhi,11:00,13:55,1,Economy,2.73,38,6283
Air India,Bangalore,Mumbai,06:00,08:09,2,Economy,11.61,22,12986
SpiceJet,Hyderabad,Mumbai,01:00,04:54,2,Economy,13.0,27,9429
Vistara,Mumbai,Delhi,19:00,21:48,1,Economy,3.76,19,7497
Indigo,Hyderabad,Delhi,22:00,03:51,0,Economy,10.87,38,5265
Indigo,Kolkata,Hyderabad,04:00,09:12,1,Economy,4.79,29,6155
Indigo,Bangalore,Delhi,01:00,05:38,0,Economy,13.63,19,7619
Indigo,Chennai,Delhi,11:00,14:00,2,Economy,6.27,34,9516
AirAsia,Delhi,Mumbai,16:00,22:35,2,Business,2.45,22,24697
GO FIRST,Delhi,Mumbai,11:00,15:42,1,Economy,2.41,47,4897
SpiceJet,Mumbai,Delhi,19:00,00:21,0,Economy,9.59,24,6056
GO FIRST,Kolkata,Bangalore,02:00,08:26,1,Economy,3.54,48,6327
AirAsia,Chennai,Bangalore,05:00,11:15,2,Business,7.65,29,25550
Vistara,Bangalore,Kolkata,02:00,05:44,1,Economy,5.43,11,10037
SpiceJet,Kolkata,Bangalore,10:00,14:55,0,Economy,8.72,21,8200
Air India,Hyderabad,Mumbai,20:00,23:42,2,Business,9.83,10,25425
Indigo,Chennai,Kolkata,02:00,07:52,0,Economy,12.15,42,5922
Indigo,Mumbai,Delhi,14:00,18:10,2,Economy,13.01,33,9465
SpiceJet,Chennai,Delhi,14:00,18:50,2,Business,11.23,48,19350
SpiceJet,Bangalore,Hyderabad,10:00,14:41,0,Economy,12.19,39,6308
Vistara,Bangalore,Mumbai,02:00,05:24,1,Economy,5.32,31,8160
Vistara,Chennai,Mumbai,04:00,09:35,0,Business,14.38,4,24737
Vistara,Bangalore,Chennai,18:00,20:13,1,Economy,11.33,9,11558
Vistara,Hyderabad,Chennai,00:00,02:33,2,Economy,5.39,10,9236
Air India,Kolkata,Bangalore,21:00,02:55,1,Business,7.42,21,17512
GO FIRST,Bangalore,Mumbai,22:00,01:24,1,Economy,15.0,16,11865
AirAsia,Kolkata,Delhi,16:00,19:37,0,Economy,9.33,43,4815
SpiceJet,Kolkata,Hyderabad,04:00,06:33,2,Economy,3.16,9,9838
Vistara,Mumbai,Delhi,11:00,14:22,2,Economy,8.96,19,12242
AirAsia,Mumbai,Chennai,08:00,12:26,0,Economy,9.68,6,9142
GO FIRST,Kolkata,Bangalore,08:00,14:18,1,Economy,5.75,43,7617
Air India,Mumbai,Chennai,08:00,10:35,2,Economy,3.32,13,8573
Vistara,Bangalore,Hyderabad,08:00,14:43,1,Economy,11.95,42,6817
AirAsia,Delhi,Bangalore,15:00,21:43,1,Economy,13.2,17,10889
Vistara,Hyderabad,Delhi,01:00,05:31,1,Economy,13.72,7,11551
Air India,Bangalore,Kolkata,04:00,10:55,2,Economy,2.37,1,12758
Indigo,Delhi,Mumbai,13:00,19:04,1,Economy,7.73,29,9402
AirAsia,Hyderabad,Kolkata,10:00,12:01,1,Economy,14.43,5,12257
Air India,Chennai,Kolkata,05:00,11:26,0,Economy,10.18,35,7236
Vistara,Bangalore,Delhi,10:00,13:46,2,Economy,11.44,4,15372
Air India,Hyderabad,Bangalore,09:00,13:31,0,Business,13.26,11,21294
Indigo,Kolkata,Hyderabad,17:00,19:51,1,Economy,13.76,33,8039
SpiceJet,Chennai,Bangalore,08:00,10:03,0,Economy,9.57,7,9874
Vistara,Chennai,Delhi,12:00,14:08,1,Economy,14.36,31,9294
GO FIRST,Delhi,Mumbai,01:00,04:04,2,Economy,6.57,26,8707
AirAsia,Mumbai,Chennai,03:00,05:07,1,Economy,2.0,26,7298
SpiceJet,Hyderabad,Mumbai,09:00,12:20,1,Economy,11.21,33,9852
Air India,Chennai,Bangalore,21:00,02:17,0,Business,7.05,44,15272
AirAsia,Chennai,Hyderabad,05:00,10:12,1,Economy,12.1,41,7468
Air India,Bangalore,Hyderabad,08:00,12:33,2,Economy,10.37,19,10128
SpiceJet,Chennai,Delhi,21:00,01:50,2,Economy,3.06,22,8614
Vistara,Chennai,Kolkata,05:00,11:36,2,Economy,6.39,9,11555
AirAsia,Bangalore,Mumbai,05:00,08:39,2,Economy,11.36,23,10771
GO FIRST,Hyderabad,Chennai,21:00,02:33,1,Economy,3.73,15,8178
GO FIRST,Delhi,Mumbai,13:00,16:42,0,Economy,9.56,33,7860
Indigo,Hyderabad,Delhi,06:00,12:33,2,Economy,10.88,9,13810
AirAsia,Chennai,Bangalore,14:00,18:43,2,Economy,14.83,7,13173
SpiceJet,Delhi,Hyderabad,11:00,13:30,0,Economy,7.25,23,7976
Vistara,Mumbai,Bangalore,20:00,22:41,0,Economy,9.38,49,4410
GO FIRST,Mumbai,Kolkata,19:00,01:56,1,Business,5.81,9,21802
Air India,Delhi,Mumbai,18:00,20:27,1,Economy,14.49,44,6722
Vistara,Chennai,Mumbai,20:00,22:46,0,Economy,10.19,1,10982
GO FIRST,Kolkata,Bangalore,03:00,08:39,0,Economy,2.9,48,4064
SpiceJet,Bangalore,Hyderabad,14:00,18:46,2,Business,11.61,4,28340
Air India,Mumbai,Bangalore,20:00,23:57,0,Business,5.58,17,21713
SpiceJet,Mumbai,Hyderabad,10:00,13:21,0,Economy,8.76,16,9400
Air India,Hyderabad,Delhi,09:00,13:10,2,Economy,3.38,3,9424
GO FIRST,Delhi,Kolkata,16:00,22:56,1,Economy,5.47,16,8094
Air India,Mumbai,Delhi,02:00,08:39,1,Economy,7.22,48,7067
SpiceJet,Chennai,Delhi,01:00,07:58,1,Business,6.91,29,16953
Air India,Mumbai,Bangalore,12:00,14:38,0,Business,4.55,33,14826
Air India,Hyderabad,Mumbai,21:00,03:54,0,Economy,4.21,28,5618
Air India,Kolkata,Bangalore,14:00,18:45,0,Business,11.28,47,19179
AirAsia,Chennai,Hyderabad,03:00,05:11,0,Economy,9.84,2,10289
Indigo,Chennai,Delhi,07:00,11:23,0,Economy,3.45,22,5316
Indigo,Kolkata,Delhi,12:00,16:38,0,Economy,11.34,11,10780
Vistara,Bangalore,Kolkata,20:00,00:34,2,Economy,3.02,36,7813
Indigo,Kolkata,Chennai,04:00,07:51,2,Business,13.21,37,21390
SpiceJet,Chennai,Delhi,17:00,23:46,0,Economy,2.65,24,5638
GO FIRST,Chennai,Bangalore,17:00,21:14,1,Economy,12.87,18,9845
AirAsia,Mumbai,Chennai,05:00,08:12,2,Economy,10.28,20,12093
SpiceJet,Bangalore,Delhi,17:00,23:16,2,Business,14.34,20,24393
Indigo,Chennai,Delhi,01:00,05:55,2,Economy,11.75,5,10713
Vistara,Chennai,Kolkata,05:00,11:15,1,Economy,11.97,4,12079
Vistara,Bangalore,Mumbai,05:00,10:05,0,Business,10.71,5,21445
Air India,Delhi,Mumbai,21:00,01:47,2,Business,12.12,46,20307
AirAsia,Hyderabad,Chennai,03:00,09:53,0,Economy,5.17,48,3628
Vistara,Chennai,Kolkata,14:00,19:19,1,Economy,2.58,49,4124
Indigo,Kolkata,Delhi,17:00,19:47,1,Economy,5.88,9,9556
Air India,Kolkata,Delhi,10:00,12:28,2,Business,13.13,36,26171
Vistara,Delhi,Hyderabad,14:00,16:31,0,Economy,10.9,14,9073
SpiceJet,Chennai,Kolkata,16:00,18:32,1,Economy,9.29,29,7018
Indigo,Kolkata,Delhi,02:00,08:22,0,Economy,12.38,38,5949
Indigo,Hyderabad,Delhi,20:00,22:01,1,Economy,3.47,13,7578
AirAsia,Hyderabad,Chennai,19:00,00:10,0,Business,9.63,2,25409
AirAsia,Bangalore,Delhi,15:00,19:16,0,Economy,8.52,47,5620
Air India,Mumbai,Bangalore,04:00,08:32,0,Economy,13.01,41,5505
Vistara,Delhi,Hyderabad,05:00,09:02,0,Economy,5.23,41,4464
Indigo,Mumbai,Kolkata,08:00,13:37,0,Business,4.23,8,23064
AirAsia,Bangalore,Kolkata,16:00,20:17,1,Economy,3.98,20,6655
SpiceJet,Mumbai,Chennai,20:00,01:35,0,Economy,12.83,8,10654
Vistara,Kolkata,Hyderabad,16:00,21:14,1,Economy,6.72,45,6235
GO FIRST,Mumbai,Hyderabad,15:00,19:36,2,Economy,10.42,42,7906
AirAsia,Mumbai,Kolkata,14:00,18:39,2,Economy,7.96,29,8420
SpiceJet,Delhi,Kolkata,22:00,02:51,2,Economy,9.81,30,10718
SpiceJet,Kolkata,Mumbai,19:00,22:39,0,Economy,11.18,21,6695
Indigo,Delhi,Chennai,09:00,13:53,2,Economy,5.81,41,8099
Vistara,Bangalore,Kolkata,13:00,17:18,1,Business,2.44,47,14424
GO FIRST,Chennai,Delhi,13:00,17:39,0,Economy,5.43,7,7737
Indigo,Mumbai,Delhi,09:00,11:55,2,Economy,11.73,38,11300
Indigo,Mumbai,Chennai,05:00,11:39,0,Economy,3.56,4,9295
GO FIRST,Chennai,Kolkata,04:00,09:45,2,Economy,9.93,43,8112
Vistara,Hyderabad,Bangalore,08:00,11:49,2,Business,13.0,21,22465
GO FIRST,Mumbai,Delhi,04:00,09:50,2,Economy,11.54,18,12789
Indigo,Kolkata,Mumbai,04:00,08:23,1,Economy,10.5,15,8945
SpiceJet,Bangalore,Mumbai,21:00,03:03,1,Business,2.26,19,17776
Air India,Kolkata,Mumbai,12:00,17:38,1,Business,14.49,9,24363
AirAsia,Hyderabad,Delhi,05:00,11:47,1,Economy,10.95,42,7863
GO FIRST,Hyderabad,Delhi,14:00,19:19,2,Business,2.3,20,21850
AirAsia,Chennai,Mumbai,04:00,09:17,1,Economy,5.5,47,6891
SpiceJet,Chennai,Mumbai,00:00,06:36,1,Business,3.57,7,19499
GO FIRST,Hyderabad,Mumbai,14:00,16:43,1,Economy,9.62,35,8951
Indigo,Hyderabad,Delhi,23:00,03:30,0,Economy,3.15,41,5396
GO FIRST,Hyderabad,Kolkata,11:00,16:32,2,Economy,7.85,45,9146
Air India,Chennai,Delhi,02:00,05:51,2,Economy,11.08,36,9096
AirAsia,Delhi,Kolkata,00:00,04:16,2,Economy,14.11,46,9000
Vistara,Delhi,Chennai,01:00,07:46,2,Economy,8.57,40,9566
GO FIRST,Delhi,Chennai,05:00,08:16,2,Economy,10.02,30,9318
Indigo,Bangalore,Chennai,12:00,14:28,2,Economy,10.16,20,12008
Indigo,Hyderabad,Bangalore,19:00,21:19,1,Economy,5.54,16,7548
SpiceJet,Chennai,Delhi,02:00,04:23,1,Business,7.6,18,24186
Vistara,Hyderabad,Delhi,15:00,18:38,2,Economy,9.11,42,6927
Vistara,Mumbai,Delhi,23:00,03:57,2,Business,2.89,43,20961
GO FIRST,Kolkata,Mumbai,01:00,05:18,2,Economy,3.4,39,6809
GO FIRST,Bangalore,Hyderabad,08:00,11:17,1,Economy,5.43,46,5438
Air India,Kolkata,Hyderabad,04:00,08:03,1,Economy,2.98,33,7921
AirAsia,Hyderabad,Bangalore,05:00,07:06,1,Economy,6.21,25,8566
Air India,Kolkata,Hyderabad,22:00,03:39,1,Economy,14.32,26,10888
Indigo,Bangalore,Chennai,09:00,11:50,2,Business,12.95,38,25652
Vistara,Bangalore,Hyderabad,10:00,12:37,0,Economy,7.16,1,8042
Vistara,Bangalore,Mumbai,09:00,12:41,2,Economy,4.24,29,9941
GO FIRST,Delhi,Hyderabad,04:00,06:21,1,Economy,13.88,7,12527
SpiceJet,Chennai,Kolkata,04:00,09:47,0,Business,2.59,45,16454
AirAsia,Kolkata,Mumbai,09:00,14:29,1,Economy,10.92,24,8045
Indigo,Chennai,Delhi,13:00,16:08,1,Business,11.49,27,23172
Indigo,Mumbai,Delhi,16:00,21:36,1,Economy,12.7,23,11639
SpiceJet,Chennai,Hyderabad,11:00,17:39,2,Economy,14.24,36,11118
GO FIRST,Mumbai,Kolkata,23:00,02:15,0,Business,10.67,5,22447
AirAsia,Delhi,Mumbai,07:00,09:45,0,Economy,8.01,1,7846
GO FIRST,Kolkata,Delhi,14:00,16:19,2,Business,9.54,31,25140
Air India,Bangalore,Kolkata,05:00,09:11,0,Economy,7.97,22,7808
GO FIRST,Mumbai,Kolkata,17:00,22:52,0,Economy,8.04,16,7403
Air India,Kolkata,Chennai,18:00,22:26,0,Economy,11.52,27,6585
AirAsia,Delhi,Chennai,11:00,13:02,2,Economy,3.38,8,12533
Vistara,Mumbai,Delhi,08:00,10:54,1,Business,9.39,41,17978
Vistara,Chennai,Delhi,15:00,18:20,1,Economy,5.99,14,10877
Indigo,Delhi,Bangalore,01:00,06:52,0,Economy,3.54,34,5863
Air India,Bangalore,Mumbai,16:00,21:40,2,Economy,14.13,25,10314
Vistara,Kolkata,Bangalore,23:00,05:48,1,Economy,4.89,33,8595
SpiceJet,Hyderabad,Chennai,11:00,14:06,1,Economy,10.78,47,8210
AirAsia,Delhi,Bangalore,12:00,16:54,0,Economy,11.57,2,11534
Vistara,Kolkata,Hyderabad,12:00,17:55,1,Economy,6.23,12,7840
SpiceJet,Chennai,Delhi,09:00,11:25,1,Economy,11.27,1,11726
Vistara,Hyderabad,Chennai,13:00,15:24,0,Economy,12.1,33,6383
Air India,Delhi,Kolkata,04:00,06:26,2,Economy,13.02,47,7768
Vistara,Kolkata,Hyderabad,05:00,11:48,2,Economy,6.3,31,8645
Indigo,Hyderabad,Mumbai,20:00,02:58,2,Economy,5.06,25,9968
Vistara,Mumbai,Delhi,20:00,00:19,0,Economy,3.38,13,6429
Indigo,Chennai,Delhi,21:00,02:34,0,Business,11.0,33,19830
SpiceJet,Kolkata,Hyderabad,03:00,07:55,1,Business,11.05,35,20950
GO FIRST,Mumbai,Hyderabad,13:00,18:27,2,Economy,8.4,2,12505
Vistara,Mumbai,Chennai,10:00,16:36,0,Business,12.03,26,21962
AirAsia,Chennai,Hyderabad,00:00,06:47,1,Economy,2.86,46,4421
GO FIRST,Kolkata,Delhi,06:00,08:38,1,Business,5.48,33,18475
Air India,Hyderabad,Delhi,05:00,10:11,2,Economy,13.4,19,13752
Air India,Hyderabad,Kolkata,17:00,22:03,2,Economy,13.89,38,11772
AirAsia,Bangalore,Hyderabad,02:00,08:25,1,Business,12.79,23,22214
Indigo,Mumbai,Kolkata,21:00,01:01,2,Business,8.95,3,20853
AirAsia,Delhi,Bangalore,17:00,20:14,1,Economy,14.0,25,8384
GO FIRST,Delhi,Kolkata,20:00,23:05,0,Economy,12.14,47,4717
SpiceJet,Bangalore,Mumbai,17:00,21:52,2,Business,12.4,8,21930
Air India,Mumbai,Delhi,06:00,09:23,0,Economy,14.36,40,7190
SpiceJet,Bangalore,Chennai,12:00,16:21,2,Economy,5.93,21,10288
Vistara,Hyderabad,Chennai,03:00,08:13,1,Economy,11.2,2,10359
Vistara,Hyderabad,Chennai,16:00,19:59,0,Economy,3.25,1,7263
GO FIRST,Bangalore,Delhi,08:00,14:44,1,Economy,6.37,46,5686
Vistara,Mumbai,Chennai,22:00,01:52,1,Business,6.86,48,18062
Vistara,Mumbai,Hyderabad,20:00,23:19,2,Economy,6.77,8,11868
GO FIRST,Bangalore,Delhi,05:00,10:35,1,Economy,12.3,45,8669
Air India,Kolkata,Mumbai,01:00,06:39,1,Business,3.88,13,17257
Air India,Chennai,Delhi,20:00,02:45,0,Economy,10.51,26,6150
Indigo,Mumbai,Kolkata,18:00,23:46,1,Economy,15.0,17,11040
AirAsia,Kolkata,Bangalore,03:00,05:28,0,Economy,14.31,30,8374
GO FIRST,Hyderabad,Delhi,05:00,08:57,0,Economy,11.7,37,5348
SpiceJet,Delhi,Kolkata,03:00,05:33,2,Economy,14.65,2,13750
GO FIRST,Bangalore,Kolkata,11:00,15:08,1,Economy,7.71,42,6278
SpiceJet,Delhi,Hyderabad,02:00,08:24,2,Economy,9.11,19,9461
Air India,Hyderabad,Delhi,14:00,17:41,0,Economy,7.67,23,8462
GO FIRST,Hyderabad,Chennai,10:00,14:30,2,Business,14.86,47,20818
Indigo,Chennai,Mumbai,13:00,16:49,2,Economy,13.28,8,15132
Indigo,Mumbai,Hyderabad,19:00,01:13,2,Economy,11.99,24,10687
Indigo,Delhi,Bangalore,11:00,17:30,1,Economy,9.83,4,9094
GO FIRST,Bangalore,Delhi,03:00,09:25,1,Economy,9.46,1,12530
Vistara,Hyderabad,Bangalore,11:00,14:56,1,Business,7.04,30,17322
Vistara,Mumbai,Bangalore,00:00,03:05,0,Economy,14.08,21,9617
AirAsia,Chennai,Hyderabad,11:00,13:36,2,Economy,10.58,23,12046
AirAsia,Chennai,Delhi,11:00,16:20,1,Business,12.23,44,17901
AirAsia,Bangalore,Mumbai,10:00,14:33,0,Economy,9.75,46,5851
Vistara,Bangalore,Hyderabad,09:00,11:05,0,Economy,3.41,42,4520
AirAsia,Bangalore,Delhi,05:00,07:16,1,Business,13.26,14,22292
Air India,Hyderabad,Bangalore,09:00,15:05,0,Business,10.79,40,20016
Vistara,Kolkata,Bangalore,00:00,05:57,1,Economy,4.9,47,6232
AirAsia,Kolkata,Mumbai,00:00,05:46,0,Economy,10.98,26,8880
AirAsia,Kolkata,Hyderabad,13:00,15:19,2,Economy,9.17,41,10436
AirAsia,Bangalore,Delhi,07:00,12:09,2,Economy,14.1,42,7818
Air India,Delhi,Bangalore,14:00,17:51,2,Business,4.02,1,27641
Air India,Chennai,Bangalore,20:00,23:42,1,Economy,11.87,48,5667
GO FIRST,Kolkata,Chennai,14:00,17:03,0,Economy,10.35,11,9043
Indigo,Chennai,Delhi,10:00,13:14,0,Economy,14.89,12,11691
Vistara,Chennai,Mumbai,10:00,12:34,1,Economy,10.53,17,8270
Vistara,Delhi,Kolkata,10:00,16:53,2,Business,12.99,25,23272
SpiceJet,Mumbai,Delhi,16:00,19:21,1,Economy,14.07,29,7743
Indigo,Delhi,Kolkata,15:00,21:19,2,Business,10.88,37,22573
AirAsia,Bangalore,Hyderabad,16:00,22:41,2,Business,9.54,3,23387
SpiceJet,Bangalore,Mumbai,17:00,19:16,0,Economy,8.85,1,8662
SpiceJet,Kolkata,Bangalore,09:00,12:57,0,Economy,14.61,46,7101
AirAsia,Hyderabad,Delhi,21:00,23:26,1,Economy,4.41,35,7996
Air India,Mumbai,Delhi,03:00,06:55,2,Economy,9.77,7,11486
Air India,Chennai,Bangalore,00:00,04:31,0,Economy,9.12,17,8339
Vistara,Hyderabad,Mumbai,08:00,11:12,0,Economy,6.97,37,6123
Air India,Hyderabad,Bangalore,08:00,14:54,1,Business,9.46,33,16991
AirAsia,Bangalore,Hyderabad,07:00,11:40,2,Business,10.28,46,17957
GO FIRST,Hyderabad,Chennai,19:00,23:18,2,Economy,9.48,2,13977
Indigo,Mumbai,Bangalore,23:00,04:08,2,Economy,4.91,15,11023
SpiceJet,Delhi,Mumbai,15:00,20:55,1,Economy,12.92,7,9230
Vistara,Kolkata,Mumbai,03:00,09:41,2,Economy,9.34,48,8626
Air India,Bangalore,Hyderabad,22:00,02:33,2,Economy,3.02,26,10219
Vistara,Bangalore,Chennai,01:00,05:51,2,Economy,9.24,1,13717
SpiceJet,Hyderabad,Kolkata,13:00,15:20,1,Economy,11.55,43,8094
Air India,Delhi,Chennai,03:00,06:42,0,Economy,11.28,7,8889
Air India,Bangalore,Delhi,19:00,01:21,1,Economy,11.65,40,6625
Vistara,Kolkata,Hyderabad,14:00,19:40,0,Business,2.61,49,15189
SpiceJet,Chennai,Bangalore,01:00,05:34,1,Economy,11.58,46,8020
Air India,Chennai,Mumbai,14:00,20:29,2,Business,4.69,37,17927
SpiceJet,Bangalore,Mumbai,13:00,19:08,0,Business,9.95,40,15498
Indigo,Mumbai,Kolkata,15:00,21:35,1,Economy,12.76,45,6690
Indigo,Chennai,Kolkata,00:00,04:03,0,Business,5.86,40,16021
SpiceJet,Kolkata,Mumbai,18:00,00:19,1,Economy,11.36,2,11971
Indigo,Delhi,Kolkata,09:00,11:14,1,Economy,10.89,13,12207
Indigo,Kolkata,Mumbai,00:00,06:53,2,Economy,8.09,25,8547
Vistara,Mumbai,Hyderabad,06:00,09:44,0,Economy,12.04,7,9937
SpiceJet,Mumbai,Chennai,12:00,18:30,2,Economy,5.37,32,8923
AirAsia,Bangalore,Delhi,15:00,18:21,0,Economy,2.1,2,8241
Air India,Mumbai,Chennai,00:00,05:59,2,Economy,4.31,14,8987
Air India,Hyderabad,Delhi,08:00,14:54,2,Economy,6.88,14,12522
Vistara,Bangalore,Mumbai,20:00,00:33,0,Economy,3.04,10,7091
Indigo,Mumbai,Kolkata,01:00,07:35,2,Economy,3.4,38,8786
Air India,Kolkata,Bangalore,22:00,03:22,1,Economy,13.49,3,13380
AirAsia,Delhi,Chennai,17:00,20:21,2,Economy,10.41,25,10084
SpiceJet,Chennai,Kolkata,14:00,19:26,2,Economy,8.5,5,11478
Indigo,Bangalore,Mumbai,08:00,10:40,2,Economy,10.4,7,14000
SpiceJet,Kolkata,Delhi,13:00,18:28,1,Business,12.45,6,24964
Vistara,Hyderabad,Chennai,18:00,00:51,1,Economy,4.8,26,7137
Vistara,Mumbai,Hyderabad,17:00,19:09,0,Economy,12.68,35,7362
Air India,Delhi,Hyderabad,14:00,16:03,0,Economy,9.51,1,9795
GO FIRST,Mumbai,Hyderabad,02:00,07:42,2,Economy,6.05,28,7837
Vistara,Mumbai,Kolkata,11:00,14:53,0,Economy,11.35,13,10071
AirAsia,Hyderabad,Mumbai,08:00,13:59,2,Economy,3.48,14,12115
Indigo,Hyderabad,Mumbai,17:00,21:13,1,Business,10.06,40,19609
Vistara,Bangalore,Hyderabad,22:00,01:20,1,Economy,6.03,24,7439
GO FIRST,Kolkata,Delhi,02:00,08:03,2,Economy,8.97,3,10572
Indigo,Mumbai,Delhi,10:00,13:31,1,Economy,2.57,32,7837
Air India,Delhi,Hyderabad,11:00,13:35,1,Economy,14.55,7,9983
AirAsia,Chennai,Mumbai,12:00,16:12,2,Economy,13.31,45,7974
Indigo,Delhi,Chennai,13:00,17:19,1,Economy,14.59,23,11980
Vistara,Mumbai,Hyderabad,23:00,05:29,2,Economy,3.96,19,11516
Vistara,Bangalore,Delhi,01:00,06:01,0,Economy,13.5,37,7561
Indigo,Mumbai,Bangalore,02:00,05:54,0,Economy,3.63,24,5915
SpiceJet,Delhi,Kolkata,13:00,15:11,0,Business,4.58,43,13434
Indigo,Bangalore,Hyderabad,22:00,04:01,2,Economy,14.59,21,10114
AirAsia,Kolkata,Mumbai,21:00,02:05,1,Economy,13.43,33,7319
Air India,Delhi,Hyderabad,08:00,14:22,1,Economy,6.87,34,6424
GO FIRST,Kolkata,Hyderabad,14:00,17:46,0,Economy,13.43,45,6191
Indigo,Kolkata,Bangalore,02:00,08:22,1,Business,11.9,15,25418
Air India,Hyderabad,Kolkata,14:00,18:48,2,Economy,13.25,27,11008
Air India,Hyderabad,Bangalore,17:00,20:12,0,Economy,5.56,18,8573
SpiceJet,Bangalore,Chennai,20:00,23:58,0,Economy,8.56,49,5628
Vistara,Mumbai,Kolkata,06:00,08:32,2,Economy,11.66,27,12135
SpiceJet,Kolkata,Mumbai,22:00,01:04,1,Economy,7.06,42,5453
Vistara,Hyderabad,Mumbai,02:00,07:21,1,Business,3.61,31,18315
Air India,Chennai,Mumbai,14:00,18:12,1,Economy,11.03,3,9201
Vistara,Delhi,Chennai,16:00,18:03,0,Economy,6.21,18,8203
GO FIRST,Chennai,Delhi,15:00,17:07,2,Economy,5.39,25,9204
AirAsia,Mumbai,Hyderabad,18:00,22:17,1,Economy,4.12,15,8319
SpiceJet,Bangalore,Chennai,05:00,07:47,1,Business,6.26,18,16792
AirAsia,Delhi,Chennai,14:00,20:16,2,Economy,4.3,14,10018
SpiceJet,Bangalore,Hyderabad,21:00,02:49,0,Business,9.46,1,19265
Vistara,Delhi,Bangalore,23:00,02:09,2,Economy,4.61,24,9902
SpiceJet,Hyderabad,Delhi,04:00,06:07,0,Business,14.54,1,18621
GO FIRST,Kolkata,Delhi,18:00,23:02,2,Economy,5.26,11,8849
GO FIRST,Kolkata,Bangalore,02:00,05:26,0,Economy,3.67,49,3948
Air India,Kolkata,Hyderabad,16:00,21:00,2,Economy,2.95,22,7610
Indigo,Kolkata,Hyderabad,09:00,11:38,1,Economy,4.9,47,6139
AirAsia,Kolkata,Delhi,09:00,13:02,1,Economy,8.88,23,8761
Vistara,Hyderabad,Delhi,02:00,07:34,1,Economy,2.08,25,7010
Indigo,Bangalore,Mumbai,08:00,11:14,1,Economy,4.67,21,8866
AirAsia,Hyderabad,Bangalore,06:00,12:47,1,Economy,5.28,28,8768
Air India,Chennai,Mumbai,11:00,13:14,0,Business,13.35,20,17759
AirAsia,Mumbai,Delhi,21:00,23:50,1,Economy,10.57,48,6875
SpiceJet,Chennai,Mumbai,01:00,03:07,0,Economy,11.26,13,9321
Vistara,Delhi,Hyderabad,22:00,02:26,1,Economy,2.87,39,6524
GO FIRST,Delhi,Mumbai,18:00,23:43,0,Economy,2.35,24,6547
SpiceJet,Mumbai,Chennai,08:00,13:51,2,Economy,2.79,10,9092
SpiceJet,Kolkata,Mumbai,11:00,16:09,2,Economy,4.77,33,7792
Indigo,Chennai,Mumbai,15:00,19:01,2,Economy,7.19,3,13685
GO FIRST,Kolkata,Mumbai,16:00,18:02,1,Business,6.6,33,16657
Indigo,Hyderabad,Mumbai,20:00,23:50,2,Economy,9.79,6,13447
AirAsia,Mumbai,Delhi,22:00,02:45,0,Economy,10.76,43,6840
Vistara,Delhi,Bangalore,23:00,03:43,2,Economy,12.94,5,15225
Vistara,Chennai,Delhi,13:00,18:24,0,Economy,11.96,6,10952
GO FIRST,Kolkata,Hyderabad,04:00,06:29,1,Economy,10.73,19,10432
Vistara,Delhi,Bangalore,22:00,00:45,1,Economy,12.31,28,10655
Air India,Mumbai,Chennai,00:00,03:20,1,Economy,3.29,31,8337
Vistara,Bangalore,Hyderabad,19:00,22:43,0,Economy,12.45,16,9575
Vistara,Hyderabad,Delhi,04:00,06:26,0,Economy,4.36,7,8815
Air India,Chennai,Bangalore,21:00,02:03,0,Economy,11.47,40,6112
GO FIRST,Hyderabad,Kolkata,00:00,02:17,2,Economy,2.08,24,7816
AirAsia,Delhi,Chennai,02:00,06:26,0,Economy,5.08,2,10267
Air India,Chennai,Bangalore,01:00,05:04,2,Economy,3.87,42,8682
Indigo,Delhi,Mumbai,09:00,11:53,0,Economy,10.29,48,5594
GO FIRST,Hyderabad,Bangalore,12:00,16:32,1,Economy,11.61,24,7845
Indigo,Mumbai,Chennai,07:00,12:05,1,Economy,7.69,13,10613
Indigo,Bangalore,Mumbai,14:00,20:41,0,Business,5.47,26,18467
SpiceJet,Chennai,Kolkata,00:00,06:48,0,Economy,7.14,10,9454
Air India,Bangalore,Kolkata,22:00,01:27,2,Economy,5.29,2,12080
SpiceJet,Bangalore,Kolkata,14:00,16:22,0,Economy,4.64,9,7234
AirAsia,Bangalore,Delhi,07:00,13:50,0,Business,6.58,46,19295
AirAsia,Chennai,Delhi,09:00,13:25,0,Economy,4.69,14,6318
Air India,Bangalore,Delhi,05:00,09:59,0,Economy,2.78,10,8211
AirAsia,Kolkata,Hyderabad,06:00,08:25,2,Business,11.6,22,27325
AirAsia,Chennai,Mumbai,08:00,13:34,2,Economy,6.88,6,9813
Vistara,Bangalore,Mumbai,22:00,04:43,0,Economy,10.75,42,7071
AirAsia,Chennai,Kolkata,08:00,10:38,2,Economy,10.27,8,10839
Air India,Bangalore,Hyderabad,20:00,02:29,1,Business,2.15,21,23113
Vistara,Mumbai,Hyderabad,15:00,20:49,1,Economy,3.4,2,11183
GO FIRST,Hyderabad,Mumbai,08:00,13:12,1,Economy,4.5,31,8054
Vistara,Bangalore,Hyderabad,12:00,16:48,1,Economy,10.92,7,11946
Indigo,Delhi,Hyderabad,01:00,03:30,1,Economy,9.46,48,6350
Air India,Delhi,Kolkata,11:00,15:50,1,Business,6.71,17,21235
Indigo,Kolkata,Bangalore,03:00,09:47,0,Economy,2.56,48,3423
AirAsia,Delhi,Bangalore,13:00,16:03,1,Economy,11.24,11,10717
AirAsia,Mumbai,Delhi,01:00,05:48,2,Economy,8.48,6,12351
Indigo,Kolkata,Hyderabad,00:00,04:01,1,Economy,5.39,43,5266
GO FIRST,Delhi,Kolkata,03:00,07:54,1,Business,3.73,6,25867
Vistara,Kolkata,Hyderabad,22:00,00:20,2,Economy,14.55,42,11533
Air India,Kolkata,Chennai,08:00,10:54,0,Economy,2.24,39,4140
Air India,Hyderabad,Chennai,09:00,11:23,2,Economy,13.23,12,14581
GO FIRST,Delhi,Chennai,15:00,18:15,1,Economy,13.87,37,8877
GO FIRST,Chennai,Bangalore,11:00,14:37,1,Economy,2.03,20,7218
Vistara,Delhi,Bangalore,05:00,10:03,1,Economy,4.5,7,11567
SpiceJet,Hyderabad,Chennai,20:00,23:42,1,Business,13.86,6,21035
GO FIRST,Delhi,Hyderabad,15:00,19:05,2,Economy,4.22,9,9400
Vistara,Mumbai,Kolkata,22:00,04:48,0,Economy,3.4,17,6442
Air India,Kolkata,Bangalore,15:00,21:55,2,Economy,13.47,48,8206
Indigo,Mumbai,Bangalore,09:00,13:44,1,Economy,5.07,1,9837
SpiceJet,Kolkata,Hyderabad,03:00,05:59,0,Economy,2.56,19,5468
SpiceJet,Mumbai,Kolkata,17:00,19:17,1,Economy,11.33,32,9926
GO FIRST,Hyderabad,Mumbai,08:00,12:37,1,Economy,14.47,10,11482
SpiceJet,Bangalore,Mumbai,20:00,01:26,1,Economy,4.74,37,6906
Vistara,Mumbai,Chennai,10:00,12:57,2,Economy,5.18,28,7527
SpiceJet,Kolkata,Chennai,08:00,11:10,1,Economy,2.88,45,4512
Indigo,Mumbai,Delhi,06:00,10:27,0,Economy,3.11,34,5536
GO FIRST,Mumbai,Chennai,09:00,11:59,1,Economy,4.87,32,8436
Indigo,Chennai,Kolkata,19:00,21:22,2,Economy,8.94,40,7960
Vistara,Hyderabad,Chennai,17:00,23:11,1,Economy,8.86,2,9586
SpiceJet,Bangalore,Delhi,18:00,21:23,0,Economy,4.5,17,5765
Indigo,Hyderabad,Chennai,11:00,13:20,0,Economy,9.23,7,10648
AirAsia,Hyderabad,Kolkata,18:00,23:49,1,Economy,8.64,5,9762
Vistara,Kolkata,Mumbai,11:00,13:56,2,Economy,10.9,34,10580
Air India,Mumbai,Kolkata,13:00,17:26,1,Economy,11.14,40,6389
Air India,Hyderabad,Delhi,23:00,04:29,0,Economy,13.3,43,6048
Vistara,Kolkata,Mumbai,08:00,10:56,1,Economy,3.7,35,7306
Air India,Delhi,Hyderabad,18:00,00:54,2,Business,5.29,34,21926
Air India,Chennai,Hyderabad,08:00,14:55,1,Business,2.63,8,17553
Air India,Mumbai,Chennai,04:00,06:03,2,Business,3.2,41,19279
Indigo,Hyderabad,Kolkata,14:00,20:26,2,Business,2.12,9,25794
Indigo,Mumbai,Kolkata,05:00,09:49,1,Economy,6.76,9,10555
GO FIRST,Chennai,Kolkata,21:00,00:16,1,Economy,9.61,3,10404
SpiceJet,Delhi,Kolkata,20:00,23:09,2,Economy,5.28,7,10350
GO FIRST,Mumbai,Hyderabad,06:00,09:41,0,Economy,12.65,32,6487
SpiceJet,Delhi,Hyderabad,00:00,04:55,0,Business,10.07,4,21385
SpiceJet,Hyderabad,Chennai,21:00,03:41,0,Economy,13.57,39,5710
Air India,Hyderabad,Mumbai,17:00,21:17,2,Economy,9.57,44,8024
SpiceJet,Kolkata,Chennai,23:00,01:52,0,Economy,3.09,23,5548
Indigo,Bangalore,Mumbai,08:00,11:35,1,Economy,14.96,4,12501
Vistara,Mumbai,Hyderabad,17:00,23:05,1,Economy,4.62,6,8711
AirAsia,Hyderabad,Chennai,12:00,15:20,2,Economy,9.37,48,8380
Air India,Chennai,Mumbai,15:00,20:06,0,Economy,5.74,36,5266
GO FIRST,Kolkata,Delhi,10:00,14:41,2,Economy,6.02,14,9497
Vistara,Mumbai,Kolkata,10:00,14:35,2,Economy,4.77,19,9843
Air India,Kolkata,Bangalore,09:00,12:19,1,Economy,10.03,34,9377
Air India,Hyderabad,Bangalore,04:00,06:44,2,Economy,10.55,29,10612
GO FIRST,Kolkata,Mumbai,15:00,17:25,0,Business,8.15,40,16738
GO FIRST,Mumbai,Delhi,09:00,14:39,2,Business,12.89,37,25125
GO FIRST,Bangalore,Delhi,05:00,08:01,2,Economy,3.22,16,11016
Vistara,Bangalore,Mumbai,08:00,12:10,0,Business,10.67,20,16725
Air India,Chennai,Kolkata,02:00,04:18,2,Economy,5.96,26,8687
Vistara,Mumbai,Bangalore,10:00,13:51,0,Economy,8.46,9,9739
GO FIRST,Mumbai,Kolkata,19:00,23:37,0,Economy,7.28,26,8099
AirAsia,Kolkata,Bangalore,11:00,15:09,0,Economy,4.54,33,6167
GO FIRST,Mumbai,Chennai,07:00,13:46,0,Economy,10.6,7,7958
GO FIRST,Mumbai,Kolkata,09:00,12:48,2,Economy,11.24,41,10260
GO FIRST,Delhi,Kolkata,17:00,20:47,0,Economy,10.71,44,5663
SpiceJet,Kolkata,Mumbai,12:00,17:41,0,Economy,5.92,38,4463
GO FIRST,Hyderabad,Chennai,19:00,01:12,2,Business,3.62,41,16729
AirAsia,Chennai,Delhi,07:00,09:35,2,Business,14.52,39,20133
Vistara,Kolkata,Mumbai,06:00,11:56,2,Economy,12.44,11,11285
Air India,Kolkata,Chennai,22:00,03:45,1,Economy,12.94,6,12871
SpiceJet,Hyderabad,Delhi,22:00,03:44,0,Business,3.82,19,17321
Indigo,Chennai,Bangalore,00:00,03:53,1,Economy,6.43,5,10047
GO FIRST,Kolkata,Delhi,02:00,07:04,0,Economy,11.65,9,9002
SpiceJet,Mumbai,Hyderabad,13:00,15:46,2,Economy,12.22,11,10203
SpiceJet,Delhi,Mumbai,06:00,09:39,2,Economy,12.88,7,13976
Air India,Mumbai,Hyderabad,18:00,22:19,1,Economy,11.8,34,8570
SpiceJet,Chennai,Bangalore,07:00,12:47,0,Economy,6.02,12,6557
GO FIRST,Chennai,Delhi,05:00,10:31,2,Economy,5.72,9,11819
Vistara,Bangalore,Mumbai,01:00,05:56,1,Economy,5.65,21,8987
Indigo,Kolkata,Bangalore,02:00,08:24,1,Business,12.83,28,17510
Vistara,Mumbai,Delhi,12:00,16:22,2,Economy,12.65,44,7799
Vistara,Bangalore,Hyderabad,06:00,08:50,1,Economy,6.09,14,8021
Air India,Kolkata,Hyderabad,10:00,16:48,1,Business,9.05,21,23087
Air India,Chennai,Hyderabad,23:00,05:50,2,Economy,10.9,6,10201
SpiceJet,Chennai,Mumbai,22:00,00:43,1,Economy,4.1,28,8197
Air India,Delhi,Mumbai,00:00,04:32,1,Economy,11.23,5,12576
GO FIRST,Chennai,Hyderabad,00:00,02:03,0,Economy,11.55,26,8614
GO FIRST,Bangalore,Mumbai,23:00,04:17,1,Business,5.02,33,20766
Air India,Hyderabad,Chennai,06:00,10:58,1,Economy,10.52,22,7558
SpiceJet,Kolkata,Chennai,17:00,20:48,2,Economy,3.57,22,8973
AirAsia,Delhi,Kolkata,17:00,19:38,1,Economy,10.8,1,9971
Indigo,Mumbai,Hyderabad,23:00,04:46,1,Economy,11.75,11,9921
Vistara,Hyderabad,Delhi,09:00,14:48,2,Economy,3.66,37,7127
GO FIRST,Chennai,Bangalore,18:00,00:55,1,Economy,10.83,4,10271
Vistara,Delhi,Mumbai,14:00,16:09,2,Business,12.77,40,19634
Air India,Delhi,Bangalore,02:00,08:01,2,Economy,5.53,21,8880
GO FIRST,Bangalore,Delhi,07:00,13:46,0,Economy,6.03,32,5686
Air India,Kolkata,Delhi,11:00,17:50,0,Economy,10.05,9,7655
SpiceJet,Kolkata,Chennai,09:00,12:57,1,Economy,11.01,49,6266
Vistara,Kolkata,Mumbai,05:00,07:54,2,Economy,13.01,17,12749
GO FIRST,Mumbai,Delhi,17:00,21:50,1,Economy,14.55,40,8376
SpiceJet,Kolkata,Delhi,19:00,23:57,1,Economy,13.03,49,5899
Air India,Kolkata,Mumbai,10:00,12:42,1,Economy,2.08,25,6943
Vistara,Delhi,Mumbai,17:00,20:32,2,Business,5.12,48,20660
AirAsia,Hyderabad,Chennai,23:00,03:39,2,Economy,7.03,20,8701
Vistara,Hyderabad,Mumbai,20:00,23:56,2,Economy,5.54,25,11219
SpiceJet,Kolkata,Hyderabad,04:00,09:26,2,Economy,13.14,38,11356
GO FIRST,Kolkata,Delhi,04:00,09:34,2,Economy,9.57,17,12334
Air India,Chennai,Mumbai,08:00,11:26,1,Economy,12.27,42,6920
GO FIRST,Bangalore,Chennai,01:00,03:16,2,Economy,2.28,23,10975
Indigo,Mumbai,Delhi,09:00,13:55,0,Economy,8.87,16,7569
Air India,Kolkata,Delhi,06:00,11:50,2,Business,6.43,8,25512
Air India,Mumbai,Hyderabad,11:00,13:22,0,Economy,4.23,32,4915
GO FIRST,Bangalore,Mumbai,20:00,22:12,2,Economy,4.46,28,9371
GO FIRST,Chennai,Hyderabad,16:00,21:19,2,Economy,3.74,32,7384
Air India,Hyderabad,Bangalore,19:00,21:12,1,Business,4.17,10,19320
SpiceJet,Hyderabad,Bangalore,09:00,15:45,2,Economy,7.42,41,9846
Air India,Hyderabad,Chennai,22:00,04:52,0,Economy,3.91,25,6439
AirAsia,Hyderabad,Chennai,05:00,07:35,2,Economy,7.53,15,10230
GO FIRST,Kolkata,Hyderabad,22:00,02:58,0,Economy,11.5,46,4640
AirAsia,Delhi,Kolkata,06:00,12:54,0,Business,8.09,43,17309
Vistara,Kolkata,Mumbai,23:00,03:34,2,Business,2.06,23,22218
SpiceJet,Mumbai,Hyderabad,23:00,05:58,0,Economy,13.47,12,8088
AirAsia,Mumbai,Bangalore,11:00,15:18,1,Economy,14.39,34,7396
AirAsia,Delhi,Kolkata,07:00,10:25,0,Economy,5.01,24,5333
Vistara,Hyderabad,Chennai,16:00,18:04,2,Economy,14.49,15,11021
AirAsia,Delhi,Hyderabad,08:00,12:32,2,Business,10.62,16,27465
Indigo,Bangalore,Mumbai,17:00,21:53,0,Economy,12.3,1,9190
Indigo,Hyderabad,Delhi,13:00,18:07,1,Economy,6.96,49,6330
Indigo,Bangalore,Hyderabad,17:00,21:25,2,Economy,3.41,26,9352
Indigo,Hyderabad,Kolkata,22:00,01:32,2,Economy,11.24,40,7794
AirAsia,Bangalore,Delhi,05:00,10:25,2,Economy,7.18,15,12198
GO FIRST,Delhi,Bangalore,13:00,16:31,2,Economy,8.25,33,8321
AirAsia,Delhi,Kolkata,23:00,03:01,0,Economy,2.73,3,9689
Vistara,Kolkata,Mumbai,05:00,11:12,1,Economy,13.0,22,8191
GO FIRST,Kolkata,Mumbai,18:00,21:58,1,Business,9.81,8,24100
GO FIRST,Delhi,Chennai,11:00,13:58,2,Economy,4.51,34,7516
AirAsia,Chennai,Mumbai,14:00,20:06,0,Economy,4.08,7,8946
Indigo,Chennai,Hyderabad,23:00,03:10,0,Economy,5.44,38,5341
Air India,Chennai,Hyderabad,07:00,11:50,2,Economy,9.34,38,7460
SpiceJet,Bangalore,Delhi,01:00,05:11,0,Economy,3.56,13,7204
Indigo,Chennai,Kolkata,20:00,23:03,2,Economy,5.75,6,9312
Vistara,Kolkata,Delhi,09:00,14:14,0,Economy,13.45,17,8482
Indigo,Kolkata,Mumbai,08:00,12:55,1,Economy,12.72,17,9792
Air India,Mumbai,Bangalore,09:00,14:55,2,Business,13.86,1,30375
Air India,Kolkata,Delhi,09:00,13:34,2,Economy,6.17,25,10778
AirAsia,Kolkata,Bangalore,02:00,05:07,1,Business,2.35,29,16315
Vistara,Hyderabad,Delhi,15:00,20:01,0,Economy,2.28,29,5146
Indigo,Mumbai,Bangalore,12:00,18:19,0,Business,13.21,29,20911
GO FIRST,Mumbai,Hyderabad,09:00,11:51,0,Economy,7.0,10,8844
Air India,Hyderabad,Delhi,09:00,14:38,0,Economy,13.98,15,8332
AirAsia,Delhi,Kolkata,03:00,05:29,2,Economy,5.04,3,13109
SpiceJet,Delhi,Bangalore,07:00,13:19,2,Economy,10.74,30,8461
GO FIRST,Chennai,Mumbai,22:00,03:19,1,Business,12.32,2,23524
GO FIRST,Hyderabad,Mumbai,17:00,22:28,2,Economy,2.54,30,6878
Air India,Hyderabad,Bangalore,04:00,10:42,0,Economy,7.8,39,6001
Air India,Kolkata,Hyderabad,00:00,06:19,0,Business,6.85,41,16282
AirAsia,Kolkata,Bangalore,06:00,11:08,0,Economy,13.45,25,9654
SpiceJet,Bangalore,Chennai,17:00,20:39,0,Business,13.45,30,18780
GO FIRST,Chennai,Delhi,12:00,17:16,2,Economy,5.67,27,8265
Vistara,Chennai,Hyderabad,19:00,00:28,0,Economy,6.06,11,9619
Vistara,Chennai,Delhi,00:00,04:56,2,Economy,6.63,33,10545
AirAsia,Mumbai,Chennai,17:00,23:19,2,Business,4.89,33,24553
SpiceJet,Hyderabad,Kolkata,03:00,05:30,1,Business,8.12,22,17149
GO FIRST,Chennai,Kolkata,19:00,21:17,0,Economy,14.54,44,7072
SpiceJet,Chennai,Bangalore,15:00,20:57,1,Economy,4.91,5,10711
AirAsia,Bangalore,Delhi,21:00,01:03,0,Economy,5.39,39,5622
Air India,Chennai,Hyderabad,11:00,15:16,2,Business,7.04,36,18871
SpiceJet,Kolkata,Delhi,04:00,08:47,2,Economy,6.82,17,11107
Indigo,Delhi,Bangalore,22:00,02:35,0,Business,12.9,25,22063
AirAsia,Hyderabad,Delhi,07:00,09:14,1,Economy,9.93,16,10327
GO FIRST,Bangalore,Delhi,10:00,13:58,1,Economy,13.28,14,8765
Vistara,Delhi,Chennai,07:00,13:49,1,Economy,12.0,5,10463
AirAsia,Bangalore,Mumbai,08:00,10:16,1,Economy,4.45,12,10162
Air India,Chennai,Mumbai,03:00,06:57,0,Economy,2.08,33,5758
Vistara,Chennai,Hyderabad,03:00,08:19,2,Economy,4.94,17,10813
SpiceJet,Delhi,Bangalore,07:00,12:21,0,Business,13.18,20,18922
Air India,Kolkata,Bangalore,08:00,11:49,1,Economy,7.19,24,7898
Vistara,Bangalore,Mumbai,19:00,22:19,1,Economy,10.6,13,11025
SpiceJet,Hyderabad,Kolkata,20:00,01:11,1,Economy,12.27,32,7500
GO FIRST,Mumbai,Hyderabad,08:00,13:14,0,Business,14.1,5,20274
SpiceJet,Hyderabad,Delhi,22:00,01:55,0,Economy,14.2,13,8559
SpiceJet,Mumbai,Hyderabad,06:00,11:36,2,Economy,2.62,10,9649
SpiceJet,Kolkata,Mumbai,21:00,00:32,2,Business,11.23,3,29221
Indigo,Bangalore,Kolkata,09:00,13:37,2,Business,3.56,41,20484
Vistara,Chennai,Delhi,23:00,04:45,2,Business,11.52,25,21786
Indigo,Mumbai,Bangalore,11:00,13:45,1,Economy,14.75,28,11196
AirAsia,Kolkata,Mumbai,04:00,10:29,2,Business,8.29,29,23368
Vistara,Delhi,Bangalore,10:00,13:52,1,Economy,6.07,20,7837
AirAsia,Delhi,Kolkata,00:00,03:56,0,Business,4.19,15,21366
SpiceJet,Delhi,Mumbai,11:00,14:11,2,Economy,11.07,31,9392
Air India,Delhi,Chennai,18:00,21:03,0,Business,9.25,15,20177
GO FIRST,Bangalore,Mumbai,08:00,14:39,2,Economy,3.18,39,7479
GO FIRST,Bangalore,Kolkata,09:00,15:20,2,Economy,8.46,1,11841
Air India,Kolkata,Chennai,14:00,17:33,0,Business,3.76,13,15850
Indigo,Mumbai,Delhi,11:00,15:51,0,Economy,8.5,31,6858
Air India,Delhi,Bangalore,21:00,01:55,2,Business,12.25,21,26785
GO FIRST,Bangalore,Chennai,10:00,16:29,0,Economy,2.36,8,6257
GO FIRST,Delhi,Hyderabad,23:00,05:42,2,Economy,5.94,2,13847
Air India,Chennai,Bangalore,07:00,09:26,0,Economy,6.58,35,5449
Vistara,Kolkata,Chennai,21:00,03:58,2,Business,7.61,31,18068
Air India,Delhi,Mumbai,09:00,13:14,1,Economy,5.02,32,8643
Vistara,Kolkata,Mumbai,20:00,02:49,0,Economy,10.12,15,7947
GO FIRST,Kolkata,Bangalore,16:00,21:48,1,Economy,10.19,6,10152
SpiceJet,Chennai,Mumbai,03:00,07:34,1,Economy,6.38,21,9911
GO FIRST,Chennai,Hyderabad,09:00,15:13,0,Economy,14.09,17,10311
Indigo,Hyderabad,Delhi,20:00,00:08,0,Economy,11.37,29,7435
Vistara,Hyderabad,Kolkata,16:00,20:35,2,Business,11.1,38,22939
AirAsia,Hyderabad,Bangalore,13:00,17:13,2,Economy,14.63,31,12524
AirAsia,Bangalore,Kolkata,01:00,04:43,0,Economy,13.1,6,9390
Vistara,Mumbai,Kolkata,17:00,23:14,2,Business,7.2,49,16755
Air India,Hyderabad,Chennai,02:00,06:02,0,Economy,4.15,37,5054
Vistara,Chennai,Mumbai,18:00,22:41,2,Economy,3.6,34,8984
Air India,Mumbai,Kolkata,05:00,08:42,0,Economy,14.64,17,10926
SpiceJet,Chennai,Kolkata,07:00,10:06,2,Economy,5.2,15,12356
SpiceJet,Bangalore,Chennai,09:00,12:43,1,Business,2.04,46,15843
Air India,Hyderabad,Mumbai,06:00,11:47,2,Economy,13.99,10,10821
Indigo,Chennai,Mumbai,13:00,16:38,2,Business,3.7,36,16997
Vistara,Bangalore,Kolkata,05:00,09:04,2,Business,6.79,45,22788
SpiceJet,Kolkata,Mumbai,18:00,22:44,1,Economy,7.23,21,8191
Air India,Chennai,Mumbai,19:00,23:17,1,Economy,7.59,41,7745
Vistara,Delhi,Chennai,17:00,20:58,1,Economy,13.47,25,10949
AirAsia,Hyderabad,Delhi,08:00,11:37,2,Economy,14.28,37,11436
Air India,Hyderabad,Chennai,11:00,13:13,2,Business,4.67,34,17553
Indigo,Bangalore,Mumbai,03:00,08:20,1,Economy,8.74,16,9731
Vistara,Mumbai,Delhi,16:00,19:10,2,Economy,13.45,10,14560
Vistara,Bangalore,Chennai,17:00,22:46,0,Economy,6.54,32,7181
Indigo,Hyderabad,Bangalore,04:00,09:57,1,Business,14.63,24,19040
SpiceJet,Delhi,Mumbai,01:00,06:25,0,Business,6.53,48,18989
SpiceJet,Kolkata,Hyderabad,02:00,07:26,2,Economy,5.91,28,10341
Air India,Bangalore,Kolkata,04:00,10:45,2,Economy,11.64,21,11581
Indigo,Delhi,Hyderabad,00:00,03:19,2,Economy,4.88,10,9780
Vistara,Delhi,Kolkata,20:00,23:23,0,Economy,3.39,19,6013
Air India,Mumbai,Kolkata,12:00,15:46,1,Economy,13.94,6,11253
Vistara,Bangalore,Mumbai,23:00,02:09,2,Economy,12.63,19,11863
Indigo,Hyderabad,Kolkata,20:00,00:34,0,Business,5.77,44,14895
SpiceJet,Mumbai,Delhi,05:00,08:45,0,Business,12.77,6,21267
GO FIRST,Mumbai,Kolkata,03:00,05:43,2,Economy,14.84,3,11974
GO FIRST,Delhi,Hyderabad,15:00,20:36,0,Economy,2.19,15,7349
Air India,Mumbai,Delhi,03:00,08:38,2,Economy,7.93,12,13628
Indigo,Hyderabad,Kolkata,10:00,12:26,2,Economy,12.82,29,9854
SpiceJet,Hyderabad,Kolkata,22:00,03:31,1,Economy,2.79,29,7297
Indigo,Delhi,Bangalore,01:00,03:46,0,Economy,5.85,21,8217
GO FIRST,Hyderabad,Delhi,01:00,05:23,2,Economy,12.56,3,12930
AirAsia,Kolkata,Mumbai,19:00,23:01,2,Business,2.3,24,20998
GO FIRST,Chennai,Mumbai,23:00,03:54,2,Business,8.85,43,19275
GO FIRST,Kolkata,Mumbai,17:00,20:18,0,Economy,7.7,14,8664
Indigo,Chennai,Kolkata,14:00,18:30,2,Economy,13.65,23,13425
Air India,Chennai,Mumbai,09:00,11:31,2,Business,9.22,28,23832
GO FIRST,Mumbai,Chennai,07:00,12:58,2,Economy,4.06,47,7260
SpiceJet,Kolkata,Mumbai,07:00,10:35,1,Economy,8.51,9,11530
Vistara,Delhi,Kolkata,10:00,16:47,1,Economy,7.42,37,6768
AirAsia,Chennai,Kolkata,08:00,14:09,0,Economy,8.18,45,5420
GO FIRST,Hyderabad,Chennai,19:00,00:10,1,Economy,2.78,1,8832
AirAsia,Chennai,Bangalore,23:00,05:44,2,Economy,11.53,48,8413
Indigo,Mumbai,Bangalore,19:00,21:34,0,Economy,7.27,34,5619
Air India,Delhi,Bangalore,18:00,23:23,0,Business,14.97,24,20119
SpiceJet,Hyderabad,Kolkata,11:00,16:22,0,Economy,14.35,1,12124
Air India,Mumbai,Bangalore,19:00,22:34,2,Economy,8.32,49,9219
AirAsia,Bangalore,Hyderabad,21:00,00:30,0,Economy,11.87,6,8553
Air India,Hyderabad,Bangalore,01:00,07:30,1,Economy,11.2,46,7038
GO FIRST,Chennai,Bangalore,16:00,22:20,1,Economy,9.92,14,9765
SpiceJet,Chennai,Kolkata,10:00,16:56,0,Business,9.89,49,19456
Vistara,Chennai,Kolkata,07:00,13:04,2,Economy,6.09,22,11480
GO FIRST,Hyderabad,Chennai,20:00,01:55,1,Economy,14.42,14,11631
Air India,Kolkata,Mumbai,13:00,17:53,2,Economy,10.46,34,9165
Vistara,Bangalore,Delhi,22:00,03:47,1,Economy,7.43,15,9525
Air India,Kolkata,Mumbai,18:00,00:44,2,Economy,4.22,5,12651
AirAsia,Mumbai,Delhi,06:00,08:14,0,Economy,5.76,11,8104
GO FIRST,Mumbai,Kolkata,07:00,12:30,2,Economy,10.56,24,11710
GO FIRST,Kolkata,Chennai,17:00,21:42,0,Economy,10.17,1,11712
AirAsia,Kolkata,Mumbai,15:00,17:29,0,Economy,8.26,37,6869
GO FIRST,Mumbai,Bangalore,07:00,10:22,0,Economy,6.27,21,7409
Vistara,Bangalore,Kolkata,23:00,05:16,1,Economy,13.95,27,7827
